name,translatedname
general,普通
sensitive,敏感
questionable,擦边
explicit,露骨
1girl,1个女孩
solo,单人
long_hair,长发
breasts,胸部
looking_at_viewer,看向观众
blush,脸红
smile,微笑
open_mouth,张嘴
short_hair,短发
blue_eyes,蓝眼
simple_background,简单背景
shirt,衬衫
large_breasts,巨乳
skirt,裙子
blonde_hair,金毛
multiple_girls,多个女孩
brown_hair,棕毛
black_hair,黑毛
long_sleeves,长袖
hair_ornament,发饰
white_background,白色背景
1boy,1个男孩
gloves,手套
red_eyes,红眼
dress,连衣裙
thighhighs,过膝袜
hat,帽子
holding,手持
bow,蝴蝶结
navel,肚脐
animal_ears,兽耳
ribbon,缎带
hair_between_eyes,眼间发
closed_mouth,闭嘴
2girls,2个女孩
cleavage,乳沟
jewelry,首饰
bare_shoulders,露肩
very_long_hair,超长发
sitting,坐着
twintails,双马尾
medium_breasts,中等胸部
brown_eyes,棕眼
standing,站立
nipples,乳头
green_eyes,绿眼
underwear,内衣
blue_hair,蓝毛
jacket,夹克
school_uniform,校服
purple_eyes,紫眼
collarbone,锁骨
tail,尾巴
white_shirt,白色衬衫
full_body,全身
upper_body,上半身
panties,内裤
closed_eyes,闭眼
yellow_eyes,黄眼
swimsuit,泳装
white_hair,白毛
pink_hair,粉毛
monochrome,单色
grey_hair,灰毛
ahoge,呆毛
braid,辫子
hair_ribbon,发带
purple_hair,紫毛
male_focus,男性焦点
ponytail,马尾
ass,屁股
flower,花
weapon,武器
multicolored_hair,多色发
short_sleeves,短袖
sidelocks,鬓发
comic,漫画
hetero,异性向
heart,爱心
thighs,大腿
:d,大笑表情
hair_bow,发饰蝴蝶结
pantyhose,连裤袜
outdoors,户外
cowboy_shot,牛仔构图
earrings,耳环
greyscale,灰阶
bikini,比基尼
sweat,汗
red_hair,红毛
nude,裸体
pleated_skirt,百褶裙
small_breasts,贫乳
frills,荷叶边
hairband,发箍
parted_lips,微张嘴唇
censored,打码
boots,靴子
open_clothes,敞开的衣服
lying,躺着
horns,角
teeth,牙齿
multiple_boys,多个男孩
wings,翅膀
food,食物
necktie,领带
one_eye_closed,单眼闭合
detached_sleeves,分离袖
sky,天空
penis,阴茎
shorts,短裤
green_hair,绿毛
japanese_clothes,日式服装
shoes,鞋子
sleeveless,无袖
black_gloves,黑色手套
alternate_costume,替换服装
collared_shirt,有领衬衫
choker,颈圈
barefoot,赤足
pussy,阴部
socks,袜
glasses,眼镜
tongue,舌头
pointy_ears,尖耳朵
solo_focus,单人焦点
pants,裤
day,白天
virtual_youtuber,虚拟主播
serafuku,水手服
indoors,室内
puffy_sleeves,泡泡袖
artist_name,作者名
hairclip,发夹
medium_hair,中长发
belt,腰带
fang,虎牙
black_thighhighs,黑色过膝袜
hand_up,举手
elbow_gloves,肘部长手套
midriff,腹部
looking_back,回头看
cloud,云
white_gloves,白色手套
signature,签名
bowtie,领结
hood,兜帽
sword,剑
black_skirt,黑色裙
dark_skin,深色皮肤
2boys,2个男孩
cat_ears,猫耳
blunt_bangs,齐刘海
hair_flower,发花
official_alternate_costume,官方替换服装
tongue_out,吐舌头
sex,性行为
spread_legs,张开双腿
pink_eyes,粉色眼
sailor_collar,水手领
wide_sleeves,宽袖
miniskirt,迷你裙
stomach,腹部
fingerless_gloves,露指手套
cum,精液
on_back,仰卧
tears,眼泪
black_footwear,黑鞋
grey_background,灰色背景
3girls,3个女孩
armpits,腋下
twitter_username,推特用户名
kimono,和服
white_dress,白色连衣裙
holding_weapon,手持武器
off_shoulder,露肩
necklace,项链
striped_clothes,条纹服装
hair_bun,发髻
nail_polish,指甲油
from_behind,背后视角
star_(symbol),星形符号
mole,痣
looking_at_another,看向别人
water,水
hair_over_one_eye,头发遮住一只眼
bag,包
rabbit_ears,兔耳
chibi,Q版
orange_hair,橙色发
blurry,模糊
grin,咧嘴笑
sweatdrop,汗滴
clothes_lift,掀起衣服
black_dress,黑色连衣裙
scarf,围巾
cape,披风
white_thighhighs,白丝
black_eyes,黑色眼
two-tone_hair,双色发
english_text,英文文字
speech_bubble,对话气泡
streaked_hair,挑染发
bra,胸罩
yuri,百合
armor,盔甲
huge_breasts,巨大胸部
vest,背心
open_jacket,张开夹克
halo,光环
from_side,侧面视角
apron,围裙
mosaic_censoring,马赛克遮挡
feet,足
red_bow,红色蝴蝶结
arm_up,举起手臂
white_panties,白色内裤
leotard,连体衣
character_name,角色名
coat,外套
black_jacket,黑色夹克
vaginal,阴道性交
high_heels,高跟鞋
:o,惊讶表情
collar,衣领
arms_up,双臂举起
sweater,毛衣
bracelet,手镯
blue_sky,蓝色天空
flat_chest,平胸
twin_braids,双辫
dated,带日期
uniform,制服
side_ponytail,侧马尾
animal_ear_fluff,兽耳绒毛
red_ribbon,红色缎带
crop_top,短上衣
cup,杯子
aqua_eyes,水色眼
dark-skinned_female,黑皮女性
black_shirt,黑色衬衫
covered_nipples,遮住乳头
puffy_short_sleeves,短泡泡袖
parted_bangs,分开的刘海
completely_nude,全裸
blue_skirt,蓝色裙
two_side_up,双侧扎发
fingernails,手指甲
black_pantyhose,黑丝
tree,树
hands_up,双手举起
looking_to_the_side,看向侧边
v-shaped_eyebrows,V形眉
grey_eyes,灰眼
orange_eyes,橙色眼
legs,腿
neckerchief,领巾
sleeves_past_wrists,袖过腕
sketch,草图
cat_tail,猫尾
groin,腹股沟
symbol-shaped_pupils,符号瞳
eyelashes,睫毛
wet,湿
fur_trim,毛边装饰
see-through,透视装
lips,嘴唇
wrist_cuffs,腕饰袖口
hand_on_own_hip,手放自己腰上
loli,萝莉
pillow,枕头
head_tilt,歪头
gun,枪
maid,女仆
strapless,无肩带
zettai_ryouiki,绝对领域
clothing_cutout,服装镂空
black_headwear,黑色头饰
plaid,格子
bar_censor,黑条遮挡
torn_clothes,破损衣服
mole_under_eye,眼下痣
fox_ears,狐耳
toes,足趾
multiple_views,多视图
one-piece_swimsuit,连体泳装
book,书
sash,腰带饰布
maid_headdress,女仆头饰
sleeveless_shirt,无袖衬衫
short_shorts,短短裤
bare_arms,裸手臂
sleeveless_dress,无袖连衣裙
feet_out_of_frame,脚在画面外
pubic_hair,阴毛
gradient_background,渐变背景
ascot,领巾
shiny_skin,有光泽的皮肤
v,胜利手势
pokemon_(creature),宝可梦生物
black_panties,黑色内裤
cosplay,角色扮演
sparkle,闪光
no_humans,无人类
fake_animal_ears,假兽耳
muscular,肌肉发达
petals,花瓣
kneehighs,及膝袜
bare_legs,裸腿
window,窗户
uncensored,无码
thigh_strap,大腿绑带
black_bow,黑色蝴蝶结
single_braid,单辫
covered_navel,遮住肚脐
hoodie,连帽衫
neck_ribbon,颈部缎带
black_ribbon,黑色缎带
detached_collar,分离式衣领
gradient_hair,渐变发
upper_teeth_only,仅露上牙
tattoo,纹身
dutch_angle,倾斜构图
black_choker,黑色颈圈
dress_shirt,连衣裙衬衫
buttons,纽扣
double_bun,双发髻
blurry_background,模糊背景
open_shirt,张开衬衫
profile,侧脸
sideboob,侧乳
kneeling,跪着
makeup,妆容
blood,血
bell,铃铛
military,军用
hug,拥抱
saliva,口水
floating_hair,飘起的头发
aqua_hair,水色发
mask,口罩
pov,第一人称视角
colored_skin,彩色皮肤
skindentation,皮肤压痕
swept_bangs,斜刘海
anus,肛门
capelet,披肩
bodysuit,紧身衣
leaning_forward,身体前倾
facial_hair,胡子
4girls,4个女孩
blue_dress,蓝色连衣裙
night,夜晚
shadow,阴影
black_pants,黑色裤
pussy_juice,爱液
bed,床
copyright_name,作品名
no_bra,无胸罩
black_bikini,黑色比基尼
:3,猫嘴表情
4koma,四格漫画
heterochromia,异色瞳
depth_of_field,景深
nose_blush,鼻尖泛红
white_headwear,白色头饰
red_skirt,红色裙
alternate_hairstyle,替换发型
blue_bow,蓝色蝴蝶结
turtleneck,高领
fruit,水果
fox_tail,狐尾
^_^,开心表情
blue_background,蓝色背景
border,边框
underboob,下乳
watermark,水印
witch_hat,女巫帽
cum_in_pussy,体内射精
siblings,兄弟姐妹
highleg,高叉
low_twintails,低双马尾
military_uniform,军装
expressionless,无表情
frown,皱眉
bird,鸟
no_panties,无内裤
on_bed,在床上
rose,玫瑰
one_side_up,单侧扎发
cameltoe,骆驼趾
headband,头带
glowing,发光
black_shorts,黑色短裤
scar,伤疤
horse_ears,马耳
bottomless,下身裸露
beret,贝雷帽
ocean,海洋
side-tie_bikini_bottom,侧系带比基尼下装
bed_sheet,床单
soles,足底
animal,兽
brown_footwear,棕色鞋
holding_hands,手持手
wavy_hair,波浪发
fangs,尖牙
halterneck,挂脖
thick_thighs,肉感大腿
leaf,叶子
chain,链条
playboy_bunny,兔女郎
headphones,耳机
piercing,穿孔
arm_support,手臂支撑
from_above,俯视
embarrassed,害羞
white_jacket,白色夹克
holding_sword,手持剑
white_socks,白丝
hair_intakes,进气口刘海
back,背
blush_stickers,脸红贴纸
chinese_clothes,中式服装
white_bikini,白色比基尼
ass_visible_through_thighs,大腿间可见臀部
erection,勃起
phone,手机
no_shoes,没穿鞋
facial_mark,脸部标记
chair,椅子
thick_eyebrows,粗眉
plaid_skirt,格子裙
abs,腹肌
umbrella,伞
looking_down,低头看
bandages,绷带
beach,海滩
thigh_boots,过膝靴
white_footwear,白鞋
horse_girl,马娘
half-closed_eyes,半闭眼
headgear,头部装备
sandals,凉鞋
on_side,侧卧
6+girls,6个以上女孩
female_pubic_hair,女性阴毛
muscular_male,肌肉男
floral_print,花纹印花
heart-shaped_pupils,爱心瞳
bob_cut,波波头
garter_straps,吊袜带
short_dress,短连衣裙
drill_hair,钻头发
wariza,鸭子坐
arms_behind_back,手臂后方背
sunglasses,太阳镜
obi,和服腰带
happy,开心
pectorals,胸肌
red_dress,红色连衣裙
testicles,睾丸
shirt_lift,掀起上衣
eating,进食
grabbing,抓
transparent_background,透明背景
traditional_media,传统媒介
pink_background,粉色背景
flying_sweatdrops,飞溅汗滴
mouth_hold,嘴里叼着
stuffed_toy,毛绒玩具
dark-skinned_male,黑皮男性
hood_down,兜帽放下
frilled_dress,荷叶边连衣裙
squatting,蹲着
clothes_pull,拉扯衣服
cleavage_cutout,胸口镂空
white_skirt,白色裙
table,桌子
blue_shirt,蓝色衬衫
crossed_arms,双臂交叉
parody,恶搞
light_brown_hair,浅色棕色发
thigh_gap,大腿间隙
wavy_mouth,波浪嘴
from_below,仰视
hair_tubes,发管
leg_up,抬腿
ring,戒指
oral,口交
holding_food,手持食物
bound,被束缚
wolf_ears,狼耳
blue_jacket,蓝色夹克
black_socks,黑袜
moon,月亮
black_hairband,黑色发箍
white_flower,白色花
eyepatch,眼罩
scrunchie,发圈
skirt_lift,掀裙
sunlight,阳光
standing_on_one_leg,单脚站立
white_bow,白色蝴蝶结
formal,正装
topless,上身裸露
cat,猫
demon_girl,恶魔娘
cat_girl,猫娘
trembling,颤抖
mob_cap,软帽
cardigan,开衫
backpack,背包
magical_girl,魔法少女
cellphone,手机
pantyshot,内裤走光
own_hands_together,双手合十
eyes_visible_through_hair,透过头发可见眼睛
crossed_legs,双腿交叉
frilled_skirt,荷叶边裙
grass,草地
demon_horns,恶魔角
crying,哭泣
sharp_teeth,尖牙
tank_top,背心
sleeping,睡觉
cover,封面
single_hair_bun,单发髻
cloudy_sky,多云天空
blazer,西装外套
suspenders,吊带
high_ponytail,高马尾
helmet,头盔
suit,西装
feathers,羽毛
3boys,3个男孩
cum_on_body,射在身上
bottle,瓶子
stuffed_animal,毛绒动物
x_hair_ornament,X形发饰
underwear_only,仅穿内衣
bdsm,BDSM
fox_girl,狐娘
plant,植物
black_background,黑色背景
blue_ribbon,蓝色缎带
frilled_sleeves,荷叶边袖
grabbing_another's_breast,抓别人胸部
portrait,肖像
antenna_hair,触角发
looking_up,抬头看
light_smile,浅笑
bara,筋肉男
school_swimsuit,学校泳装
straddling,跨坐
cross,十字架
hat_ribbon,帽缎带
fire,火
bug,虫
denim,牛仔布
crown,王冠
knee_boots,及膝靴
pink_bow,粉色蝴蝶结
;d,眨眼笑表情
red_necktie,红色领带
lifted_by_self,自己抬起
outstretched_arms,双臂伸出
fellatio,口交
tiara,头冠
katana,武士刀
couple,情侣
breasts_out,胸部外
aged_down,幼化
red_flower,红色花
on_stomach,趴着
crossover,联动
juliet_sleeves,朱丽叶袖
robot,机器人
curtains,窗帘
motion_lines,速度线
spiked_hair,刺猬头
sisters,姐妹
sex_from_behind,背后性爱
girl_on_top,女上位
polka_dot,波点
>_<,闭眼用力表情
black_nails,黑色指甲
knife,刀
bat_wings,蝙蝠翼
ear_piercing,耳洞
outstretched_arm,伸出手臂
?,问号
slit_pupils,竖瞳
wing_collar,翼领
bent_over,弯腰
pointing,指向
lingerie,情趣内衣
animal_print,动物纹
clenched_teeth,咬牙
bright_pupils,明亮瞳孔
red_shirt,红色衬衫
elf,精灵
5girls,5个女孩
undressing,脱衣
striped_thighhighs,条纹过膝袜
blue_sailor_collar,蓝色水手领
monster_girl,魔物娘
rabbit_tail,兔尾
sneakers,运动鞋
black_leotard,黑色连体衣
hand_on_own_chest,手放自己胸前
white_border,白色边框
t-shirt,T恤
tassel,流苏
holding_gun,手持枪
head_wings,头部翅膀
all_fours,四肢着地
gem,宝石
yaoi,耽美
red_footwear,红色鞋
white_apron,白色围裙
tan,晒黑
bondage,捆绑
red_bowtie,红色领结
furry,兽人
hair_bobbles,发球饰品
short_twintails,短双马尾
messy_hair,凌乱发
lipstick,口红
green_skirt,绿色裙
goggles,护目镜
shoulder_armor,肩甲
holding_cup,手持杯子
brooch,胸针
building,建筑
group_sex,多人性行为
polearm,长柄武器
black_bra,黑色胸罩
horse_tail,马尾
otoko_no_ko,伪娘
fishnets,渔网袜
staff,法杖
shaded_face,阴影遮脸
1other,1个其他角色
letterboxed,宽银幕黑边
loafers,乐福鞋
crescent,新月
towel,毛巾
straight_hair,直发
star_(sky),星空
cherry_blossoms,专有标签: cherry blossoms
single_thighhigh,专有标签: single thighhigh
kiss,亲吻
feathered_wings,羽翼
clenched_hand,专有标签: clenched hand
bandaid,专有标签: bandaid
pink_dress,粉色连衣裙
^^^,专有标签: ^^^
strapless_leotard,专有标签: strapless leotard
box,专有标签: box
hat_bow,帽蝴蝶结
wind,专有标签: wind
facing_viewer,专有标签: facing viewer
grey_shirt,灰色衬衫
black_necktie,专有标签: black necktie
multiple_tails,专有标签: multiple tails
drooling,流口水
no_pants,无裤
extra_ears,专有标签: extra ears
eyewear_on_head,专有标签: eyewear on head
demon_tail,恶魔尾
steam,专有标签: steam
bike_shorts,专有标签: bike shorts
yellow_background,专有标签: yellow background
dog_ears,狗耳
hooded_jacket,专有标签: hooded jacket
armband,专有标签: armband
instrument,专有标签: instrument
casual,专有标签: casual
butterfly,专有标签: butterfly
surprised,惊讶
night_sky,专有标签: night sky
panty_pull,专有标签: panty pull
foreshortening,专有标签: foreshortening
sex_toy,专有标签: sex toy
pale_skin,专有标签: pale skin
child,专有标签: child
breast_press,专有标签: breast press
revealing_clothes,专有标签: revealing clothes
anal,肛交
red_headwear,专有标签: red headwear
gauntlets,专有标签: gauntlets
white_ribbon,白色缎带
rope,绳子
sheath,专有标签: sheath
china_dress,专有标签: china dress
ribbon_trim,专有标签: ribbon trim
pink_panties,粉色内裤
adapted_costume,专有标签: adapted costume
knees_up,屈膝
multicolored_clothes,专有标签: multicolored clothes
cover_page,专有标签: cover page
candy,专有标签: candy
wristband,专有标签: wristband
between_breasts,之间胸部
red_background,专有标签: red background
couch,专有标签: couch
hakama,专有标签: hakama
blouse,专有标签: blouse
wet_clothes,专有标签: wet clothes
musical_note,专有标签: musical note
colored_inner_hair,专有标签: colored inner hair
hair_over_shoulder,发覆盖肩
ejaculation,专有标签: ejaculation
scenery,专有标签: scenery
skin_fang,专有标签: skin fang
puffy_long_sleeves,专有标签: puffy long sleeves
arms_behind_head,手臂后方头
veil,专有标签: veil
nature,专有标签: nature
breath,专有标签: breath
male_pubic_hair,专有标签: male pubic hair
red_jacket,红色夹克
genderswap,专有标签: genderswap
mole_under_mouth,专有标签: mole under mouth
red_nails,专有标签: red nails
lace_trim,专有标签: lace trim
covering_privates,专有标签: covering privates
side_braid,专有标签: side braid
third_eye,专有标签: third eye
scar_on_face,专有标签: scar on face
waist_apron,专有标签: waist apron
smartphone,智能手机
microphone,麦克风
facial,专有标签: facial
skirt_set,专有标签: skirt set
christmas,专有标签: christmas
web_address,专有标签: web address
large_pectorals,专有标签: large pectorals
pink_flower,粉色花
pelvic_curtain,专有标签: pelvic curtain
light_blush,微微脸红
...,省略号
strapless_dress,专有标签: strapless dress
anger_vein,专有标签: anger vein
baseball_cap,棒球帽
beard,专有标签: beard
string_bikini,专有标签: string bikini
interlocked_fingers,专有标签: interlocked fingers
striped_panties,专有标签: striped panties
light_particles,专有标签: light particles
blue_headwear,专有标签: blue headwear
claws,专有标签: claws
breasts_apart,专有标签: breasts apart
bridal_gauntlets,专有标签: bridal gauntlets
cloak,专有标签: cloak
toenails,专有标签: toenails
peaked_cap,专有标签: peaked cap
index_finger_raised,专有标签: index finger raised
highleg_leotard,专有标签: highleg leotard
red_neckerchief,专有标签: red neckerchief
glowing_eyes,专有标签: glowing eyes
white_pupils,专有标签: white pupils
short_hair_with_long_locks,专有标签: short hair with long locks
purple_dress,紫色连衣裙
side-tie_panties,专有标签: side-tie panties
semi-rimless_eyewear,专有标签: semi-rimless eyewear
low_ponytail,专有标签: low ponytail
white_pantyhose,白丝
convenient_censoring,专有标签: convenient censoring
jingle_bell,专有标签: jingle bell
motor_vehicle,专有标签: motor vehicle
hand_fan,专有标签: hand fan
two-tone_background,专有标签: two-tone background
grey_skirt,灰色裙
front-tie_top,专有标签: front-tie top
bow_panties,蝴蝶结内裤
mecha,专有标签: mecha
buckle,专有标签: buckle
hair_flaps,专有标签: hair flaps
twin_drills,专有标签: twin drills
clothes_writing,专有标签: clothes writing
areola_slip,专有标签: areola slip
carrying,专有标签: carrying
pom_pom_(clothes),专有标签: pom pom (clothes)
clothing_aside,专有标签: clothing aside
androgynous,专有标签: androgynous
pink_nails,专有标签: pink nails
micro_bikini,专有标签: micro bikini
angry,生气
close-up,特写
yellow_bow,黄色蝴蝶结
maid_apron,专有标签: maid apron
forehead,专有标签: forehead
sleeves_past_fingers,专有标签: sleeves past fingers
hood_up,专有标签: hood up
wolf_tail,狼尾
meme,专有标签: meme
cum_on_breasts,专有标签: cum on breasts
corset,专有标签: corset
neck_bell,专有标签: neck bell
blue_nails,专有标签: blue nails
skin_tight,专有标签: skin tight
hand_on_own_face,手在自己脸
paizuri,专有标签: paizuri
rifle,步枪
o-ring,专有标签: o-ring
eyeshadow,专有标签: eyeshadow
tentacles,专有标签: tentacles
patreon_username,专有标签: patreon username
hakama_skirt,专有标签: hakama skirt
black_belt,专有标签: black belt
lace,专有标签: lace
holding_phone,手持手机
french_braid,专有标签: french braid
no_headwear,专有标签: no headwear
tokin_hat,专有标签: tokin hat
spoken_heart,专有标签: spoken heart
:<,专有标签: :<
white_sleeves,白色袖
cropped_jacket,专有标签: cropped jacket
eye_contact,专有标签: eye contact
curvy,专有标签: curvy
cropped_legs,专有标签: cropped legs
faceless,专有标签: faceless
licking,专有标签: licking
bikini_top_only,专有标签: bikini top only
brown_gloves,棕色手套
crossed_bangs,专有标签: crossed bangs
plate,盘子
restrained,专有标签: restrained
snow,雪
outside_border,专有标签: outside border
red_gloves,红色手套
mary_janes,专有标签: mary janes
full_moon,专有标签: full moon
spikes,专有标签: spikes
tearing_up,专有标签: tearing up
colored_sclera,专有标签: colored sclera
black_wings,专有标签: black wings
science_fiction,专有标签: science fiction
blue_bikini,蓝色比基尼
holding_book,手持书
:p,专有标签: :p
side_slit,专有标签: side slit
gift,专有标签: gift
desk,专有标签: desk
black_coat,专有标签: black coat
camisole,专有标签: camisole
alternate_breast_size,专有标签: alternate breast size
finger_to_mouth,专有标签: finger to mouth
ball,专有标签: ball
strap_slip,专有标签: strap slip
armlet,专有标签: armlet
green_bow,绿色蝴蝶结
single_horn,专有标签: single horn
lens_flare,专有标签: lens flare
cowgirl_position,专有标签: cowgirl position
floating,专有标签: floating
dragon_horns,专有标签: dragon horns
drinking_glass,专有标签: drinking glass
hair_scrunchie,专有标签: hair scrunchie
arm_at_side,手臂向侧边
sleeves_rolled_up,专有标签: sleeves rolled up
seiza,正坐
genderswap_(mtf),专有标签: genderswap (mtf)
gold_trim,专有标签: gold trim
puffy_nipples,专有标签: puffy nipples
blue_necktie,专有标签: blue necktie
santa_hat,专有标签: santa hat
clenched_hands,专有标签: clenched hands
after_sex,专有标签: after sex
black_sailor_collar,专有标签: black sailor collar
wide_hips,专有标签: wide hips
pink_skirt,粉色裙
single_glove,专有标签: single glove
pink_ribbon,粉色缎带
veins,专有标签: veins
smoke,专有标签: smoke
tareme,专有标签: tareme
white_sailor_collar,专有标签: white sailor collar
handgun,手枪
heavy_breathing,专有标签: heavy breathing
between_legs,之间腿
half_updo,专有标签: half updo
zipper,专有标签: zipper
knee_up,专有标签: knee up
brown_background,专有标签: brown background
starry_sky,专有标签: starry sky
masturbation,专有标签: masturbation
blue_flower,蓝色花
handjob,专有标签: handjob
tsurime,专有标签: tsurime
open_coat,专有标签: open coat
freckles,专有标签: freckles
blue_shorts,蓝色短裤
demon_wings,专有标签: demon wings
wading,专有标签: wading
pencil_skirt,专有标签: pencil skirt
happy_birthday,专有标签: happy birthday
fish,专有标签: fish
green_background,专有标签: green background
pink_shirt,粉色衬衫
alcohol,专有标签: alcohol
clothed_sex,专有标签: clothed sex
pendant,专有标签: pendant
ribbed_sweater,专有标签: ribbed sweater
topless_male,专有标签: topless male
dual_persona,专有标签: dual persona
clothed_female_nude_male,专有标签: clothed female nude male
high_heel_boots,专有标签: high heel boots
track_jacket,专有标签: track jacket
single_earring,专有标签: single earring
outline,专有标签: outline
frilled_apron,专有标签: frilled apron
spot_color,专有标签: spot color
partially_submerged,专有标签: partially submerged
tray,专有标签: tray
low-tied_long_hair,专有标签: low-tied long hair
asymmetrical_legwear,专有标签: asymmetrical legwear
swim_ring,专有标签: swim ring
sweater_vest,专有标签: sweater vest
purple_background,专有标签: purple background
cross-laced_footwear,专有标签: cross-laced footwear
arm_behind_back,手臂后方背
reflection,专有标签: reflection
forest,森林
!,感叹号
upskirt,专有标签: upskirt
legs_up,腿向上
headset,专有标签: headset
black_vest,专有标签: black vest
frilled_bikini,专有标签: frilled bikini
walking,行走
cake,蛋糕
white_skin,专有标签: white skin
hair_rings,专有标签: hair rings
beads,专有标签: beads
pocket,专有标签: pocket
personification,专有标签: personification
one-hour_drawing_challenge,专有标签: one-hour drawing challenge
mature_male,专有标签: mature male
backlighting,专有标签: backlighting
halloween,专有标签: halloween
vertical-striped_clothes,专有标签: vertical-striped clothes
bulge,专有标签: bulge
dress_lift,专有标签: dress lift
green_dress,绿色连衣裙
unworn_headwear,专有标签: unworn headwear
frilled_shirt_collar,专有标签: frilled shirt collar
legs_apart,专有标签: legs apart
long_fingernails,专有标签: long fingernails
toned,专有标签: toned
mole_on_breast,专有标签: mole on breast
broom,专有标签: broom
black-framed_eyewear,专有标签: black-framed eyewear
arm_behind_head,手臂后方头
brown_pantyhose,专有标签: brown pantyhose
thong,丁字裤
condom,专有标签: condom
red_bikini,红色比基尼
short_ponytail,专有标签: short ponytail
out_of_frame,专有标签: out of frame
purple_bow,紫色蝴蝶结
long_skirt,长裙
high-waist_skirt,专有标签: high-waist skirt
round_eyewear,专有标签: round eyewear
crying_with_eyes_open,专有标签: crying with eyes open
rain,雨
blue_footwear,蓝色鞋
crossdressing,专有标签: crossdressing
angel_wings,专有标签: angel wings
white_bra,白色胸罩
cuffs,专有标签: cuffs
flying,专有标签: flying
gym_uniform,专有标签: gym uniform
cumdrip,专有标签: cumdrip
purple_skirt,紫色裙
yellow_shirt,黄色衬衫
cropped_torso,专有标签: cropped torso
one_eye_covered,专有标签: one eye covered
goggles_on_head,专有标签: goggles on head
bubble,专有标签: bubble
black_bowtie,专有标签: black bowtie
hand_in_own_hair,手在自己发
braided_ponytail,专有标签: braided ponytail
age_difference,专有标签: age difference
red-framed_eyewear,专有标签: red-framed eyewear
fingering,专有标签: fingering
epaulettes,专有标签: epaulettes
curly_hair,专有标签: curly hair
empty_eyes,专有标签: empty eyes
ribbon-trimmed_sleeves,专有标签: ribbon-trimmed sleeves
dot_nose,专有标签: dot nose
santa_costume,专有标签: santa costume
futanari,专有标签: futanari
teacup,专有标签: teacup
kemonomimi_mode,专有标签: kemonomimi mode
high_collar,专有标签: high collar
doujin_cover,专有标签: doujin cover
raised_eyebrows,专有标签: raised eyebrows
brown_jacket,棕色夹克
tanlines,专有标签: tanlines
rape,专有标签: rape
6+boys,6个以上男孩
denim_shorts,专有标签: denim shorts
spoken_ellipsis,专有标签: spoken ellipsis
brown_skirt,棕色裙
bowl,专有标签: bowl
hat_ornament,专有标签: hat ornament
dragon_girl,专有标签: dragon girl
animal_hands,兽手
hand_on_another's_head,专有标签: hand on another's head
panties_under_pantyhose,专有标签: panties under pantyhose
innertube,专有标签: innertube
sideburns,专有标签: sideburns
buruma,专有标签: buruma
4boys,4个男孩
@_@,专有标签: @ @
contrapposto,专有标签: contrapposto
white_pants,白色裤
school_bag,专有标签: school bag
jitome,专有标签: jitome
nontraditional_miko,专有标签: nontraditional miko
pouch,专有标签: pouch
thighband_pantyhose,专有标签: thighband pantyhose
:q,专有标签: :q
emphasis_lines,专有标签: emphasis lines
doggystyle,专有标签: doggystyle
black_serafuku,专有标签: black serafuku
faceless_male,专有标签: faceless male
cigarette,专有标签: cigarette
dual_wielding,专有标签: dual wielding
breast_hold,专有标签: breast hold
red_scarf,专有标签: red scarf
fur_collar,专有标签: fur collar
green_jacket,绿色夹克
abyssal_ship,专有标签: abyssal ship
sailor_dress,专有标签: sailor dress
asymmetrical_hair,专有标签: asymmetrical hair
knees_together_feet_apart,专有标签: knees together feet apart
robe,专有标签: robe
spread_pussy,专有标签: spread pussy
garter_belt,专有标签: garter belt
white_shorts,白色短裤
machinery,专有标签: machinery
hand_in_pocket,专有标签: hand in pocket
pauldrons,专有标签: pauldrons
naughty_face,专有标签: naughty face
competition_swimsuit,专有标签: competition swimsuit
dog_tail,狗尾
cum_in_mouth,专有标签: cum in mouth
legs_together,专有标签: legs together
mini_person,专有标签: mini person
yellow_ribbon,黄色缎带
lolita_fashion,专有标签: lolita fashion
head_rest,专有标签: head rest
running,奔跑
hands_on_own_hips,专有标签: hands on own hips
top_hat,专有标签: top hat
sun_hat,太阳帽
plump,专有标签: plump
furry_female,专有标签: furry female
white_hairband,专有标签: white hairband
asymmetrical_bangs,专有标签: asymmetrical bangs
ass_grab,专有标签: ass grab
threesome,专有标签: threesome
watch,专有标签: watch
thought_bubble,专有标签: thought bubble
fake_tail,专有标签: fake tail
blood_on_face,专有标签: blood on face
sunset,日落
blue_one-piece_swimsuit,专有标签: blue one-piece swimsuit
twins,专有标签: twins
furrowed_brow,专有标签: furrowed brow
turtleneck_sweater,专有标签: turtleneck sweater
monster,魔物
dog,狗
star_hair_ornament,专有标签: star hair ornament
white_kimono,专有标签: white kimono
sports_bra,专有标签: sports bra
under-rim_eyewear,专有标签: under-rim eyewear
drinking_straw,专有标签: drinking straw
white_wings,专有标签: white wings
grey_jacket,灰色夹克
aged_up,专有标签: aged up
new_year,专有标签: new year
poke_ball,专有标签: poke ball
blurry_foreground,专有标签: blurry foreground
wide-eyed,专有标签: wide-eyed
skull,专有标签: skull
shield,专有标签: shield
shiny_clothes,专有标签: shiny clothes
mature_female,专有标签: mature female
female_masturbation,专有标签: female masturbation
white_coat,专有标签: white coat
missionary,专有标签: missionary
striped_shirt,专有标签: striped shirt
breasts_squeezed_together,专有标签: breasts squeezed together
impossible_clothes,专有标签: impossible clothes
jeans,专有标签: jeans
yellow_flower,黄色花
rabbit,兔
ghost,专有标签: ghost
circlet,专有标签: circlet
red_rose,专有标签: red rose
belt_buckle,专有标签: belt buckle
teddy_bear,专有标签: teddy bear
hair_down,发向下
blue_theme,专有标签: blue theme
ice,专有标签: ice
multicolored_eyes,专有标签: multicolored eyes
holding_umbrella,专有标签: holding umbrella
v_arms,专有标签: v arms
paper,专有标签: paper
+_+,晕眩表情
shoulder_bag,肩包
green_shirt,绿色衬衫
serious,专有标签: serious
height_difference,专有标签: height difference
official_alternate_hairstyle,专有标签: official alternate hairstyle
partially_fingerless_gloves,专有标签: partially fingerless gloves
stubble,专有标签: stubble
spear,专有标签: spear
hand_between_legs,手之间腿
sarashi,专有标签: sarashi
colored_eyelashes,专有标签: colored eyelashes
paw_pose,专有标签: paw pose
striped_bikini,专有标签: striped bikini
crystal,专有标签: crystal
=_=,无语表情
wooden_floor,专有标签: wooden floor
shawl,专有标签: shawl
bandaged_arm,专有标签: bandaged arm
injury,专有标签: injury
hairpin,专有标签: hairpin
rabbit_girl,兔女孩
rock,专有标签: rock
lantern,专有标签: lantern
hoop_earrings,专有标签: hoop earrings
sheathed,专有标签: sheathed
purple_flower,紫色花
mug,专有标签: mug
bouncing_breasts,专有标签: bouncing breasts
unworn_hat,专有标签: unworn hat
object_insertion,专有标签: object insertion
popsicle,专有标签: popsicle
blue_bowtie,专有标签: blue bowtie
lollipop,专有标签: lollipop
long_legs,长腿
tentacle_hair,专有标签: tentacle hair
eyebrows_hidden_by_hair,专有标签: eyebrows hidden by hair
smirk,专有标签: smirk
minigirl,专有标签: minigirl
green_headwear,专有标签: green headwear
wolf_girl,狼娘
mirror,镜子
yukata,浴衣
upside-down,专有标签: upside-down
water_drop,专有标签: water drop
light_blue_hair,浅色蓝色发
bouquet,专有标签: bouquet
mini_hat,专有标签: mini hat
white_leotard,专有标签: white leotard
purple_shirt,紫色衬衫
military_hat,专有标签: military hat
reaching,专有标签: reaching
breastplate,专有标签: breastplate
pajamas,专有标签: pajamas
brown_headwear,专有标签: brown headwear
snowing,下雪
black_sleeves,黑色袖
blue_pants,蓝色裤
bespectacled,专有标签: bespectacled
light_rays,专有标签: light rays
butt_crack,专有标签: butt crack
o_o,惊讶表情
dragon_tail,专有标签: dragon tail
holding_staff,专有标签: holding staff
page_number,专有标签: page number
oni,专有标签: oni
enmaided,专有标签: enmaided
shirt_tucked_in,专有标签: shirt tucked in
striped_bow,专有标签: striped bow
open_book,张开书
tress_ribbon,专有标签: tress ribbon
glint,专有标签: glint
mouth_mask,专有标签: mouth mask
handbag,专有标签: handbag
ass_focus,专有标签: ass focus
blue_panties,蓝色内裤
pink_lips,专有标签: pink lips
stairs,专有标签: stairs
:t,专有标签: :t
animal_hood,专有标签: animal hood
hugging_object,专有标签: hugging object
collared_dress,专有标签: collared dress
bow_(weapon),专有标签: bow (weapon)
waving,专有标签: waving
short_eyebrows,专有标签: short eyebrows
chocolate,专有标签: chocolate
fins,专有标签: fins
scar_across_eye,专有标签: scar across eye
orange_background,专有标签: orange background
city,城市
backless_outfit,专有标签: backless outfit
meme_attire,专有标签: meme attire
jumping,跳跃
chopsticks,专有标签: chopsticks
hug_from_behind,专有标签: hug from behind
tabard,专有标签: tabard
mustache,专有标签: mustache
double_v,专有标签: double v
adjusting_clothes,专有标签: adjusting clothes
sign,专有标签: sign
long_dress,长连衣裙
motion_blur,专有标签: motion blur
on_floor,专有标签: on floor
sportswear,专有标签: sportswear
leash,专有标签: leash
torn_pantyhose,专有标签: torn pantyhose
;),专有标签: ;)
card,专有标签: card
pout,专有标签: pout
fishnet_pantyhose,专有标签: fishnet pantyhose
brother_and_sister,专有标签: brother and sister
ofuda,专有标签: ofuda
folded_ponytail,专有标签: folded ponytail
veiny_penis,专有标签: veiny penis
mountain,专有标签: mountain
toenail_polish,专有标签: toenail polish
turret,专有标签: turret
borrowed_character,专有标签: borrowed character
dog_girl,狗女孩
outstretched_hand,专有标签: outstretched hand
off-shoulder_dress,专有标签: off-shoulder dress
2koma,专有标签: 2koma
furry_male,专有标签: furry male
can,专有标签: can
!?,专有标签: !?
sand,专有标签: sand
arms_at_sides,专有标签: arms at sides
large_penis,专有标签: large penis
forehead_mark,专有标签: forehead mark
front-tie_bikini_top,专有标签: front-tie bikini top
contemporary,专有标签: contemporary
blue_skin,专有标签: blue skin
ice_cream,专有标签: ice cream
spoon,专有标签: spoon
valentine,专有标签: valentine
pink_footwear,粉色鞋
vibrator,专有标签: vibrator
strawberry,专有标签: strawberry
cleft_of_venus,专有标签: cleft of venus
heart_hair_ornament,专有标签: heart hair ornament
goatee,专有标签: goatee
sharp_fingernails,专有标签: sharp fingernails
lab_coat,专有标签: lab coat
panties_aside,专有标签: panties aside
dakimakura_(medium),专有标签: dakimakura (medium)
underwater,专有标签: underwater
cum_overflow,专有标签: cum overflow
notice_lines,专有标签: notice lines
black_one-piece_swimsuit,专有标签: black one-piece swimsuit
drink,专有标签: drink
fence,专有标签: fence
muscular_female,专有标签: muscular female
nipple_stimulation,专有标签: nipple stimulation
fighting_stance,专有标签: fighting stance
hands_in_pockets,专有标签: hands in pockets
large_areolae,专有标签: large areolae
red_hairband,专有标签: red hairband
nose,专有标签: nose
hime_cut,专有标签: hime cut
mouse_ears,专有标签: mouse ears
hair_bell,专有标签: hair bell
skirt_hold,专有标签: skirt hold
music,专有标签: music
wedding_dress,专有标签: wedding dress
full-face_blush,专有标签: full-face blush
blue_kimono,专有标签: blue kimono
bandaid_on_face,专有标签: bandaid on face
railing,专有标签: railing
fork,专有标签: fork
nurse_cap,专有标签: nurse cap
cum_on_hair,专有标签: cum on hair
purple_ribbon,紫色缎带
holding_clothes,手持衣服
bloomers,专有标签: bloomers
butterfly_hair_ornament,专有标签: butterfly hair ornament
dragon,专有标签: dragon
red_cape,专有标签: red cape
hat_flower,帽花
hair_tie,专有标签: hair tie
palm_tree,专有标签: palm tree
blue_gloves,蓝色手套
covering_breasts,遮住胸部
|_|,专有标签: | |
arrow_(symbol),专有标签: arrow (symbol)
purple_nails,专有标签: purple nails
miko,专有标签: miko
realistic,写实
holding_flower,手持花
tiles,专有标签: tiles
oekaki,专有标签: oekaki
door,门
pasties,专有标签: pasties
sitting_on_person,专有标签: sitting on person
alternate_color,专有标签: alternate color
straw_hat,专有标签: straw hat
green_ribbon,绿色缎带
bandana,专有标签: bandana
chinese_text,专有标签: chinese text
black_bodysuit,专有标签: black bodysuit
branch,专有标签: branch
blue_leotard,专有标签: blue leotard
visor_cap,专有标签: visor cap
winter_uniform,专有标签: winter uniform
dildo,专有标签: dildo
covering_own_mouth,遮住自己嘴
orange_bow,橙色蝴蝶结
jacket_on_shoulders,夹克在肩
doll,专有标签: doll
smoking,专有标签: smoking
drawstring,专有标签: drawstring
yellow_ascot,专有标签: yellow ascot
sideways_glance,专有标签: sideways glance
red_vest,专有标签: red vest
stud_earrings,专有标签: stud earrings
hand_on_own_cheek,专有标签: hand on own cheek
blindfold,专有标签: blindfold
snake,专有标签: snake
fur-trimmed_jacket,专有标签: fur-trimmed jacket
brown_belt,专有标签: brown belt
kneepits,专有标签: kneepits
camera,专有标签: camera
off-shoulder_shirt,专有标签: off-shoulder shirt
licking_lips,专有标签: licking lips
pink_jacket,粉色夹克
logo,专有标签: logo
center_frills,专有标签: center frills
horizon,专有标签: horizon
steaming_body,专有标签: steaming body
shrug_(clothing),专有标签: shrug (clothing)
panties_around_one_leg,专有标签: panties around one leg
bags_under_eyes,专有标签: bags under eyes
black_cape,专有标签: black cape
pink_bra,粉色胸罩
interracial,专有标签: interracial
criss-cross_halter,专有标签: criss-cross halter
shota,正太
black_sclera,专有标签: black sclera
anklet,专有标签: anklet
low_wings,专有标签: low wings
antennae,专有标签: antennae
sunflower,专有标签: sunflower
hand_on_another's_shoulder,专有标签: hand on another's shoulder
clitoris,专有标签: clitoris
center_opening,专有标签: center opening
aircraft,专有标签: aircraft
top-down_bottom-up,专有标签: top-down bottom-up
white_sweater,专有标签: white sweater
headpiece,专有标签: headpiece
long_bangs,专有标签: long bangs
gag,专有标签: gag
eyeliner,专有标签: eyeliner
apple,专有标签: apple
floral_background,专有标签: floral background
vision_(genshin_impact),专有标签: vision (genshin impact)
suspender_skirt,专有标签: suspender skirt
foot_focus,足部特写
highleg_panties,专有标签: highleg panties
beanie,专有标签: beanie
character_doll,专有标签: character doll
grabbing_from_behind,抓从后方
red_lips,专有标签: red lips
spaghetti_strap,专有标签: spaghetti strap
bandeau,专有标签: bandeau
white_scarf,专有标签: white scarf
adjusting_hair,专有标签: adjusting hair
sun,太阳
pink_bikini,粉色比基尼
blanket,专有标签: blanket
size_difference,专有标签: size difference
folding_fan,专有标签: folding fan
head_out_of_frame,专有标签: head out of frame
covered_mouth,专有标签: covered mouth
underbust,专有标签: underbust
korean_text,专有标签: korean text
zoom_layer,专有标签: zoom layer
groping,专有标签: groping
fake_horns,专有标签: fake horns
gift_box,专有标签: gift box
spread_arms,专有标签: spread arms
wand,魔杖
straight-on,专有标签: straight-on
holding_knife,专有标签: holding knife
no_nose,专有标签: no nose
back_bow,背蝴蝶结
chromatic_aberration,专有标签: chromatic aberration
facing_away,专有标签: facing away
foot_out_of_frame,专有标签: foot out of frame
pov_hands,专有标签: pov hands
white_one-piece_swimsuit,专有标签: white one-piece swimsuit
alternate_hair_length,专有标签: alternate hair length
crown_braid,专有标签: crown braid
tail_ornament,专有标签: tail ornament
yokozuwari,专有标签: yokozuwari
emblem,专有标签: emblem
adjusting_eyewear,专有标签: adjusting eyewear
arrow_(projectile),专有标签: arrow (projectile)
arched_back,专有标签: arched back
white_outline,专有标签: white outline
hanging_breasts,专有标签: hanging breasts
partially_visible_vulva,专有标签: partially visible vulva
double-breasted,专有标签: double-breasted
sound_effects,专有标签: sound effects
ahegao,专有标签: ahegao
brown_thighhighs,专有标签: brown thighhighs
eighth_note,专有标签: eighth note
gakuran,专有标签: gakuran
geta,专有标签: geta
sailor_hat,专有标签: sailor hat
android,专有标签: android
clock,专有标签: clock
nun,专有标签: nun
round_teeth,专有标签: round teeth
food_on_face,食物在脸
black_collar,黑色衣领
angel,专有标签: angel
text_focus,专有标签: text focus
bookshelf,专有标签: bookshelf
tabi,专有标签: tabi
name_tag,专有标签: name tag
hand_on_headwear,专有标签: hand on headwear
leaning_back,专有标签: leaning back
smug,专有标签: smug
hair_behind_ear,专有标签: hair behind ear
selfie,自拍
cabbie_hat,专有标签: cabbie hat
flipped_hair,专有标签: flipped hair
single_side_bun,专有标签: single side bun
lactation,专有标签: lactation
basket,专有标签: basket
bun_cover,专有标签: bun cover
microskirt,专有标签: microskirt
gagged,专有标签: gagged
pinafore_dress,专有标签: pinafore dress
anchor_symbol,专有标签: anchor symbol
car,专有标签: car
guitar,专有标签: guitar
arm_warmers,专有标签: arm warmers
gangbang,专有标签: gangbang
pen,专有标签: pen
absurdly_long_hair,专有标签: absurdly long hair
petticoat,专有标签: petticoat
frog_hair_ornament,专有标签: frog hair ornament
arm_tattoo,专有标签: arm tattoo
saliva_trail,专有标签: saliva trail
sailor_shirt,专有标签: sailor shirt
bodystocking,专有标签: bodystocking
highleg_swimsuit,专有标签: highleg swimsuit
frilled_shirt,专有标签: frilled shirt
potted_plant,专有标签: potted plant
onsen,专有标签: onsen
tracen_school_uniform,专有标签: tracen school uniform
on_head,在头
silent_comic,专有标签: silent comic
habit,专有标签: habit
fairy_wings,专有标签: fairy wings
star-shaped_pupils,专有标签: star-shaped pupils
drinking,专有标签: drinking
body_fur,专有标签: body fur
reaching_towards_viewer,专有标签: reaching towards viewer
yellow_jacket,黄色夹克
card_(medium),专有标签: card (medium)
jack-o'-lantern,专有标签: jack-o'-lantern
unbuttoned,专有标签: unbuttoned
bird_wings,专有标签: bird wings
winter_clothes,专有标签: winter clothes
leg_lift,专有标签: leg lift
bikini_under_clothes,比基尼下方衣服
wristwatch,专有标签: wristwatch
heart_censor,专有标签: heart censor
pool,专有标签: pool
lowleg,专有标签: lowleg
bound_wrists,专有标签: bound wrists
summer_uniform,专有标签: summer uniform
heart_hands,爱心手
gothic_lolita,专有标签: gothic lolita
cannon,专有标签: cannon
cross-laced_clothes,专有标签: cross-laced clothes
nipple_slip,专有标签: nipple slip
hair_over_eyes,发覆盖眼
electricity,专有标签: electricity
cow_print,专有标签: cow print
eyeball,专有标签: eyeball
cow_ears,专有标签: cow ears
brown_shirt,棕色衬衫
looking_ahead,专有标签: looking ahead
classroom,专有标签: classroom
antlers,专有标签: antlers
lace-up_boots,专有标签: lace-up boots
cheerleader,专有标签: cheerleader
glass,专有标签: glass
back-to-back,背向背
checkered_clothes,专有标签: checkered clothes
poke_ball_(basic),专有标签: poke ball (basic)
holding_bag,手持包
grey_pants,灰色裤
food-themed_hair_ornament,专有标签: food-themed hair ornament
brown_dress,棕色连衣裙
silhouette,专有标签: silhouette
swimsuit_under_clothes,泳装下方衣服
arm_grab,专有标签: arm grab
taut_clothes,专有标签: taut clothes
hitodama,专有标签: hitodama
witch,专有标签: witch
vambraces,专有标签: vambraces
overalls,专有标签: overalls
holding_bottle,专有标签: holding bottle
bush,专有标签: bush
spoken_question_mark,专有标签: spoken question mark
pom_pom_(cheerleading),专有标签: pom pom (cheerleading)
artist_logo,专有标签: artist logo
pink_headwear,专有标签: pink headwear
wrist_scrunchie,专有标签: wrist scrunchie
pocky,专有标签: pocky
black_sweater,专有标签: black sweater
mittens,专有标签: mittens
black_horns,专有标签: black horns
blue_thighhighs,专有标签: blue thighhighs
holding_poke_ball,专有标签: holding poke ball
scales,专有标签: scales
military_vehicle,专有标签: military vehicle
hair_stick,专有标签: hair stick
ankle_boots,专有标签: ankle boots
reading,专有标签: reading
retro_artstyle,专有标签: retro artstyle
layered_sleeves,专有标签: layered sleeves
toeless_legwear,专有标签: toeless legwear
print_bikini,专有标签: print bikini
food_in_mouth,食物在嘴
headdress,专有标签: headdress
breast_pocket,专有标签: breast pocket
talking,专有标签: talking
hip_focus,专有标签: hip focus
wince,专有标签: wince
pulled_by_self,专有标签: pulled by self
nipple_tweak,专有标签: nipple tweak
candle,专有标签: candle
magic,专有标签: magic
assault_rifle,专有标签: assault rifle
petite,专有标签: petite
print_kimono,专有标签: print kimono
feather_hair_ornament,专有标签: feather hair ornament
gohei,专有标签: gohei
tinted_eyewear,专有标签: tinted eyewear
hand_to_own_mouth,手向自己嘴
headpat,专有标签: headpat
ringed_eyes,专有标签: ringed eyes
controller,专有标签: controller
confetti,专有标签: confetti
blood_on_clothes,专有标签: blood on clothes
wedding_ring,专有标签: wedding ring
chinese_zodiac,专有标签: chinese zodiac
bangle,专有标签: bangle
cable,专有标签: cable
zipper_pull_tab,专有标签: zipper pull tab
purple_bikini,紫色比基尼
wind_lift,专有标签: wind lift
huge_ass,专有标签: huge ass
flag,专有标签: flag
unzipped,专有标签: unzipped
sundress,专有标签: sundress
pleated_dress,专有标签: pleated dress
purple_jacket,紫色夹克
crotch_seam,专有标签: crotch seam
road,专有标签: road
lamp,专有标签: lamp
armored_dress,专有标签: armored dress
armored_boots,专有标签: armored boots
fantasy,专有标签: fantasy
claw_pose,专有标签: claw pose
mask_on_head,专有标签: mask on head
midriff_peek,专有标签: midriff peek
red_kimono,专有标签: red kimono
black_kimono,专有标签: black kimono
animal_focus,专有标签: animal focus
pointless_censoring,专有标签: pointless censoring
covered_eyes,专有标签: covered eyes
ninja,专有标签: ninja
purple_gloves,紫色手套
fairy,专有标签: fairy
cityscape,专有标签: cityscape
joints,专有标签: joints
grey_dress,灰色连衣裙
inverted_nipples,专有标签: inverted nipples
bridal_garter,专有标签: bridal garter
tube_top,专有标签: tube top
bare_back,裸背
holding_tray,专有标签: holding tray
horn_ornament,专有标签: horn ornament
cow_horns,专有标签: cow horns
school_desk,专有标签: school desk
holding_fan,专有标签: holding fan
chestnut_mouth,专有标签: chestnut mouth
creature,专有标签: creature
halloween_costume,专有标签: halloween costume
tatami,专有标签: tatami
open_fly,专有标签: open fly
scythe,专有标签: scythe
salute,专有标签: salute
beachball,专有标签: beachball
light,浅色
happy_sex,专有标签: happy sex
bench,专有标签: bench
mini_crown,专有标签: mini crown
nurse,专有标签: nurse
white_capelet,专有标签: white capelet
wet_shirt,专有标签: wet shirt
painting_(medium),专有标签: painting (medium)
animal_costume,专有标签: animal costume
orgasm,专有标签: orgasm
shoulder_cutout,专有标签: shoulder cutout
triangle_mouth,专有标签: triangle mouth
blue_rose,专有标签: blue rose
bucket,专有标签: bucket
everyone,专有标签: everyone
+++,专有标签: +++
very_short_hair,超短发
naked_shirt,专有标签: naked shirt
tachi-e,专有标签: tachi-e
half_gloves,专有标签: half gloves
stuffed_rabbit,专有标签: stuffed rabbit
on_couch,专有标签: on couch
riding,专有标签: riding
hands_on_own_face,手在自己脸
key,专有标签: key
after_vaginal,专有标签: after vaginal
white_fur,专有标签: white fur
space,专有标签: space
hands_on_own_chest,专有标签: hands on own chest
femdom,专有标签: femdom
style_parody,专有标签: style parody
blue_hairband,专有标签: blue hairband
green_skin,专有标签: green skin
brown_pants,棕色裤
red_choker,专有标签: red choker
strap_gap,专有标签: strap gap
japanese_armor,专有标签: japanese armor
male_underwear,专有标签: male underwear
black_hoodie,专有标签: black hoodie
uneven_legwear,专有标签: uneven legwear
blue_halo,专有标签: blue halo
falling_petals,专有标签: falling petals
anchor,专有标签: anchor
happy_new_year,专有标签: happy new year
tiger_ears,专有标签: tiger ears
blue_vest,专有标签: blue vest
frog,专有标签: frog
haori,专有标签: haori
office_lady,专有标签: office lady
undercut,专有标签: undercut
hand_on_own_chin,专有标签: hand on own chin
holster,专有标签: holster
waitress,专有标签: waitress
symbol_in_eye,专有标签: symbol in eye
hand_on_another's_face,专有标签: hand on another's face
on_chair,专有标签: on chair
thighlet,专有标签: thighlet
laughing,专有标签: laughing
wet_hair,专有标签: wet hair
holding_polearm,专有标签: holding polearm
earmuffs,专有标签: earmuffs
red_thighhighs,专有标签: red thighhighs
airplane,专有标签: airplane
purple_thighhighs,专有标签: purple thighhighs
open_cardigan,专有标签: open cardigan
yellow_bikini,黄色比基尼
two-tone_dress,专有标签: two-tone dress
bow_bra,蝴蝶结胸罩
5boys,5个男孩
naval_uniform,专有标签: naval uniform
stretching,专有标签: stretching
polka_dot_background,专有标签: polka dot background
bridal_veil,专有标签: bridal veil
incest,专有标签: incest
purple_headwear,专有标签: purple headwear
w,专有标签: w
alternate_eye_color,专有标签: alternate eye color
cum_in_ass,专有标签: cum in ass
3koma,专有标签: 3koma
shade,专有标签: shade
flat_cap,专有标签: flat cap
pilot_suit,专有标签: pilot suit
precum,专有标签: precum
balloon,专有标签: balloon
armpit_crease,专有标签: armpit crease
dark,深色
indian_style,专有标签: indian style
wine_glass,专有标签: wine glass
paw_gloves,专有标签: paw gloves
bukkake,专有标签: bukkake
tight_clothes,专有标签: tight clothes
randoseru,专有标签: randoseru
holding_microphone,专有标签: holding microphone
red_panties,红色内裤
blue_neckerchief,专有标签: blue neckerchief
rigging,专有标签: rigging
ear_covers,专有标签: ear covers
limited_palette,专有标签: limited palette
:>,专有标签: :>
dagger,专有标签: dagger
triangular_headpiece,专有标签: triangular headpiece
snake_hair_ornament,专有标签: snake hair ornament
battle,专有标签: battle
star_print,专有标签: star print
cone_hair_bun,专有标签: cone hair bun
paw_print,专有标签: paw print
pink_kimono,专有标签: pink kimono
one_breast_out,专有标签: one breast out
id_card,专有标签: id card
against_wall,专有标签: against wall
curled_horns,专有标签: curled horns
air_bubble,专有标签: air bubble
ice_wings,专有标签: ice wings
purple_panties,紫色内裤
fishnet_thighhighs,专有标签: fishnet thighhighs
hugging_own_legs,专有标签: hugging own legs
sexually_suggestive,专有标签: sexually suggestive
heart_of_string,专有标签: heart of string
shibari,专有标签: shibari
belly,专有标签: belly
drunk,专有标签: drunk
bald,专有标签: bald
looking_afar,专有标签: looking afar
autumn_leaves,专有标签: autumn leaves
red_hakama,专有标签: red hakama
nipple_piercing,专有标签: nipple piercing
muneate,专有标签: muneate
yellow_dress,黄色连衣裙
bathing,专有标签: bathing
disposable_cup,专有标签: disposable cup
black_border,专有标签: black border
sarong,专有标签: sarong
red_shorts,红色短裤
own_hands_clasped,专有标签: own hands clasped
hand_on_own_head,手在自己头
slippers,专有标签: slippers
whisker_markings,专有标签: whisker markings
mismatched_legwear,专有标签: mismatched legwear
mechanical_halo,专有标签: mechanical halo
highleg_bikini,专有标签: highleg bikini
patreon_logo,专有标签: patreon logo
bracer,专有标签: bracer
yellow_neckerchief,专有标签: yellow neckerchief
red_horns,专有标签: red horns
covering_crotch,专有标签: covering crotch
open_hand,张开手
anal_object_insertion,专有标签: anal object insertion
cropped_shirt,专有标签: cropped shirt
presenting,专有标签: presenting
oil-paper_umbrella,专有标签: oil-paper umbrella
>:),专有标签: >:)
hakama_short_skirt,专有标签: hakama short skirt
snowflakes,专有标签: snowflakes
sleeve_cuffs,专有标签: sleeve cuffs
carrot,专有标签: carrot
red_ascot,专有标签: red ascot
hip_vent,专有标签: hip vent
animal_hat,兽帽
alternate_hair_color,专有标签: alternate hair color
mecha_musume,专有标签: mecha musume
sack,专有标签: sack
mechanical_arms,专有标签: mechanical arms
computer,专有标签: computer
arm_strap,专有标签: arm strap
bad_anatomy,专有标签: bad anatomy
navel_cutout,专有标签: navel cutout
raccoon_ears,专有标签: raccoon ears
kita_high_school_uniform,专有标签: kita high school uniform
evil_smile,专有标签: evil smile
bare_pectorals,专有标签: bare pectorals
bishounen,专有标签: bishounen
tile_floor,专有标签: tile floor
axe,专有标签: axe
scar_on_cheek,专有标签: scar on cheek
white_cape,专有标签: white cape
pink_halo,专有标签: pink halo
teapot,专有标签: teapot
white_choker,专有标签: white choker
partially_unbuttoned,专有标签: partially unbuttoned
unworn_eyewear,专有标签: unworn eyewear
shoulder_tattoo,专有标签: shoulder tattoo
condom_wrapper,专有标签: condom wrapper
lolita_hairband,专有标签: lolita hairband
dancing,专有标签: dancing
vampire,专有标签: vampire
multiple_others,专有标签: multiple others
facepaint,专有标签: facepaint
wide_shot,专有标签: wide shot
scared,专有标签: scared
knee_pads,专有标签: knee pads
backless_dress,专有标签: backless dress
on_ground,专有标签: on ground
green_nails,专有标签: green nails
string,专有标签: string
casual_one-piece_swimsuit,专有标签: casual one-piece swimsuit
mother_and_daughter,专有标签: mother and daughter
torn_thighhighs,专有标签: torn thighhighs
print_shirt,专有标签: print shirt
animal_nose,专有标签: animal nose
hair_up,发向上
reference_sheet,专有标签: reference sheet
bat_(animal),专有标签: bat (animal)
used_condom,专有标签: used condom
tied_shirt,专有标签: tied shirt
layered_dress,专有标签: layered dress
string_panties,专有标签: string panties
torii,专有标签: torii
bandaged_leg,专有标签: bandaged leg
bread,专有标签: bread
grabbing_own_breast,抓自己胸部
pumpkin,专有标签: pumpkin
mmf_threesome,专有标签: mmf threesome
imminent_penetration,专有标签: imminent penetration
squiggle,专有标签: squiggle
sleeveless_turtleneck,专有标签: sleeveless turtleneck
bound_arms,专有标签: bound arms
bikini_skirt,比基尼裙
futa_with_female,专有标签: futa with female
architecture,专有标签: architecture
hibiscus,专有标签: hibiscus
red_leotard,专有标签: red leotard
disembodied_limb,专有标签: disembodied limb
animification,专有标签: animification
layered_skirt,专有标签: layered skirt
leggings,专有标签: leggings
watercraft,专有标签: watercraft
green_bikini,绿色比基尼
public_indecency,专有标签: public indecency
long_sideburns,专有标签: long sideburns
star_earrings,专有标签: star earrings
bath,专有标签: bath
crescent_hair_ornament,专有标签: crescent hair ornament
arm_under_breasts,手臂下方胸部
idol,专有标签: idol
marker_(medium),专有标签: marker (medium)
fang_out,专有标签: fang out
scabbard,专有标签: scabbard
brown_coat,专有标签: brown coat
bedroom,专有标签: bedroom
holding_animal,手持兽
wagashi,专有标签: wagashi
pantyhose_under_shorts,专有标签: pantyhose under shorts
holding_instrument,专有标签: holding instrument
cum_on_clothes,专有标签: cum on clothes
mouse_tail,专有标签: mouse tail
tasuki,专有标签: tasuki
on_one_knee,专有标签: on one knee
multicolored_background,专有标签: multicolored background
shoulder_blades,专有标签: shoulder blades
invisible_chair,专有标签: invisible chair
peach,专有标签: peach
ribbon_choker,专有标签: ribbon choker
lace-trimmed_panties,专有标签: lace-trimmed panties
lace-trimmed_legwear,专有标签: lace-trimmed legwear
field,专有标签: field
duel_monster,专有标签: duel monster
leg_ribbon,专有标签: leg ribbon
gameplay_mechanics,专有标签: gameplay mechanics
tate_eboshi,专有标签: tate eboshi
plugsuit,专有标签: plugsuit
hat_feather,专有标签: hat feather
garrison_cap,专有标签: garrison cap
short_kimono,专有标签: short kimono
magatama,专有标签: magatama
white_eyes,白色眼
princess_carry,专有标签: princess carry
parasol,专有标签: parasol
interspecies,专有标签: interspecies
fur-trimmed_coat,专有标签: fur-trimmed coat
leather,专有标签: leather
asymmetrical_clothes,专有标签: asymmetrical clothes
lace-trimmed_bra,专有标签: lace-trimmed bra
transparent,专有标签: transparent
paintbrush,专有标签: paintbrush
head_wreath,专有标签: head wreath
shimenawa,专有标签: shimenawa
deep_skin,专有标签: deep skin
frilled_bow,专有标签: frilled bow
black_cat,黑色猫
giant,专有标签: giant
tilted_headwear,专有标签: tilted headwear
single_bare_shoulder,单个裸肩
animal_on_head,兽在头
mitakihara_school_uniform,专有标签: mitakihara school uniform
blunt_ends,专有标签: blunt ends
leg_grab,专有标签: leg grab
nosebleed,专有标签: nosebleed
yellow_skirt,黄色裙
aura,专有标签: aura
grey_skin,专有标签: grey skin
sample_watermark,专有标签: sample watermark
tail_raised,专有标签: tail raised
holding_hair,手持发
striped_background,专有标签: striped background
thumbs_up,专有标签: thumbs up
chibi_inset,专有标签: chibi inset
purple_footwear,紫色鞋
photo_(object),专有标签: photo (object)
blue_bra,蓝色胸罩
watercolor_(medium),专有标签: watercolor (medium)
raglan_sleeves,专有标签: raglan sleeves
harness,专有标签: harness
clothes_around_waist,专有标签: clothes around waist
ffm_threesome,专有标签: ffm threesome
under_covers,专有标签: under covers
tiger_print,专有标签: tiger print
blue_scarf,专有标签: blue scarf
company_name,专有标签: company name
grey_footwear,灰色鞋
asymmetrical_gloves,专有标签: asymmetrical gloves
ear_ornament,专有标签: ear ornament
tea,专有标签: tea
o-ring_top,专有标签: o-ring top
asymmetrical_wings,专有标签: asymmetrical wings
naked_towel,专有标签: naked towel
standing_sex,专有标签: standing sex
o-ring_bikini,专有标签: o-ring bikini
over_shoulder,覆盖肩
two_tails,专有标签: two tails
forehead_jewel,专有标签: forehead jewel
stitches,专有标签: stitches
white_collar,白色衣领
facial_tattoo,专有标签: facial tattoo
purple_kimono,专有标签: purple kimono
headphones_around_neck,专有标签: headphones around neck
pantyhose_pull,专有标签: pantyhose pull
white_tank_top,专有标签: white tank top
halftone,专有标签: halftone
cross_necklace,专有标签: cross necklace
french_kiss,专有标签: french kiss
crescent_hat_ornament,专有标签: crescent hat ornament
rolling_eyes,专有标签: rolling eyes
tiptoes,专有标签: tiptoes
out-of-frame_censoring,专有标签: out-of-frame censoring
toned_male,专有标签: toned male
kicking,专有标签: kicking
vines,专有标签: vines
crop_top_overhang,专有标签: crop top overhang
annoyed,专有标签: annoyed
short_over_long_sleeves,短覆盖长袖
pigeon-toed,专有标签: pigeon-toed
white_rose,专有标签: white rose
cowbell,专有标签: cowbell
split_mouth,专有标签: split mouth
no_pupils,专有标签: no pupils
glowing_eye,专有标签: glowing eye
spoken_exclamation_mark,专有标签: spoken exclamation mark
black_scarf,专有标签: black scarf
open_kimono,专有标签: open kimono
hand_on_own_thigh,专有标签: hand on own thigh
imminent_kiss,专有标签: imminent kiss
oversized_clothes,专有标签: oversized clothes
black_neckerchief,专有标签: black neckerchief
two-sided_fabric,专有标签: two-sided fabric
holding_bouquet,专有标签: holding bouquet
peeing,专有标签: peeing
strap,专有标签: strap
fur-trimmed_sleeves,专有标签: fur-trimmed sleeves
aqua_nails,专有标签: aqua nails
platform_footwear,专有标签: platform footwear
old,专有标签: old
pubic_tattoo,专有标签: pubic tattoo
onee-shota,专有标签: onee-shota
maple_leaf,专有标签: maple leaf
in_container,专有标签: in container
mermaid,专有标签: mermaid
sakuragaoka_high_school_uniform,专有标签: sakuragaoka high school uniform
one-piece_tan,专有标签: one-piece tan
breast_sucking,专有标签: breast sucking
fish_tail,专有标签: fish tail
white_hoodie,专有标签: white hoodie
constricted_pupils,专有标签: constricted pupils
striped_dress,专有标签: striped dress
orange_shirt,橙色衬衫
blue_cape,专有标签: blue cape
split-color_hair,专有标签: split-color hair
holding_gift,专有标签: holding gift
pectoral_cleavage,专有标签: pectoral cleavage
pee,专有标签: pee
white_belt,专有标签: white belt
gyaru,专有标签: gyaru
anniversary,专有标签: anniversary
head_fins,专有标签: head fins
leaf_hair_ornament,专有标签: leaf hair ornament
holding_stuffed_toy,专有标签: holding stuffed toy
handcuffs,专有标签: handcuffs
m_legs,专有标签: m legs
red_pants,红色裤
navel_piercing,专有标签: navel piercing
cross-section,专有标签: cross-section
multiple_persona,专有标签: multiple persona
vaginal_object_insertion,专有标签: vaginal object insertion
face-to-face,脸向脸
x-ray,专有标签: x-ray
vehicle_focus,专有标签: vehicle focus
bathroom,专有标签: bathroom
biting,专有标签: biting
magic_circle,专有标签: magic circle
rabbit_hair_ornament,专有标签: rabbit hair ornament
spiked_collar,专有标签: spiked collar
draph,专有标签: draph
house,专有标签: house
shackles,专有标签: shackles
neck_ring,专有标签: neck ring
singing,专有标签: singing
pencil,专有标签: pencil
red_skin,专有标签: red skin
holding_another's_wrist,专有标签: holding another's wrist
sad,专有标签: sad
hair_censor,专有标签: hair censor
one-eyed,专有标签: one-eyed
explosion,专有标签: explosion
name_connection,专有标签: name connection
mushroom,专有标签: mushroom
bamboo,专有标签: bamboo
playing_instrument,专有标签: playing instrument
graphite_(medium),专有标签: graphite (medium)
chest_hair,专有标签: chest hair
symmetrical_docking,专有标签: symmetrical docking
falling,专有标签: falling
pink_bowtie,专有标签: pink bowtie
brown_sweater,专有标签: brown sweater
holding_plate,专有标签: holding plate
colored_tips,专有标签: colored tips
pants_pull,专有标签: pants pull
ruins,专有标签: ruins
yellow_necktie,专有标签: yellow necktie
hand_on_own_knee,专有标签: hand on own knee
holding_fruit,专有标签: holding fruit
fox_mask,专有标签: fox mask
summer,专有标签: summer
belt_pouch,专有标签: belt pouch
light_frown,专有标签: light frown
crescent_moon,专有标签: crescent moon
spiked_bracelet,专有标签: spiked bracelet
unworn_shoes,专有标签: unworn shoes
doughnut,专有标签: doughnut
hair_slicked_back,专有标签: hair slicked back
partially_colored,专有标签: partially colored
red_coat,专有标签: red coat
shoe_soles,专有标签: shoe soles
water_bottle,专有标签: water bottle
winter,专有标签: winter
black_tank_top,专有标签: black tank top
folded,专有标签: folded
afterimage,专有标签: afterimage
grey_shorts,灰色短裤
lineart,专有标签: lineart
head_scarf,专有标签: head scarf
greaves,专有标签: greaves
asymmetrical_docking,专有标签: asymmetrical docking
fireworks,专有标签: fireworks
narrow_waist,专有标签: narrow waist
television,专有标签: television
kitsune,专有标签: kitsune
double_penetration,专有标签: double penetration
leaf_on_head,专有标签: leaf on head
goat_horns,专有标签: goat horns
sliding_doors,专有标签: sliding doors
necktie_between_breasts,专有标签: necktie between breasts
pink_rose,专有标签: pink rose
sunbeam,专有标签: sunbeam
copyright_notice,专有标签: copyright notice
monitor,专有标签: monitor
micro_shorts,专有标签: micro shorts
fat,专有标签: fat
raccoon_tail,专有标签: raccoon tail
split,专有标签: split
checkered_floor,专有标签: checkered floor
slingshot_swimsuit,专有标签: slingshot swimsuit
cunnilingus,专有标签: cunnilingus
multicolored_skin,专有标签: multicolored skin
camouflage,专有标签: camouflage
east_asian_architecture,专有标签: east asian architecture
arm_cannon,专有标签: arm cannon
pink_theme,专有标签: pink theme
polka_dot_bow,专有标签: polka dot bow
striped_necktie,专有标签: striped necktie
naked_apron,专有标签: naked apron
manly,专有标签: manly
nervous,专有标签: nervous
red_capelet,专有标签: red capelet
green_vest,专有标签: green vest
bandaid_on_leg,专有标签: bandaid on leg
white_bowtie,专有标签: white bowtie
christmas_tree,专有标签: christmas tree
handheld_game_console,专有标签: handheld game console
brick_wall,专有标签: brick wall
fur-trimmed_gloves,专有标签: fur-trimmed gloves
no_shirt,无衬衫
loose_socks,专有标签: loose socks
trigger_discipline,专有标签: trigger discipline
body_writing,专有标签: body writing
ears_through_headwear,专有标签: ears through headwear
purple_skin,专有标签: purple skin
badge,专有标签: badge
gap_(touhou),专有标签: gap (touhou)
other_focus,专有标签: other focus
multicolored_jacket,专有标签: multicolored jacket
dark_persona,专有标签: dark persona
shorts_under_skirt,短裤下方裙
starry_background,专有标签: starry background
heart_earrings,专有标签: heart earrings
stool,专有标签: stool
black_capelet,专有标签: black capelet
licking_penis,专有标签: licking penis
bead_necklace,专有标签: bead necklace
torpedo,专有标签: torpedo
:/,专有标签: :/
no_mouth,无嘴
babydoll,专有标签: babydoll
coin,专有标签: coin
arm_guards,专有标签: arm guards
!!,专有标签: !!
green_necktie,专有标签: green necktie
ooarai_school_uniform,专有标签: ooarai school uniform
dark_background,专有标签: dark background
double-parted_bangs,专有标签: double-parted bangs
dark_blue_hair,深色蓝色发
erection_under_clothes,专有标签: erection under clothes
brown_shorts,棕色短裤
pointing_at_viewer,专有标签: pointing at viewer
big_hair,专有标签: big hair
cookie,专有标签: cookie
undershirt,专有标签: undershirt
brothers,专有标签: brothers
frilled_hairband,专有标签: frilled hairband
grey_sweater,专有标签: grey sweater
red_theme,专有标签: red theme
seductive_smile,专有标签: seductive smile
orange_skirt,橙色裙
pov_crotch,专有标签: pov crotch
see-through_sleeves,专有标签: see-through sleeves
hooded_cloak,专有标签: hooded cloak
bonnet,专有标签: bonnet
hair_over_breasts,发覆盖胸部
green_shorts,绿色短裤
huge_weapon,巨大武器
dripping,专有标签: dripping
blue_choker,专有标签: blue choker
blank_eyes,专有标签: blank eyes
skirt_pull,专有标签: skirt pull
brown_cardigan,专有标签: brown cardigan
gym_shirt,专有标签: gym shirt
earphones,专有标签: earphones
bra_lift,专有标签: bra lift
blue_coat,专有标签: blue coat
facing_another,专有标签: facing another
bead_bracelet,专有标签: bead bracelet
fundoshi,专有标签: fundoshi
hair_spread_out,专有标签: hair spread out
lion_ears,专有标签: lion ears
sitting_on_lap,专有标签: sitting on lap
iron_cross,专有标签: iron cross
cutoffs,专有标签: cutoffs
white_ascot,专有标签: white ascot
genderswap_(ftm),专有标签: genderswap (ftm)
splashing,专有标签: splashing
sparkling_eyes,专有标签: sparkling eyes
tiger_tail,专有标签: tiger tail
smoking_pipe,专有标签: smoking pipe
foreskin,专有标签: foreskin
cow_girl,专有标签: cow girl
erune,专有标签: erune
bikini_pull,专有标签: bikini pull
hachimaki,专有标签: hachimaki
white_bodysuit,专有标签: white bodysuit
voice_actor_connection,专有标签: voice actor connection
plaid_vest,专有标签: plaid vest
huge_ahoge,专有标签: huge ahoge
pink_gloves,粉色手套
chalkboard,专有标签: chalkboard
implied_sex,专有标签: implied sex
playing_card,专有标签: playing card
shoulder_pads,专有标签: shoulder pads
argyle_clothes,专有标签: argyle clothes
tassel_earrings,专有标签: tassel earrings
drink_can,专有标签: drink can
bikini_armor,专有标签: bikini armor
black_sports_bra,专有标签: black sports bra
submachine_gun,专有标签: submachine gun
artist_self-insert,专有标签: artist self-insert
tank,专有标签: tank
yellow_bowtie,专有标签: yellow bowtie
pink_thighhighs,专有标签: pink thighhighs
ribs,专有标签: ribs
star_hat_ornament,专有标签: star hat ornament
ripples,专有标签: ripples
braided_bun,专有标签: braided bun
dappled_sunlight,专有标签: dappled sunlight
latex,专有标签: latex
holding_chopsticks,专有标签: holding chopsticks
purple_bowtie,专有标签: purple bowtie
hammer,专有标签: hammer
torn_shirt,专有标签: torn shirt
animal_collar,兽衣领
shell,专有标签: shell
assertive_female,专有标签: assertive female
grey_headwear,专有标签: grey headwear
ranguage,专有标签: ranguage
sweater_dress,专有标签: sweater dress
sakazuki,专有标签: sakazuki
futon,专有标签: futon
yin_yang,专有标签: yin yang
bobby_socks,专有标签: bobby socks
purple_theme,专有标签: purple theme
syringe,专有标签: syringe
grey_gloves,灰色手套
game_controller,专有标签: game controller
breast_rest,专有标签: breast rest
blue_sweater,专有标签: blue sweater
sandwiched,专有标签: sandwiched
oversized_object,专有标签: oversized object
0_0,专有标签: 0 0
soaking_feet,专有标签: soaking feet
diamond_(shape),专有标签: diamond (shape)
birthday,专有标签: birthday
fringe_trim,专有标签: fringe trim
huge_penis,专有标签: huge penis
official_style,专有标签: official style
wardrobe_malfunction,专有标签: wardrobe malfunction
sheet_grab,专有标签: sheet grab
green_footwear,绿色鞋
planet,专有标签: planet
striped_pantyhose,专有标签: striped pantyhose
animalization,专有标签: animalization
mini_top_hat,专有标签: mini top hat
arm_garter,专有标签: arm garter
zzz,专有标签: zzz
aqua_necktie,专有标签: aqua necktie
checkered_background,专有标签: checkered background
frilled_panties,专有标签: frilled panties
;o,专有标签: ;o
rice,专有标签: rice
off-shoulder_sweater,专有标签: off-shoulder sweater
arm_ribbon,手臂缎带
leaning_to_the_side,专有标签: leaning to the side
watermelon,专有标签: watermelon
fur-trimmed_capelet,专有标签: fur-trimmed capelet
rainbow,专有标签: rainbow
old_man,专有标签: old man
aqua_background,专有标签: aqua background
broom_riding,专有标签: broom riding
untied_bikini,专有标签: untied bikini
fake_screenshot,专有标签: fake screenshot
bridge,专有标签: bridge
bathtub,专有标签: bathtub
police,专有标签: police
holding_spoon,专有标签: holding spoon
holding_bow_(weapon),专有标签: holding bow (weapon)
braided_bangs,专有标签: braided bangs
lamppost,专有标签: lamppost
red_collar,红色衣领
content_rating,专有标签: content rating
ear_blush,专有标签: ear blush
power_lines,专有标签: power lines
torso_grab,专有标签: torso grab
object_on_head,专有标签: object on head
nervous_sweating,专有标签: nervous sweating
beer,专有标签: beer
multicolored_dress,专有标签: multicolored dress
sniper_rifle,专有标签: sniper rifle
bear_ears,专有标签: bear ears
reverse_cowgirl_position,专有标签: reverse cowgirl position
film_grain,专有标签: film grain
single_shoe,专有标签: single shoe
bikini_bottom_only,专有标签: bikini bottom only
speed_lines,专有标签: speed lines
dirty,专有标签: dirty
cherry,专有标签: cherry
shark_tail,专有标签: shark tail
1990s_(style),专有标签: 1990s (style)
red_halo,专有标签: red halo
tying_hair,专有标签: tying hair
yellow_footwear,黄色鞋
red_eyeshadow,专有标签: red eyeshadow
scroll,专有标签: scroll
miqo'te,专有标签: miqo'te
cushion,专有标签: cushion
sheep_horns,专有标签: sheep horns
green_kimono,专有标签: green kimono
vertical-striped_thighhighs,专有标签: vertical-striped thighhighs
red_sweater,专有标签: red sweater
insect_wings,专有标签: insect wings
heart_brooch,专有标签: heart brooch
puff_of_air,专有标签: puff of air
rimless_eyewear,专有标签: rimless eyewear
burger,专有标签: burger
bow_hairband,专有标签: bow hairband
male_swimwear,专有标签: male swimwear
scissors,专有标签: scissors
frilled_bra,专有标签: frilled bra
saucer,专有标签: saucer
blue_gemstone,专有标签: blue gemstone
chest_tattoo,专有标签: chest tattoo
egg,专有标签: egg
holding_fork,专有标签: holding fork
moaning,专有标签: moaning
green_panties,绿色内裤
horse,马
heads_together,专有标签: heads together
grey_thighhighs,专有标签: grey thighhighs
aiming,专有标签: aiming
sanpaku,专有标签: sanpaku
torogao,专有标签: torogao
merry_christmas,专有标签: merry christmas
jaggy_lines,专有标签: jaggy lines
feeding,专有标签: feeding
biceps,专有标签: biceps
shouting,专有标签: shouting
sleepy,专有标签: sleepy
zouri,专有标签: zouri
collared_jacket,专有标签: collared jacket
yukkuri_shiteitte_ne,专有标签: yukkuri shiteitte ne
coffee,专有标签: coffee
skin-covered_horns,专有标签: skin-covered horns
race_queen,专有标签: race queen
fur-trimmed_dress,专有标签: fur-trimmed dress
motorcycle,专有标签: motorcycle
cooking,专有标签: cooking
yellow_halo,专有标签: yellow halo
female_ejaculation,专有标签: female ejaculation
fucked_silly,专有标签: fucked silly
traditional_bowtie,专有标签: traditional bowtie
tail_wagging,专有标签: tail wagging
anchor_hair_ornament,专有标签: anchor hair ornament
navel_hair,专有标签: navel hair
yellow_hairband,专有标签: yellow hairband
bare_tree,专有标签: bare tree
nekomata,专有标签: nekomata
giantess,专有标签: giantess
no_eyes,无眼
ear_bow,专有标签: ear bow
cyborg,专有标签: cyborg
unworn_panties,专有标签: unworn panties
fur-trimmed_cape,专有标签: fur-trimmed cape
long_coat,专有标签: long coat
ball_gag,专有标签: ball gag
hair_pulled_back,专有标签: hair pulled back
v-neck,专有标签: v-neck
trait_connection,专有标签: trait connection
chest_jewel,专有标签: chest jewel
unworn_skirt,专有标签: unworn skirt
extra_arms,专有标签: extra arms
topknot,专有标签: topknot
blue_hoodie,专有标签: blue hoodie
tape,专有标签: tape
bruise,专有标签: bruise
female_orgasm,专有标签: female orgasm
gigantic_breasts,专有标签: gigantic breasts
shelf,专有标签: shelf
sailor_senshi_uniform,专有标签: sailor senshi uniform
stomach_bulge,专有标签: stomach bulge
extra_eyes,专有标签: extra eyes
cum_string,专有标签: cum string
between_fingers,专有标签: between fingers
d:,专有标签: d:
clipboard,专有标签: clipboard
reclining,专有标签: reclining
sleeveless_jacket,专有标签: sleeveless jacket
engrish_text,专有标签: engrish text
electric_guitar,专有标签: electric guitar
green_pants,绿色裤
green_theme,专有标签: green theme
white_neckerchief,专有标签: white neckerchief
standing_split,专有标签: standing split
bestiality,专有标签: bestiality
jiangshi,专有标签: jiangshi
superhero,专有标签: superhero
single_sock,专有标签: single sock
brown_vest,专有标签: brown vest
print_panties,专有标签: print panties
skeleton,专有标签: skeleton
yawning,专有标签: yawning
waist_cape,专有标签: waist cape
shirt_pull,专有标签: shirt pull
shared_bathing,专有标签: shared bathing
lily_(flower),专有标签: lily (flower)
long_braid,专有标签: long braid
green_gloves,绿色手套
holding_card,专有标签: holding card
holding_can,专有标签: holding can
hooded_coat,专有标签: hooded coat
clothed_male_nude_female,专有标签: clothed male nude female
jester_cap,专有标签: jester cap
open_vest,专有标签: open vest
planted,专有标签: planted
yellow_sclera,专有标签: yellow sclera
plaid_shirt,专有标签: plaid shirt
tentacle_sex,专有标签: tentacle sex
weapon_on_back,武器在背
detached_wings,专有标签: detached wings
holding_cigarette,专有标签: holding cigarette
cardboard_box,专有标签: cardboard box
sake,专有标签: sake
solid_oval_eyes,专有标签: solid oval eyes
infection_monitor_(arknights),专有标签: infection monitor (arknights)
:|,专有标签: :|
monocle,专有标签: monocle
picture_frame,专有标签: picture frame
book_stack,专有标签: book stack
black_blindfold,专有标签: black blindfold
pink_sweater,专有标签: pink sweater
track_suit,专有标签: track suit
fox_shadow_puppet,专有标签: fox shadow puppet
pink_choker,专有标签: pink choker
pillow_hug,专有标签: pillow hug
cube_hair_ornament,专有标签: cube hair ornament
heart_ahoge,专有标签: heart ahoge
frilled_collar,专有标签: frilled collar
floating_object,专有标签: floating object
black_suit,专有标签: black suit
poolside,专有标签: poolside
nightgown,专有标签: nightgown
expressions,专有标签: expressions
punching,专有标签: punching
spoken_musical_note,专有标签: spoken musical note
flat_color,专有标签: flat color
the_pose,专有标签: the pose
cross-shaped_pupils,专有标签: cross-shaped pupils
side-by-side,专有标签: side-by-side
frilled_choker,专有标签: frilled choker
striped_bowtie,专有标签: striped bowtie
beach_umbrella,专有标签: beach umbrella
artistic_error,专有标签: artistic error
pillar,专有标签: pillar
broken,专有标签: broken
white_necktie,专有标签: white necktie
jumpsuit,专有标签: jumpsuit
faulds,专有标签: faulds
perspective,专有标签: perspective
police_uniform,专有标签: police uniform
uwabaki,专有标签: uwabaki
bride,专有标签: bride
blood_on_hands,专有标签: blood on hands
downblouse,专有标签: downblouse
doll_joints,专有标签: doll joints
yellow_nails,专有标签: yellow nails
holding_wand,手持魔杖
kariginu,专有标签: kariginu
pregnant,专有标签: pregnant
sepia,专有标签: sepia
cross_hair_ornament,专有标签: cross hair ornament
hands_on_own_cheeks,专有标签: hands on own cheeks
mind_control,专有标签: mind control
wine,专有标签: wine
weapon_over_shoulder,武器覆盖肩
pointy_hair,专有标签: pointy hair
very_dark_skin,专有标签: very dark skin
competition_school_swimsuit,专有标签: competition school swimsuit
over-kneehighs,专有标签: over-kneehighs
3:,专有标签: 3:
twisted_torso,专有标签: twisted torso
chess_piece,专有标签: chess piece
aqua_bow,水色蝴蝶结
official_alternate_hair_length,专有标签: official alternate hair length
leotard_under_clothes,专有标签: leotard under clothes
lowleg_panties,专有标签: lowleg panties
\m/,专有标签: \m/
front_ponytail,专有标签: front ponytail
karakasa_obake,专有标签: karakasa obake
take_your_pick,专有标签: take your pick
pink_hairband,专有标签: pink hairband
sweater_lift,专有标签: sweater lift
crack,专有标签: crack
taut_shirt,专有标签: taut shirt
baseball_bat,专有标签: baseball bat
tile_wall,专有标签: tile wall
orb,专有标签: orb
pun,专有标签: pun
bandaid_on_nose,专有标签: bandaid on nose
pinky_out,专有标签: pinky out
playing_games,专有标签: playing games
street,街道
internal_cumshot,专有标签: internal cumshot
mouse,专有标签: mouse
footjob,专有标签: footjob
skull_hair_ornament,专有标签: skull hair ornament
cum_on_ass,专有标签: cum on ass
hand_on_own_stomach,专有标签: hand on own stomach
red_bodysuit,专有标签: red bodysuit
heart_print,专有标签: heart print
heart_cutout,专有标签: heart cutout
lap_pillow,专有标签: lap pillow
pervert,专有标签: pervert
uterus,专有标签: uterus
shy,专有标签: shy
xd,专有标签: xd
bokeh,专有标签: bokeh
plaid_scarf,专有标签: plaid scarf
side_braids,专有标签: side braids
flower_field,专有标签: flower field
laptop,专有标签: laptop
girl_sandwich,专有标签: girl sandwich
holding_hat,手持帽
glaring,专有标签: glaring
open_hoodie,专有标签: open hoodie
tail_bow,尾蝴蝶结
charm_(object),专有标签: charm (object)
red_bra,红色胸罩
purple_bra,紫色胸罩
chest_harness,专有标签: chest harness
adjusting_headwear,专有标签: adjusting headwear
beamed_eighth_notes,专有标签: beamed eighth notes
short_necktie,专有标签: short necktie
blood_splatter,专有标签: blood splatter
cross_earrings,专有标签: cross earrings
holding_candy,专有标签: holding candy
coat_on_shoulders,专有标签: coat on shoulders
halter_dress,专有标签: halter dress
lower_teeth_only,专有标签: lower teeth only
tokiwadai_school_uniform,专有标签: tokiwadai school uniform
horn_ribbon,专有标签: horn ribbon
knees,膝盖
multiple_rings,专有标签: multiple rings
prosthesis,专有标签: prosthesis
cow_tail,专有标签: cow tail
floppy_ears,专有标签: floppy ears
river,专有标签: river
dog_tags,专有标签: dog tags
gold,金色
exhibitionism,专有标签: exhibitionism
mountainous_horizon,专有标签: mountainous horizon
two-tone_skin,专有标签: two-tone skin
shopping_bag,专有标签: shopping bag
body_blush,专有标签: body blush
plaid_bow,专有标签: plaid bow
dougi,专有标签: dougi
purple_lips,专有标签: purple lips
chaldea_uniform,专有标签: chaldea uniform
kotatsu,专有标签: kotatsu
fat_mons,专有标签: fat mons
hand_on_own_ass,专有标签: hand on own ass
single_mechanical_arm,专有标签: single mechanical arm
single_sidelock,专有标签: single sidelock
leg_warmers,专有标签: leg warmers
explosive,专有标签: explosive
loincloth,专有标签: loincloth
frilled_thighhighs,专有标签: frilled thighhighs
robot_joints,专有标签: robot joints
bra_pull,专有标签: bra pull
pinstripe_pattern,专有标签: pinstripe pattern
purple_necktie,专有标签: purple necktie
paper_lantern,专有标签: paper lantern
military_jacket,专有标签: military jacket
meat,专有标签: meat
forehead_protector,专有标签: forehead protector
holding_paper,专有标签: holding paper
castle,专有标签: castle
two-tone_shirt,专有标签: two-tone shirt
solid_circle_eyes,专有标签: solid circle eyes
holding_ball,专有标签: holding ball
yellow_headwear,专有标签: yellow headwear
dango,专有标签: dango
lanyard,专有标签: lanyard
otonokizaka_school_uniform,专有标签: otonokizaka school uniform
father_and_daughter,专有标签: father and daughter
whistle,专有标签: whistle
company_connection,专有标签: company connection
leg_tattoo,专有标签: leg tattoo
sleeves_past_elbows,专有标签: sleeves past elbows
heart_pasties,专有标签: heart pasties
faceless_female,专有标签: faceless female
two-tone_fur,专有标签: two-tone fur
chain-link_fence,专有标签: chain-link fence
twilight,专有标签: twilight
bound_legs,专有标签: bound legs
white_camisole,专有标签: white camisole
thighhighs_under_boots,专有标签: thighhighs under boots
single_wing,专有标签: single wing
vase,专有标签: vase
covering_face,遮住脸
tomboy,专有标签: tomboy
penguin,专有标签: penguin
utility_pole,专有标签: utility pole
belt_collar,专有标签: belt collar
brown_bow,棕色蝴蝶结
suggestive_fluid,专有标签: suggestive fluid
medium_bangs,专有标签: medium bangs
red_wings,专有标签: red wings
thigh_holster,专有标签: thigh holster
dressing,专有标签: dressing
skyscraper,专有标签: skyscraper
shorts_pull,专有标签: shorts pull
costume_switch,专有标签: costume switch
suitcase,专有标签: suitcase
bubble_skirt,专有标签: bubble skirt
food_focus,专有标签: food focus
striped_socks,专有标签: striped socks
monster_boy,魔物男孩
mismatched_pupils,专有标签: mismatched pupils
feet_up,足向上
noodles,专有标签: noodles
blue_butterfly,专有标签: blue butterfly
oripathy_lesion_(arknights),专有标签: oripathy lesion (arknights)
waistcoat,专有标签: waistcoat
cowboy_hat,专有标签: cowboy hat
;p,专有标签: ;p
whip,专有标签: whip
print_dress,专有标签: print dress
cum_on_tongue,专有标签: cum on tongue
evening,专有标签: evening
damaged,专有标签: damaged
paper_fan,专有标签: paper fan
train_interior,专有标签: train interior
autumn,专有标签: autumn
flower-shaped_pupils,专有标签: flower-shaped pupils
asymmetrical_sleeves,专有标签: asymmetrical sleeves
see-through_shirt,专有标签: see-through shirt
unworn_clothes,专有标签: unworn clothes
polka_dot_panties,专有标签: polka dot panties
grapes,专有标签: grapes
lapels,专有标签: lapels
projectile_cum,专有标签: projectile cum
teardrop,专有标签: teardrop
blue_bodysuit,专有标签: blue bodysuit
firing,专有标签: firing
time_paradox,专有标签: time paradox
knight,专有标签: knight
grabbing_another's_hair,专有标签: grabbing another's hair
family,专有标签: family
torn_pants,专有标签: torn pants
star_in_eye,星在眼
brown_fur,专有标签: brown fur
holding_removed_eyewear,专有标签: holding removed eyewear
print_pantyhose,专有标签: print pantyhose
bird_tail,专有标签: bird tail
anal_beads,专有标签: anal beads
holding_pen,专有标签: holding pen
grey_pantyhose,专有标签: grey pantyhose
turn_pale,专有标签: turn pale
zombie,专有标签: zombie
gradient_eyes,专有标签: gradient eyes
cow_print_bikini,专有标签: cow print bikini
albino,专有标签: albino
thong_bikini,专有标签: thong bikini
bra_visible_through_clothes,专有标签: bra visible through clothes
flag_print,专有标签: flag print
unmoving_pattern,专有标签: unmoving pattern
water_gun,水枪
white_bloomers,专有标签: white bloomers
full_armor,专有标签: full armor
breast_envy,专有标签: breast envy
panty_peek,专有标签: panty peek
popped_collar,专有标签: popped collar
chest_sarashi,专有标签: chest sarashi
bursting_breasts,专有标签: bursting breasts
female_pervert,专有标签: female pervert
onigiri,专有标签: onigiri
wet_panties,专有标签: wet panties
fox,狐
animal_ear_headphones,专有标签: animal ear headphones
wolf,狼
swivel_chair,专有标签: swivel chair
waves,专有标签: waves
yellow_gloves,黄色手套
pearl_necklace,专有标签: pearl necklace
large_bow,大蝴蝶结
armpit_peek,专有标签: armpit peek
heart-shaped_box,专有标签: heart-shaped box
multicolored_nails,专有标签: multicolored nails
old_school_swimsuit,专有标签: old school swimsuit
no_socks,无袜
convenient_leg,专有标签: convenient leg
stand_(jojo),专有标签: stand (jojo)
green_bowtie,专有标签: green bowtie
tail_ribbon,尾缎带
snout,专有标签: snout
flower_knot,专有标签: flower knot
fat_man,专有标签: fat man
shushing,专有标签: shushing
rose_petals,专有标签: rose petals
blue_sleeves,蓝色袖
yandere,专有标签: yandere
bird_ears,专有标签: bird ears
stirrup_legwear,专有标签: stirrup legwear
maebari,专有标签: maebari
husband_and_wife,专有标签: husband and wife
2others,2个其他角色
orange_jacket,橙色夹克
purple_leotard,专有标签: purple leotard
disembodied_penis,专有标签: disembodied penis
pussy_peek,专有标签: pussy peek
pink_skin,专有标签: pink skin
squatting_cowgirl_position,专有标签: squatting cowgirl position
streaming_tears,专有标签: streaming tears
cat_boy,猫男孩
notebook,专有标签: notebook
beer_mug,专有标签: beer mug
shark_girl,专有标签: shark girl
microphone_stand,专有标签: microphone stand
partially_unzipped,专有标签: partially unzipped
aiguillette,专有标签: aiguillette
dolphin_shorts,专有标签: dolphin shorts
amputee,专有标签: amputee
energy,专有标签: energy
mouse_girl,专有标签: mouse girl
arthropod_girl,专有标签: arthropod girl
vertical-striped_shirt,专有标签: vertical-striped shirt
multiple_4koma,专有标签: multiple 4koma
fur_hat,专有标签: fur hat
bicycle,专有标签: bicycle
obijime,专有标签: obijime
mixed-sex_bathing,专有标签: mixed-sex bathing
fur-trimmed_headwear,专有标签: fur-trimmed headwear
bra_strap,专有标签: bra strap
strap_pull,专有标签: strap pull
school_chair,专有标签: school chair
ice_cream_cone,专有标签: ice cream cone
animal_on_shoulder,兽在肩
orange_dress,橙色连衣裙
blue_buruma,专有标签: blue buruma
interface_headset,专有标签: interface headset
pink_necktie,专有标签: pink necktie
toeless_footwear,专有标签: toeless footwear
crotchless,专有标签: crotchless
raised_eyebrow,专有标签: raised eyebrow
boy_on_top,专有标签: boy on top
suit_jacket,专有标签: suit jacket
bone,专有标签: bone
striped_scarf,专有标签: striped scarf
whiskers,专有标签: whiskers
mismatched_gloves,专有标签: mismatched gloves
chick,专有标签: chick
cane,专有标签: cane
grey_vest,专有标签: grey vest
money,专有标签: money
blue_socks,蓝色袜
black_skin,专有标签: black skin
poster_(object),专有标签: poster (object)
peeking_out,专有标签: peeking out
medium_skirt,中等裙
argyle_legwear,专有标签: argyle legwear
frilled_hat,专有标签: frilled hat
ship,专有标签: ship
open_hands,张开手
tengu-geta,专有标签: tengu-geta
striped_skirt,专有标签: striped skirt
danmaku,专有标签: danmaku
hand_on_another's_cheek,专有标签: hand on another's cheek
orange_(fruit),专有标签: orange (fruit)
showgirl_skirt,专有标签: showgirl skirt
striped_ribbon,专有标签: striped ribbon
recording,专有标签: recording
demon,恶魔
double_handjob,专有标签: double handjob
waist_bow,腰蝴蝶结
quiver,专有标签: quiver
waking_up,专有标签: waking up
alien,专有标签: alien
blue_fire,专有标签: blue fire
romaji_text,专有标签: romaji text
red_buruma,专有标签: red buruma
falling_leaves,专有标签: falling leaves
heart-shaped_chocolate,专有标签: heart-shaped chocolate
nintendo_switch,专有标签: nintendo switch
closed_umbrella,专有标签: closed umbrella
button_gap,专有标签: button gap
black_cloak,专有标签: black cloak
lightning,专有标签: lightning
hydrangea,专有标签: hydrangea
taking_picture,专有标签: taking picture
fedora,专有标签: fedora
cable_knit,专有标签: cable knit
hands_on_own_knees,专有标签: hands on own knees
breast_suppress,专有标签: breast suppress
holding_camera,专有标签: holding camera
revolver,专有标签: revolver
grabbing_own_ass,专有标签: grabbing own ass
bandaid_on_knee,专有标签: bandaid on knee
hatching_(texture),专有标签: hatching (texture)
unsheathing,专有标签: unsheathing
slime_(substance),专有标签: slime (substance)
backboob,专有标签: backboob
on_desk,专有标签: on desk
coffee_mug,专有标签: coffee mug
super_crown,专有标签: super crown
low_twin_braids,专有标签: low twin braids
spring_onion,专有标签: spring onion
single_leg_pantyhose,专有标签: single leg pantyhose
grey_cardigan,专有标签: grey cardigan
ladle,专有标签: ladle
elbow_pads,专有标签: elbow pads
crotch,专有标签: crotch
print_thighhighs,专有标签: print thighhighs
skinny,专有标签: skinny
photo_background,专有标签: photo background
winter_coat,专有标签: winter coat
yellow_sweater,专有标签: yellow sweater
serval_print,专有标签: serval print
crazy_eyes,专有标签: crazy eyes
orange_flower,橙色花
half-closed_eye,专有标签: half-closed eye
holding_strap,专有标签: holding strap
see-through_cleavage,专有标签: see-through cleavage
wine_bottle,专有标签: wine bottle
back_cutout,专有标签: back cutout
two-tone_jacket,专有标签: two-tone jacket
single_elbow_glove,专有标签: single elbow glove
humanization,专有标签: humanization
statue,专有标签: statue
netorare,专有标签: netorare
dimples_of_venus,专有标签: dimples of venus
sideways_mouth,专有标签: sideways mouth
thigh_grab,专有标签: thigh grab
locker,专有标签: locker
cat_hair_ornament,专有标签: cat hair ornament
yellow_shorts,黄色短裤
reverse_trap,专有标签: reverse trap
cake_slice,专有标签: cake slice
kitchen,专有标签: kitchen
ambiguous_gender,专有标签: ambiguous gender
blue_wings,专有标签: blue wings
naked_ribbon,专有标签: naked ribbon
starfish,专有标签: starfish
colored_pencil_(medium),专有标签: colored pencil (medium)
orange_bikini,橙色比基尼
black_flower,黑色花
torn_dress,专有标签: torn dress
throne,专有标签: throne
lance,专有标签: lance
black_ascot,专有标签: black ascot
print_skirt,专有标签: print skirt
ringlets,专有标签: ringlets
butterfly_wings,专有标签: butterfly wings
hot,专有标签: hot
multiple_hair_bows,专有标签: multiple hair bows
crow,专有标签: crow
reverse_grip,专有标签: reverse grip
holding_broom,专有标签: holding broom
demon_boy,恶魔男孩
red_gemstone,专有标签: red gemstone
spoken_blush,专有标签: spoken blush
condom_in_mouth,专有标签: condom in mouth
crowd,专有标签: crowd
unworn_jacket,专有标签: unworn jacket
track_pants,专有标签: track pants
male_masturbation,专有标签: male masturbation
bikini_bottom_aside,专有标签: bikini bottom aside
holding_shield,专有标签: holding shield
towel_around_neck,专有标签: towel around neck
sagging_breasts,专有标签: sagging breasts
knees_to_chest,专有标签: knees to chest
hand_on_another's_chin,专有标签: hand on another's chin
blood_on_weapon,专有标签: blood on weapon
dress_bow,连衣裙蝴蝶结
crab,专有标签: crab
arm_hair,手臂发
gears,专有标签: gears
pole,专有标签: pole
muted_color,专有标签: muted color
pink_neckerchief,专有标签: pink neckerchief
red_scrunchie,专有标签: red scrunchie
snowman,专有标签: snowman
stick,专有标签: stick
grey_hoodie,专有标签: grey hoodie
blood_from_mouth,专有标签: blood from mouth
dragon_wings,专有标签: dragon wings
yellow_fur,专有标签: yellow fur
one-piece_swimsuit_pull,专有标签: one-piece swimsuit pull
business_suit,专有标签: business suit
tower,专有标签: tower
forked_eyebrows,专有标签: forked eyebrows
wedgie,专有标签: wedgie
baggy_pants,专有标签: baggy pants
holding_bowl,专有标签: holding bowl
metal_collar,专有标签: metal collar
unworn_mask,专有标签: unworn mask
armchair,专有标签: armchair
defeat,专有标签: defeat
gourd,专有标签: gourd
bandaged_hand,专有标签: bandaged hand
boat,专有标签: boat
armpit_hair,专有标签: armpit hair
white_vest,专有标签: white vest
trading_card,专有标签: trading card
hose,专有标签: hose
long_tongue,专有标签: long tongue
machine_gun,专有标签: machine gun
pointing_at_self,专有标签: pointing at self
spread_anus,专有标签: spread anus
frilled_hair_tubes,专有标签: frilled hair tubes
evil_grin,专有标签: evil grin
impossible_shirt,专有标签: impossible shirt
unbuttoned_shirt,专有标签: unbuttoned shirt
scar_on_chest,专有标签: scar on chest
breast_lift,专有标签: breast lift
road_sign,专有标签: road sign
lock,专有标签: lock
digimon_(creature),专有标签: digimon (creature)
drop_shadow,专有标签: drop shadow
roswaal_mansion_maid_uniform,专有标签: roswaal mansion maid uniform
holding_lollipop,专有标签: holding lollipop
yellow_theme,专有标签: yellow theme
poking,专有标签: poking
blue_capelet,专有标签: blue capelet
barcode,专有标签: barcode
hairpods,专有标签: hairpods
waterfall,专有标签: waterfall
footwear_bow,鞋蝴蝶结
pocket_watch,专有标签: pocket watch
dark_elf,专有标签: dark elf
shiny_pokemon,专有标签: shiny pokemon
purple_hairband,专有标签: purple hairband
school,专有标签: school
baby,专有标签: baby
clone,专有标签: clone
body_markings,专有标签: body markings
letter,专有标签: letter
elbow_rest,专有标签: elbow rest
lightning_bolt_symbol,专有标签: lightning bolt symbol
landscape,专有标签: landscape
multiple_wings,专有标签: multiple wings
imagining,专有标签: imagining
trident,专有标签: trident
album_cover,专有标签: album cover
soap_bubbles,专有标签: soap bubbles
wrist_ribbon,专有标签: wrist ribbon
garreg_mach_monastery_uniform,专有标签: garreg mach monastery uniform
single_sleeve,单个袖
hands_in_hair,手在发
surgical_mask,专有标签: surgical mask
toilet,专有标签: toilet
pointing_up,专有标签: pointing up
unconventional_maid,专有标签: unconventional maid
open_collar,张开衣领
bustier,专有标签: bustier
brown_bag,棕色包
weibo_username,专有标签: weibo username
v_over_eye,专有标签: v over eye
red_pupils,专有标签: red pupils
pirate_hat,专有标签: pirate hat
towel_on_head,专有标签: towel on head
red_rope,专有标签: red rope
pouring,专有标签: pouring
anal_tail,专有标签: anal tail
sleeveless_kimono,专有标签: sleeveless kimono
furry_with_non-furry,专有标签: furry with non-furry
leather_jacket,专有标签: leather jacket
trench_coat,专有标签: trench coat
mouth_drool,专有标签: mouth drool
paizuri_under_clothes,专有标签: paizuri under clothes
orange_bowtie,专有标签: orange bowtie
pink_cardigan,专有标签: pink cardigan
planted_sword,专有标签: planted sword
gradient_sky,专有标签: gradient sky
>:(,专有标签: >:(
looking_at_object,专有标签: looking at object
orange_headwear,专有标签: orange headwear
loose_necktie,专有标签: loose necktie
bow-shaped_hair,专有标签: bow-shaped hair
hypnosis,专有标签: hypnosis
bodypaint,专有标签: bodypaint
dress_pull,专有标签: dress pull
bullet,专有标签: bullet
brown_scarf,专有标签: brown scarf
against_glass,专有标签: against glass
death,专有标签: death
imminent_rape,专有标签: imminent rape
lowleg_bikini,专有标签: lowleg bikini
green_sailor_collar,专有标签: green sailor collar
holding_towel,专有标签: holding towel
pink_scarf,专有标签: pink scarf
red_sailor_collar,专有标签: red sailor collar
clover,专有标签: clover
toe_scrunch,专有标签: toe scrunch
locked_arms,专有标签: locked arms
heart_background,专有标签: heart background
fusion,专有标签: fusion
oppai_loli,专有标签: oppai loli
fur-trimmed_boots,专有标签: fur-trimmed boots
spread_ass,专有标签: spread ass
holding_own_arm,手持自己手臂
heart_in_eye,爱心在眼
multicolored_skirt,专有标签: multicolored skirt
linea_alba,专有标签: linea alba
gym_shorts,专有标签: gym shorts
jar,专有标签: jar
command_spell,专有标签: command spell
leg_hair,专有标签: leg hair
no_nipples,专有标签: no nipples
mini_wings,专有标签: mini wings
bear,专有标签: bear
multiple_horns,专有标签: multiple horns
steepled_fingers,专有标签: steepled fingers
carrot_hair_ornament,专有标签: carrot hair ornament
mandarin_orange,专有标签: mandarin orange
power_armor,专有标签: power armor
covered_collarbone,专有标签: covered collarbone
bubble_blowing,专有标签: bubble blowing
midair,专有标签: midair
looking_at_penis,专有标签: looking at penis
silk,专有标签: silk
hairy,专有标签: hairy
sailor,专有标签: sailor
keyboard_(computer),专有标签: keyboard (computer)
long_eyelashes,专有标签: long eyelashes
horror_(theme),专有标签: horror (theme)
winged_arms,专有标签: winged arms
puddle,专有标签: puddle
heart_necklace,专有标签: heart necklace
flaccid,专有标签: flaccid
frilled_gloves,专有标签: frilled gloves
yellow_panties,黄色内裤
milk,专有标签: milk
blue_ascot,专有标签: blue ascot
leaning_on_person,专有标签: leaning on person
argyle_background,专有标签: argyle background
stomach_tattoo,专有标签: stomach tattoo
flight_deck,专有标签: flight deck
open_door,专有标签: open door
2021,专有标签: 2021
underboob_cutout,专有标签: underboob cutout
leaf_print,专有标签: leaf print
arm_belt,专有标签: arm belt
unsheathed,专有标签: unsheathed
purple_rose,专有标签: purple rose
backwards_hat,专有标签: backwards hat
arm_around_shoulder,专有标签: arm around shoulder
v-fin,专有标签: v-fin
shop,专有标签: shop
cat_cutout,专有标签: cat cutout
polka_dot_bikini,专有标签: polka dot bikini
:>=,专有标签: :>=
library,专有标签: library
black_tail,黑色尾
2022,专有标签: 2022
halftone_background,专有标签: halftone background
hand_on_own_arm,手在自己手臂
no_pussy,专有标签: no pussy
crescent_pin,专有标签: crescent pin
red_headband,专有标签: red headband
strapless_bikini,专有标签: strapless bikini
nervous_smile,专有标签: nervous smile
nude_cover,专有标签: nude cover
red_sleeves,红色袖
earclip,专有标签: earclip
earpiece,专有标签: earpiece
checkered_skirt,专有标签: checkered skirt
painting_(object),专有标签: painting (object)
holding_box,专有标签: holding box
white_robe,专有标签: white robe
reverse_outfit,专有标签: reverse outfit
thorns,专有标签: thorns
tiger_girl,专有标签: tiger girl
grey_coat,专有标签: grey coat
mechanical_wings,专有标签: mechanical wings
assisted_exposure,专有标签: assisted exposure
mobile_suit,专有标签: mobile suit
tissue_box,专有标签: tissue box
mother_and_son,专有标签: mother and son
cat_lingerie,专有标签: cat lingerie
purple_pantyhose,专有标签: purple pantyhose
white_horns,专有标签: white horns
pince-nez,专有标签: pince-nez
dark_nipples,专有标签: dark nipples
office_chair,专有标签: office chair
musical_note_hair_ornament,专有标签: musical note hair ornament
holding_mask,专有标签: holding mask
frilled_pillow,专有标签: frilled pillow
pentagram,专有标签: pentagram
torn_skirt,专有标签: torn skirt
imminent_vaginal,专有标签: imminent vaginal
unaligned_breasts,专有标签: unaligned breasts
thong_leotard,专有标签: thong leotard
two-tone_gloves,专有标签: two-tone gloves
cum_pool,专有标签: cum pool
macaron,专有标签: macaron
black_fur,专有标签: black fur
red_belt,专有标签: red belt
heart_choker,专有标签: heart choker
orange_ribbon,橙色缎带
colorful,专有标签: colorful
after_anal,专有标签: after anal
teacher,专有标签: teacher
black_bag,黑色包
tablet_pc,专有标签: tablet pc
kissing_cheek,专有标签: kissing cheek
scar_on_arm,专有标签: scar on arm
penis_on_face,专有标签: penis on face
see-through_silhouette,专有标签: see-through silhouette
tsundere,专有标签: tsundere
heart-shaped_eyewear,专有标签: heart-shaped eyewear
flashing,专有标签: flashing
lake,专有标签: lake
policewoman,专有标签: policewoman
2023,专有标签: 2023
egg_vibrator,专有标签: egg vibrator
flexible,专有标签: flexible
ribbon-trimmed_legwear,专有标签: ribbon-trimmed legwear
circle,专有标签: circle
defloration,专有标签: defloration
hooded_capelet,专有标签: hooded capelet
deep_penetration,专有标签: deep penetration
blue_belt,专有标签: blue belt
spider_web,专有标签: spider web
small_horns,专有标签: small horns
viewfinder,专有标签: viewfinder
bat_print,专有标签: bat print
hair_beads,专有标签: hair beads
stage,专有标签: stage
tiger,专有标签: tiger
demon_slayer_uniform,专有标签: demon slayer uniform
test_tube,专有标签: test tube
arm_rest,专有标签: arm rest
soccer_uniform,专有标签: soccer uniform
striped_jacket,专有标签: striped jacket
game_console,专有标签: game console
spider_lily,专有标签: spider lily
pink_shorts,粉色短裤
holding_scythe,专有标签: holding scythe
holding_pom_poms,专有标签: holding pom poms
grey_sailor_collar,专有标签: grey sailor collar
lifting_person,专有标签: lifting person
purple_vest,专有标签: purple vest
arm_hug,专有标签: arm hug
virgin_killer_sweater,专有标签: virgin killer sweater
uneven_eyes,专有标签: uneven eyes
improvised_gag,专有标签: improvised gag
cat_paws,专有标签: cat paws
egasumi,专有标签: egasumi
scope,专有标签: scope
fog,专有标签: fog
reverse_bunnysuit,专有标签: reverse bunnysuit
white_feathers,专有标签: white feathers
brand_name_imitation,专有标签: brand name imitation
fishing_rod,专有标签: fishing rod
leaning,专有标签: leaning
fisheye,专有标签: fisheye
lower_body,下半身
octopus,专有标签: octopus
lion_tail,专有标签: lion tail
remote_control,专有标签: remote control
dangle_earrings,专有标签: dangle earrings
food_print,专有标签: food print
ears_down,耳向下
bolt_action,专有标签: bolt action
bike_shorts_under_skirt,专有标签: bike shorts under skirt
envelope,专有标签: envelope
print_bow,专有标签: print bow
yellow_scarf,专有标签: yellow scarf
rapier,专有标签: rapier
shide,专有标签: shide
tight_pants,专有标签: tight pants
dog_boy,狗男孩
number_tattoo,专有标签: number tattoo
kiseru,专有标签: kiseru
swimming,专有标签: swimming
sleeves_pushed_up,专有标签: sleeves pushed up
earth_(planet),专有标签: earth (planet)
1980s_(style),专有标签: 1980s (style)
cat_hood,专有标签: cat hood
food_on_body,专有标签: food on body
raccoon_girl,专有标签: raccoon girl
grabbing_another's_ass,专有标签: grabbing another's ass
partially_undressed,专有标签: partially undressed
bikini_top_lift,专有标签: bikini top lift
print_gloves,专有标签: print gloves
soul_gem,专有标签: soul gem
glowing_weapon,专有标签: glowing weapon
reverse_suspended_congress,专有标签: reverse suspended congress
shooting_star,专有标签: shooting star
penis_awe,专有标签: penis awe
blue_scrunchie,专有标签: blue scrunchie
leotard_aside,专有标签: leotard aside
butt_plug,专有标签: butt plug
violin,专有标签: violin
shrine,专有标签: shrine
bikini_tan,专有标签: bikini tan
novelty_censor,专有标签: novelty censor
lion_girl,专有标签: lion girl
dancer,专有标签: dancer
ryouou_school_uniform,专有标签: ryouou school uniform
opaque_glasses,专有标签: opaque glasses
holding_axe,专有标签: holding axe
red_sclera,专有标签: red sclera
kunai,专有标签: kunai
showering,专有标签: showering
pubic_hair_peek,专有标签: pubic hair peek
no_legwear,专有标签: no legwear
shore,专有标签: shore
thank_you,专有标签: thank you
kyuubi,专有标签: kyuubi
spacecraft,专有标签: spacecraft
folded_fan,专有标签: folded fan
robot_ears,专有标签: robot ears
bandaids_on_nipples,专有标签: bandaids on nipples
red_moon,红色月亮
anus_peek,专有标签: anus peek
idol_clothes,专有标签: idol clothes
after_fellatio,专有标签: after fellatio
orange_necktie,专有标签: orange necktie
cheek-to-cheek,专有标签: cheek-to-cheek
christmas_ornaments,专有标签: christmas ornaments
chicken,专有标签: chicken
biting_own_lip,专有标签: biting own lip
train,专有标签: train
you_gonna_get_raped,专有标签: you gonna get raped
lamia,专有标签: lamia
text_background,专有标签: text background
beak,专有标签: beak
paper_bag,专有标签: paper bag
pink_leotard,专有标签: pink leotard
still_life,专有标签: still life
multiple_belts,专有标签: multiple belts
floor,专有标签: floor
father_and_son,专有标签: father and son
duck,专有标签: duck
framed_breasts,专有标签: framed breasts
shotgun,专有标签: shotgun
orange_sky,橙色天空
sideless_outfit,专有标签: sideless outfit
flip-flops,专有标签: flip-flops
bandaid_on_cheek,专有标签: bandaid on cheek
wizard_hat,专有标签: wizard hat
middle_finger,专有标签: middle finger
too_many,专有标签: too many
holding_pokemon,专有标签: holding pokemon
hand_under_clothes,手下方衣服
rooftop,专有标签: rooftop
cage,专有标签: cage
aran_sweater,专有标签: aran sweater
sushi,专有标签: sushi
goth_fashion,专有标签: goth fashion
banana,专有标签: banana
w_arms,专有标签: w arms
single_detached_sleeve,专有标签: single detached sleeve
scar_on_nose,专有标签: scar on nose
harpy,专有标签: harpy
irrumatio,专有标签: irrumatio
smokestack,专有标签: smokestack
fighting,专有标签: fighting
taur,专有标签: taur
constellation,专有标签: constellation
cat_ear_headphones,专有标签: cat ear headphones
employee_uniform,专有标签: employee uniform
uchiwa,专有标签: uchiwa
plaid_dress,专有标签: plaid dress
radio_antenna,专有标签: radio antenna
pizza,专有标签: pizza
sheep,专有标签: sheep
tomoe_(symbol),专有标签: tomoe (symbol)
quad_tails,专有标签: quad tails
prosthetic_arm,专有标签: prosthetic arm
chewing_gum,专有标签: chewing gum
lemon,专有标签: lemon
black_armor,专有标签: black armor
tomato,专有标签: tomato
lineup,专有标签: lineup
jacket_partially_removed,专有标签: jacket partially removed
asymmetrical_footwear,专有标签: asymmetrical footwear
red_sash,专有标签: red sash
lifebuoy,专有标签: lifebuoy
vertical-striped_dress,专有标签: vertical-striped dress
orange_nails,专有标签: orange nails
needle,专有标签: needle
leopard_print,专有标签: leopard print
rose_print,专有标签: rose print
costume,专有标签: costume
green_gemstone,专有标签: green gemstone
energy_sword,专有标签: energy sword
wrench,专有标签: wrench
gloom_(expression),专有标签: gloom (expression)
drum,专有标签: drum
paint_splatter,专有标签: paint splatter
suction_cups,专有标签: suction cups
sode,专有标签: sode
lying_on_person,专有标签: lying on person
afloat,专有标签: afloat
bandage_over_one_eye,专有标签: bandage over one eye
hair_tucking,专有标签: hair tucking
sheep_ears,专有标签: sheep ears
contrail,专有标签: contrail
rubber_duck,专有标签: rubber duck
arms_under_breasts,手臂下方胸部
arms_around_neck,专有标签: arms around neck
on_grass,专有标签: on grass
seagull,专有标签: seagull
breast_curtains,专有标签: breast curtains
character_profile,专有标签: character profile
unworn_bra,专有标签: unworn bra
transformation,专有标签: transformation
upright_straddle,专有标签: upright straddle
purple_bodysuit,专有标签: purple bodysuit
pussy_juice_trail,专有标签: pussy juice trail
holding_another's_arm,专有标签: holding another's arm
ribbed_shirt,专有标签: ribbed shirt
finger_gun,专有标签: finger gun
milestone_celebration,专有标签: milestone celebration
blue_pantyhose,专有标签: blue pantyhose
spacesuit,专有标签: spacesuit
staring,专有标签: staring
sandwich,专有标签: sandwich
pumps,专有标签: pumps
animal_feet,兽足
deepthroat,专有标签: deepthroat
two-tone_skirt,专有标签: two-tone skirt
diagonal_bangs,专有标签: diagonal bangs
swimsuit_aside,专有标签: swimsuit aside
wing_hair_ornament,专有标签: wing hair ornament
cowlick,专有标签: cowlick
green_cape,专有标签: green cape
pussy_juice_stain,专有标签: pussy juice stain
spread_toes,专有标签: spread toes
perky_breasts,专有标签: perky breasts
median_furrow,专有标签: median furrow
maid_bikini,专有标签: maid bikini
vegetable,专有标签: vegetable
hands_on_another's_face,专有标签: hands on another's face
map,专有标签: map
neon_trim,专有标签: neon trim
holding_dagger,专有标签: holding dagger
reindeer_antlers,专有标签: reindeer antlers
bone_hair_ornament,专有标签: bone hair ornament
tail_through_clothes,尾透过衣服
green_leotard,专有标签: green leotard
pompadour,专有标签: pompadour
huge_nipples,专有标签: huge nipples
cream,专有标签: cream
adjusting_swimsuit,专有标签: adjusting swimsuit
green_scarf,专有标签: green scarf
parfait,专有标签: parfait
candy_apple,专有标签: candy apple
furisode,专有标签: furisode
calligraphy_brush,专有标签: calligraphy brush
presenting_armpit,专有标签: presenting armpit
striped_tail,专有标签: striped tail
;q,专有标签: ;q
spoken_squiggle,专有标签: spoken squiggle
cuts,专有标签: cuts
clothed_pokemon,专有标签: clothed pokemon
fairy_(sao),专有标签: fairy (sao)
alternate_universe,专有标签: alternate universe
jacket_around_waist,专有标签: jacket around waist
green_sweater,专有标签: green sweater
multiple_crossover,专有标签: multiple crossover
pokephilia,专有标签: pokephilia
beer_can,专有标签: beer can
gloved_handjob,专有标签: gloved handjob
medical_eyepatch,专有标签: medical eyepatch
magazine_(weapon),专有标签: magazine (weapon)
purple_choker,专有标签: purple choker
swim_trunks,专有标签: swim trunks
banner,专有标签: banner
stylus,专有标签: stylus
holding_underwear,专有标签: holding underwear
obiage,专有标签: obiage
frilled_one-piece_swimsuit,专有标签: frilled one-piece swimsuit
kote,专有标签: kote
coattails,专有标签: coattails
braided_hair_rings,专有标签: braided hair rings
non-humanoid_robot,专有标签: non-humanoid robot
orange_footwear,橙色鞋
briefcase,专有标签: briefcase
yellow_kimono,专有标签: yellow kimono
multicolored_wings,专有标签: multicolored wings
pantylines,专有标签: pantylines
blue_hakama,专有标签: blue hakama
rectangular_eyewear,专有标签: rectangular eyewear
baozi,专有标签: baozi
slave,专有标签: slave
american_flag,专有标签: american flag
skirt_suit,专有标签: skirt suit
aqua_bowtie,专有标签: aqua bowtie
happy_halloween,专有标签: happy halloween
bleeding,专有标签: bleeding
thinking,专有标签: thinking
feather_boa,专有标签: feather boa
o-ring_bottom,专有标签: o-ring bottom
piggyback,专有标签: piggyback
ceiling,专有标签: ceiling
goggles_around_neck,专有标签: goggles around neck
arm_around_waist,专有标签: arm around waist
purple_wings,专有标签: purple wings
american_flag_legwear,专有标签: american flag legwear
clothes_grab,专有标签: clothes grab
letterman_jacket,专有标签: letterman jacket
breast_tattoo,专有标签: breast tattoo
kogal,专有标签: kogal
mascara,专有标签: mascara
digital_media_player,专有标签: digital media player
squirrel_ears,专有标签: squirrel ears
collage,专有标签: collage
chain_necklace,专有标签: chain necklace
ejaculating_while_penetrated,专有标签: ejaculating while penetrated
hands_on_another's_shoulders,专有标签: hands on another's shoulders
object_namesake,专有标签: object namesake
miniboy,专有标签: miniboy
single_kneehigh,专有标签: single kneehigh
ear_ribbon,专有标签: ear ribbon
barbell_piercing,专有标签: barbell piercing
black_headband,专有标签: black headband
finger_on_trigger,专有标签: finger on trigger
laevatein_(touhou),专有标签: laevatein (touhou)
green_coat,专有标签: green coat
mole_on_thigh,专有标签: mole on thigh
multiple_earrings,专有标签: multiple earrings
domino_mask,专有标签: domino mask
layered_clothes,专有标签: layered clothes
yellow_rose,专有标签: yellow rose
purple_pants,紫色裤
energy_gun,专有标签: energy gun
single_hair_intake,专有标签: single hair intake
spoken_interrobang,专有标签: spoken interrobang
sake_bottle,专有标签: sake bottle
grey_panties,灰色内裤
kanzashi,专有标签: kanzashi
wet_swimsuit,专有标签: wet swimsuit
sheep_girl,专有标签: sheep girl
egyptian,专有标签: egyptian
soda_can,专有标签: soda can
updo,专有标签: updo
pancake,专有标签: pancake
remote_control_vibrator,专有标签: remote control vibrator
pillarboxed,专有标签: pillarboxed
string_of_fate,专有标签: string of fate
spotlight,专有标签: spotlight
flute,专有标签: flute
white_wrist_cuffs,专有标签: white wrist cuffs
city_lights,专有标签: city lights
debris,专有标签: debris
figure,专有标签: figure
what,专有标签: what
lily_pad,专有标签: lily pad
binoculars,专有标签: binoculars
toy,专有标签: toy
animal_penis,专有标签: animal penis
spitroast,专有标签: spitroast
frilled_kimono,专有标签: frilled kimono
eyepatch_bikini,专有标签: eyepatch bikini
bag_charm,专有标签: bag charm
throwing,专有标签: throwing
bar_(place),专有标签: bar (place)
hand_on_another's_arm,专有标签: hand on another's arm
chips_(food),专有标签: chips (food)
fur-trimmed_hood,专有标签: fur-trimmed hood
bat_hair_ornament,专有标签: bat hair ornament
diagonal-striped_clothes,专有标签: diagonal-striped clothes
goggles_on_headwear,专有标签: goggles on headwear
burn_scar,专有标签: burn scar
sparkle_background,专有标签: sparkle background
big_belly,专有标签: big belly
hand_on_another's_chest,专有标签: hand on another's chest
horned_headwear,专有标签: horned headwear
neck_tattoo,专有标签: neck tattoo
paradis_military_uniform,专有标签: paradis military uniform
surreal,专有标签: surreal
scowl,专有标签: scowl
open_dress,张开连衣裙
white_scrunchie,专有标签: white scrunchie
left-handed,专有标签: left-handed
au_ra,专有标签: au ra
capri_pants,专有标签: capri pants
talons,专有标签: talons
bra_peek,专有标签: bra peek
button_badge,专有标签: button badge
weibo_logo,专有标签: weibo logo
hiding,专有标签: hiding
frying_pan,专有标签: frying pan
peeing_self,专有标签: peeing self
rudder_footwear,专有标签: rudder footwear
red_eyeliner,专有标签: red eyeliner
nanamori_school_uniform,专有标签: nanamori school uniform
cupcake,专有标签: cupcake
shouji,专有标签: shouji
trash_can,专有标签: trash can
hand_on_another's_back,专有标签: hand on another's back
megaphone,专有标签: megaphone
holding_drink,专有标签: holding drink
shovel,专有标签: shovel
wiffle_gag,专有标签: wiffle gag
hair_tie_in_mouth,专有标签: hair tie in mouth
black_scrunchie,专有标签: black scrunchie
subtitled,专有标签: subtitled
white_headband,专有标签: white headband
blue-framed_eyewear,专有标签: blue-framed eyewear
nightcap,专有标签: nightcap
abstract_background,专有标签: abstract background
duel,专有标签: duel
bangs_pinned_back,专有标签: bangs pinned back
skates,专有标签: skates
squirrel_tail,专有标签: squirrel tail
hair_twirling,专有标签: hair twirling
bird_on_head,专有标签: bird on head
owl,专有标签: owl
submerged,专有标签: submerged
guro,专有标签: guro
exercise,专有标签: exercise
latin_cross,专有标签: latin cross
bubble_tea,专有标签: bubble tea
american_flag_dress,专有标签: american flag dress
layered_bikini,专有标签: layered bikini
diamond_button,专有标签: diamond button
print_bowtie,专有标签: print bowtie
black_camisole,专有标签: black camisole
trefoil,专有标签: trefoil
black_cardigan,专有标签: black cardigan
horn_bow,专有标签: horn bow
naked_sweater,专有标签: naked sweater
mochi,专有标签: mochi
pink_apron,专有标签: pink apron
okobo,专有标签: okobo
colored_pubic_hair,专有标签: colored pubic hair
gas_mask,专有标签: gas mask
newspaper,专有标签: newspaper
green_hairband,专有标签: green hairband
two-tone_swimsuit,专有标签: two-tone swimsuit
grinding,专有标签: grinding
rei_no_himo,专有标签: rei no himo
yoga_pants,专有标签: yoga pants
kindergarten_uniform,专有标签: kindergarten uniform
piano,专有标签: piano
horizontal_pupils,专有标签: horizontal pupils
stained_glass,专有标签: stained glass
yellow_cardigan,专有标签: yellow cardigan
wolf_boy,狼男孩
doorway,专有标签: doorway
black_robe,专有标签: black robe
horseshoe_ornament,专有标签: horseshoe ornament
??,专有标签: ??
prone_bone,专有标签: prone bone
rabbit_pose,专有标签: rabbit pose
hand_over_own_mouth,手覆盖自己嘴
sidelighting,专有标签: sidelighting
basketball_(object),专有标签: basketball (object)
green_bra,绿色胸罩
hallway,专有标签: hallway
hagoromo,专有标签: hagoromo
writing,专有标签: writing
in_box,专有标签: in box
holding_smoking_pipe,专有标签: holding smoking pipe
snot,专有标签: snot
spill,专有标签: spill
carrying_person,专有标签: carrying person
tie_clip,专有标签: tie clip
speaker,专有标签: speaker
1koma,专有标签: 1koma
chef_hat,专有标签: chef hat
diffraction_spikes,专有标签: diffraction spikes
santa_dress,专有标签: santa dress
high-waist_shorts,专有标签: high-waist shorts
green_thighhighs,专有标签: green thighhighs
uranohoshi_school_uniform,专有标签: uranohoshi school uniform
orange_gloves,橙色手套
black_mask,专有标签: black mask
heart_tattoo,专有标签: heart tattoo
rabbit_hood,专有标签: rabbit hood
aiming_at_viewer,专有标签: aiming at viewer
lifting_another's_clothes,专有标签: lifting another's clothes
four-leaf_clover,专有标签: four-leaf clover
excalibur_(fate/stay_night),专有标签: excalibur (fate/stay night)
tunic,专有标签: tunic
grenade,专有标签: grenade
grey_sky,灰色天空
magazine_cover,专有标签: magazine cover
rabbit_print,专有标签: rabbit print
public_nudity,专有标签: public nudity
cum_on_stomach,专有标签: cum on stomach
japari_symbol,专有标签: japari symbol
crossed_ankles,专有标签: crossed ankles
purple_sleeves,紫色袖
frogtie,专有标签: frogtie
mechanical_parts,专有标签: mechanical parts
dragon_print,专有标签: dragon print
spider_web_print,专有标签: spider web print
sleeveless_sweater,专有标签: sleeveless sweater
ankle_socks,专有标签: ankle socks
stuffed_cat,专有标签: stuffed cat
shikishi,专有标签: shikishi
black_lips,专有标签: black lips
earbuds,专有标签: earbuds
grey_socks,灰色袜
sleepwear,专有标签: sleepwear
qingdai_guanmao,专有标签: qingdai guanmao
lotus,专有标签: lotus
dice,专有标签: dice
mitsudomoe_(shape),专有标签: mitsudomoe (shape)
hand_on_another's_hip,专有标签: hand on another's hip
goldfish,专有标签: goldfish
bullpup,专有标签: bullpup
fox_boy,狐男孩
multi-tied_hair,专有标签: multi-tied hair
medal,专有标签: medal
corruption,专有标签: corruption
slime_girl,专有标签: slime girl
animal_ear_piercing,专有标签: animal ear piercing
shark_hair_ornament,专有标签: shark hair ornament
colored_tongue,专有标签: colored tongue
leg_lock,专有标签: leg lock
rod_of_remorse,专有标签: rod of remorse
chainsaw,专有标签: chainsaw
shibari_over_clothes,专有标签: shibari over clothes
bird_girl,专有标签: bird girl
holding_flag,专有标签: holding flag
treble_clef,专有标签: treble clef
darkness,专有标签: darkness
ribbed_dress,专有标签: ribbed dress
watson_cross,专有标签: watson cross
gaping,专有标签: gaping
flower_pot,专有标签: flower pot
gold_earrings,专有标签: gold earrings
cheese,专有标签: cheese
two-tone_bikini,专有标签: two-tone bikini
lace_panties,专有标签: lace panties
tassel_hair_ornament,专有标签: tassel hair ornament
chained,专有标签: chained
wide_spread_legs,专有标签: wide spread legs
in_tree,专有标签: in tree
bad_feet,专有标签: bad feet
loose_belt,专有标签: loose belt
on_shoulder,在肩
candy_cane,专有标签: candy cane
triangle,专有标签: triangle
food_on_head,食物在头
mandarin_collar,专有标签: mandarin collar
feather_hair,专有标签: feather hair
5koma,专有标签: 5koma
finger_to_cheek,专有标签: finger to cheek
super_saiyan,专有标签: super saiyan
2020,专有标签: 2020
puckered_lips,专有标签: puckered lips
soldier,专有标签: soldier
sailor_bikini,专有标签: sailor bikini
ramen,专有标签: ramen
striped_bra,专有标签: striped bra
scene_reference,专有标签: scene reference
orange_hairband,专有标签: orange hairband
ankle_ribbon,专有标签: ankle ribbon
nipple_rings,专有标签: nipple rings
flower_earrings,专有标签: flower earrings
riding_crop,专有标签: riding crop
profanity,专有标签: profanity
embers,专有标签: embers
paint,专有标签: paint
strappy_heels,专有标签: strappy heels
torn_sleeves,专有标签: torn sleeves
grey_horns,专有标签: grey horns
plum_blossoms,专有标签: plum blossoms
happy_valentine,专有标签: happy valentine
orgy,专有标签: orgy
bloom,专有标签: bloom
plunging_neckline,专有标签: plunging neckline
bamboo_forest,专有标签: bamboo forest
flats,专有标签: flats
red_pantyhose,专有标签: red pantyhose
fluffy,专有标签: fluffy
blue_serafuku,专有标签: blue serafuku
white_cloak,专有标签: white cloak
torn_bodysuit,专有标签: torn bodysuit
greyscale_with_colored_background,专有标签: greyscale with colored background
white_cat,白色猫
crescent_earrings,专有标签: crescent earrings
yellow_pupils,专有标签: yellow pupils
purple_umbrella,专有标签: purple umbrella
drill_sidelocks,专有标签: drill sidelocks
real_life_insert,专有标签: real life insert
harem_outfit,专有标签: harem outfit
pink_scrunchie,专有标签: pink scrunchie
dusk,专有标签: dusk
hands_in_opposite_sleeves,专有标签: hands in opposite sleeves
electric_fan,专有标签: electric fan
strap_between_breasts,专有标签: strap between breasts
winged_hat,专有标签: winged hat
licking_finger,专有标签: licking finger
crotch_rope,专有标签: crotch rope
tusks,专有标签: tusks
plastic_bag,专有标签: plastic bag
holding_arrow,专有标签: holding arrow
shirt_tug,专有标签: shirt tug
meiji_schoolgirl_uniform,专有标签: meiji schoolgirl uniform
obliques,专有标签: obliques
purple_cape,专有标签: purple cape
wa_maid,专有标签: wa maid
stethoscope,专有标签: stethoscope
undersized_clothes,专有标签: undersized clothes
numbered,专有标签: numbered
shell_casing,专有标签: shell casing
orange_bodysuit,专有标签: orange bodysuit
ghost_tail,专有标签: ghost tail
paw_shoes,专有标签: paw shoes
cross_scar,专有标签: cross scar
penis_grab,专有标签: penis grab
suspender_shorts,专有标签: suspender shorts
twitter_logo,专有标签: twitter logo
see-through_dress,专有标签: see-through dress
eye_mask,专有标签: eye mask
female_pov,专有标签: female pov
tally,专有标签: tally
lotion,专有标签: lotion
holding_controller,专有标签: holding controller
gold_chain,专有标签: gold chain
puppet,专有标签: puppet
microdress,专有标签: microdress
covered_face,专有标签: covered face
blue_cardigan,专有标签: blue cardigan
clitoral_stimulation,专有标签: clitoral stimulation
porkpie_hat,专有标签: porkpie hat
seashell,专有标签: seashell
breast_slip,专有标签: breast slip
plantar_flexion,专有标签: plantar flexion
arm_held_back,专有标签: arm held back
parted_hair,专有标签: parted hair
clitoral_hood,专有标签: clitoral hood
squirrel_girl,专有标签: squirrel girl
white_sports_bra,专有标签: white sports bra
thumb_ring,专有标签: thumb ring
vibrator_under_clothes,专有标签: vibrator under clothes
spade_(shape),专有标签: spade (shape)
arm_around_neck,专有标签: arm around neck
dot_mouth,专有标签: dot mouth
mismatched_footwear,专有标签: mismatched footwear
come_hither,专有标签: come hither
police_hat,专有标签: police hat
holding_doll,专有标签: holding doll
white_cardigan,专有标签: white cardigan
cellphone_photo,专有标签: cellphone photo
over-rim_eyewear,专有标签: over-rim eyewear
diagonal-striped_bow,专有标签: diagonal-striped bow
blue_fur,专有标签: blue fur
covering_own_eyes,遮住自己眼
shower_head,专有标签: shower head
flask,专有标签: flask
heart-shaped_pillow,专有标签: heart-shaped pillow
hanfu,专有标签: hanfu
small_penis,专有标签: small penis
hugging_doll,专有标签: hugging doll
unworn_helmet,专有标签: unworn helmet
mohawk,专有标签: mohawk
multi-strapped_bikini_bottom,专有标签: multi-strapped bikini bottom
pinching,专有标签: pinching
monkey_tail,专有标签: monkey tail
ladder,专有标签: ladder
shoe_dangle,专有标签: shoe dangle
energy_wings,专有标签: energy wings
pudding,专有标签: pudding
multicolored_swimsuit,专有标签: multicolored swimsuit
hand_on_another's_thigh,专有标签: hand on another's thigh
abstract,专有标签: abstract
locker_room,专有标签: locker room
wide_ponytail,专有标签: wide ponytail
snowflake_hair_ornament,专有标签: snowflake hair ornament
purple_shorts,紫色短裤
smell,专有标签: smell
covered_abs,专有标签: covered abs
blue_overalls,专有标签: blue overalls
condom_on_penis,专有标签: condom on penis
snowflake_print,专有标签: snowflake print
head-mounted_display,专有标签: head-mounted display
skull_and_crossbones,专有标签: skull and crossbones
sunburst,专有标签: sunburst
orange_theme,专有标签: orange theme
rubber_boots,专有标签: rubber boots
checkered_scarf,专有标签: checkered scarf
reverse_upright_straddle,专有标签: reverse upright straddle
holding_sheath,专有标签: holding sheath
g-string,专有标签: g-string
breastless_clothes,专有标签: breastless clothes
black_apron,专有标签: black apron
peeking,专有标签: peeking
beard_stubble,专有标签: beard stubble
purple_scarf,专有标签: purple scarf
hip_bones,专有标签: hip bones
french_fries,专有标签: french fries
mechanical_legs,专有标签: mechanical legs
white_theme,专有标签: white theme
purple_coat,专有标签: purple coat
american_flag_bikini,专有标签: american flag bikini
child_on_child,专有标签: child on child
wedding,专有标签: wedding
striped_pants,专有标签: striped pants
jirai_kei,专有标签: jirai kei
black_corset,专有标签: black corset
glowstick,专有标签: glowstick
yellow_scrunchie,专有标签: yellow scrunchie
yunomi,专有标签: yunomi
brown_ribbon,棕色缎带
moonlight,专有标签: moonlight
stage_lights,专有标签: stage lights
jackal_ears,专有标签: jackal ears
bento,专有标签: bento
evolutionary_line,专有标签: evolutionary line
hand_grab,专有标签: hand grab
carpet,专有标签: carpet
whistle_around_neck,专有标签: whistle around neck
spoken_anger_vein,专有标签: spoken anger vein
cigar,专有标签: cigar
heart_in_mouth,爱心在嘴
gae_bolg_(fate),专有标签: gae bolg (fate)
side_cutout,专有标签: side cutout
bandaged_head,专有标签: bandaged head
world_war_ii,专有标签: world war ii
high_side_ponytail,专有标签: high side ponytail
coffee_cup,专有标签: coffee cup
holding_basket,专有标签: holding basket
mismatched_bikini,专有标签: mismatched bikini
fetal_position,专有标签: fetal position
black_feathers,专有标签: black feathers
red_socks,红色袜
blue_lips,专有标签: blue lips
bass_guitar,专有标签: bass guitar
neck_ruff,专有标签: neck ruff
kuromorimine_military_uniform,专有标签: kuromorimine military uniform
orc,专有标签: orc
feather_trim,专有标签: feather trim
giving,专有标签: giving
paddle,专有标签: paddle
pirate,专有标签: pirate
white_nails,专有标签: white nails
song_name,专有标签: song name
urethra,专有标签: urethra
turtle_shell,专有标签: turtle shell
tongue_piercing,专有标签: tongue piercing
jealous,专有标签: jealous
praying,专有标签: praying
:i,专有标签: :i
driving,专有标签: driving
shoulder_spikes,专有标签: shoulder spikes
holding_panties,手持内裤
o-ring_choker,专有标签: o-ring choker
cold,专有标签: cold
clover_hair_ornament,专有标签: clover hair ornament
evening_gown,专有标签: evening gown
scar_on_forehead,专有标签: scar on forehead
duffel_bag,专有标签: duffel bag
shared_clothes,专有标签: shared clothes
pink_bodysuit,专有标签: pink bodysuit
holding_leash,专有标签: holding leash
gekkoukan_high_school_uniform,专有标签: gekkoukan high school uniform
panda,专有标签: panda
alternate_legwear,专有标签: alternate legwear
on_lap,专有标签: on lap
left-to-right_manga,专有标签: left-to-right manga
chinese_knot,专有标签: chinese knot
shark,专有标签: shark
diamond-shaped_pupils,专有标签: diamond-shaped pupils
long_pointy_ears,专有标签: long pointy ears
frilled_ribbon,专有标签: frilled ribbon
orange_shorts,橙色短裤
talisman,专有标签: talisman
instant_loss,专有标签: instant loss
broken_glass,专有标签: broken glass
holding_hammer,专有标签: holding hammer
unworn_shirt,专有标签: unworn shirt
sitting_on_desk,专有标签: sitting on desk
enpera,专有标签: enpera
bite_mark,专有标签: bite mark
two-footed_footjob,专有标签: two-footed footjob
sink,专有标签: sink
cum_on_male,专有标签: cum on male
screaming,专有标签: screaming
torn_cape,专有标签: torn cape
sitting_on_face,坐着在脸
holding_condom,专有标签: holding condom
keyhole,专有标签: keyhole
finger_in_another's_mouth,专有标签: finger in another's mouth
bow_bikini,蝴蝶结比基尼
rubbing_eyes,专有标签: rubbing eyes
mouse_(computer),专有标签: mouse (computer)
cooperative_fellatio,专有标签: cooperative fellatio
fashion,专有标签: fashion
matching_outfits,专有标签: matching outfits
anime_coloring,专有标签: anime coloring
orange_kimono,专有标签: orange kimono
red_armband,专有标签: red armband
strangling,专有标签: strangling
flame-tipped_tail,专有标签: flame-tipped tail
string_of_flags,专有标签: string of flags
strapless_shirt,专有标签: strapless shirt
turning_head,专有标签: turning head
tiger_boy,专有标签: tiger boy
path,专有标签: path
scratches,专有标签: scratches
hair_horns,专有标签: hair horns
pawpads,专有标签: pawpads
shaved_ice,专有标签: shaved ice
princess,专有标签: princess
black_hakama,专有标签: black hakama
holding_sign,专有标签: holding sign
soccer_ball,专有标签: soccer ball
pill,专有标签: pill
shimakaze_(kancolle)_(cosplay),专有标签: shimakaze (kancolle) (cosplay)
pink_hoodie,专有标签: pink hoodie
ice_cube,专有标签: ice cube
gem_uniform_(houseki_no_kuni),专有标签: gem uniform (houseki no kuni)
suspension,专有标签: suspension
brown_theme,专有标签: brown theme
patterned_background,专有标签: patterned background
shoulder_carry,专有标签: shoulder carry
sigh,专有标签: sigh
tombstone,专有标签: tombstone
asticassia_school_uniform,专有标签: asticassia school uniform
puffy_detached_sleeves,专有标签: puffy detached sleeves
aqua_dress,水色连衣裙
skin_fangs,专有标签: skin fangs
egyptian_clothes,专有标签: egyptian clothes
thigh_sex,专有标签: thigh sex
deer_ears,专有标签: deer ears
beach_towel,专有标签: beach towel
uneven_gloves,专有标签: uneven gloves
club_(weapon),专有标签: club (weapon)
medium_dress,中等连衣裙
dirty_face,专有标签: dirty face
mallet,专有标签: mallet
fur_coat,专有标签: fur coat
looking_over_eyewear,专有标签: looking over eyewear
bodysuit_under_clothes,专有标签: bodysuit under clothes
open_shorts,张开短裤
hand_in_another's_hair,专有标签: hand in another's hair
foot_up,专有标签: foot up
toothbrush,专有标签: toothbrush
flower_wreath,专有标签: flower wreath
clothes_in_mouth,衣服在嘴
skirt_tug,专有标签: skirt tug
jellyfish,专有标签: jellyfish
tailcoat,专有标签: tailcoat
pink-framed_eyewear,专有标签: pink-framed eyewear
blue_apron,专有标签: blue apron
chest_belt,专有标签: chest belt
year_of_the_tiger,专有标签: year of the tiger
red_cloak,专有标签: red cloak
restaurant,专有标签: restaurant
year_of_the_rabbit,专有标签: year of the rabbit
looking_at_phone,看向手机
hadanugi_dousa,专有标签: hadanugi dousa
bandaid_on_pussy,专有标签: bandaid on pussy
lace-trimmed_dress,专有标签: lace-trimmed dress
caterpillar_tracks,专有标签: caterpillar tracks
stray_pubic_hair,专有标签: stray pubic hair
feather_earrings,专有标签: feather earrings
holding_sack,专有标签: holding sack
raincoat,专有标签: raincoat
quill,专有标签: quill
santa_bikini,专有标签: santa bikini
brown_sweater_vest,专有标签: brown sweater vest
broken_horn,专有标签: broken horn
laurel_crown,专有标签: laurel crown
loose_hair_strand,专有标签: loose hair strand
large_hat,大帽
on_table,专有标签: on table
quarter_note,专有标签: quarter note
yugake,专有标签: yugake
omelet,专有标签: omelet
pig,专有标签: pig
drumsticks,专有标签: drumsticks
eastern_dragon,专有标签: eastern dragon
padlock,专有标签: padlock
flaming_eye,专有标签: flaming eye
holding_cat,手持猫
typo,专有标签: typo
pith_helmet,专有标签: pith helmet
people,专有标签: people
sticker,专有标签: sticker
melting,专有标签: melting
hill,专有标签: hill
brown_capelet,专有标签: brown capelet
mating_press,专有标签: mating press
open-chest_sweater,专有标签: open-chest sweater
pom_pom_hair_ornament,专有标签: pom pom hair ornament
desert,专有标签: desert
faux_traditional_media,专有标签: faux traditional media
sunrise,专有标签: sunrise
arabian_clothes,专有标签: arabian clothes
looking_at_animal,看向兽
magazine_(object),专有标签: magazine (object)
seamed_legwear,专有标签: seamed legwear
tokkuri,专有标签: tokkuri
twitching_penis,专有标签: twitching penis
ear_tag,专有标签: ear tag
head_grab,专有标签: head grab
glitch,专有标签: glitch
hand_in_panties,手在内裤
grey_fur,专有标签: grey fur
grey_bow,灰色蝴蝶结
swirl_lollipop,专有标签: swirl lollipop
arch,专有标签: arch
chemise,专有标签: chemise
aqua_skirt,水色裙
pant_suit,专有标签: pant suit
hooded_cape,专有标签: hooded cape
walk-in,专有标签: walk-in
hands_on_own_head,手在自己头
basketball,专有标签: basketball
single_ear_cover,专有标签: single ear cover
wrestling_outfit,专有标签: wrestling outfit
attack,专有标签: attack
graffiti,专有标签: graffiti
disembodied_head,专有标签: disembodied head
thick_arms,专有标签: thick arms
holding_paintbrush,专有标签: holding paintbrush
cat_ear_panties,专有标签: cat ear panties
red_umbrella,专有标签: red umbrella
sangvis_ferri,专有标签: sangvis ferri
phimosis,专有标签: phimosis
wife_and_wife,专有标签: wife and wife
flat_ass,专有标签: flat ass
birthday_cake,专有标签: birthday cake
fur_scarf,专有标签: fur scarf
zombie_pose,专有标签: zombie pose
pink_sleeves,粉色袖
sweets,专有标签: sweets
narrowed_eyes,专有标签: narrowed eyes
asphyxiation,专有标签: asphyxiation
safety_pin,专有标签: safety pin
futa_with_male,专有标签: futa with male
flower_(symbol),专有标签: flower (symbol)
zero_suit,专有标签: zero suit
bomber_jacket,专有标签: bomber jacket
>_o,专有标签: > o
no_eyewear,专有标签: no eyewear
smelling,专有标签: smelling
patterned_clothing,专有标签: patterned clothing
very_sweaty,专有标签: very sweaty
naoetsu_high_school_uniform,专有标签: naoetsu high school uniform
brown_kimono,专有标签: brown kimono
cliff,专有标签: cliff
kabedon,专有标签: kabedon
rice_bowl,专有标签: rice bowl
roman_numeral,专有标签: roman numeral
blur_censor,专有标签: blur censor
hexagram,专有标签: hexagram
\||/,专有标签: \||/
cervix,专有标签: cervix
2019,专有标签: 2019
purple_sweater,专有标签: purple sweater
impregnation,专有标签: impregnation
high-waist_pants,专有标签: high-waist pants
tuxedo,专有标签: tuxedo
ceiling_light,专有标签: ceiling light
car_interior,专有标签: car interior
have_to_pee,专有标签: have to pee
overskirt,专有标签: overskirt
yellow_skin,专有标签: yellow skin
moss,专有标签: moss
chain_leash,专有标签: chain leash
crossed_bandaids,专有标签: crossed bandaids
bit_gag,专有标签: bit gag
orange_scrunchie,专有标签: orange scrunchie
anal_fingering,专有标签: anal fingering
volleyball,专有标签: volleyball
cover_image,专有标签: cover image
negligee,专有标签: negligee
green_choker,专有标签: green choker
caught,专有标签: caught
cyberpunk,专有标签: cyberpunk
borrowed_clothes,专有标签: borrowed clothes
dessert,专有标签: dessert
power_symbol,专有标签: power symbol
calendar_(object),专有标签: calendar (object)
diagonal-striped_necktie,专有标签: diagonal-striped necktie
back_tattoo,专有标签: back tattoo
spatula,专有标签: spatula
brown_sailor_collar,专有标签: brown sailor collar
black_leggings,专有标签: black leggings
light_trail,专有标签: light trail
hand_on_hilt,专有标签: hand on hilt
2018,专有标签: 2018
o3o,专有标签: o3o
aqua_ribbon,水色缎带
large_tail,大尾
tied_up_(nonsexual),专有标签: tied up (nonsexual)
bread_slice,专有标签: bread slice
black_rose,专有标签: black rose
averting_eyes,专有标签: averting eyes
head_back,头背
dreadlocks,专有标签: dreadlocks
wire,专有标签: wire
ainu_clothes,专有标签: ainu clothes
yellow_vest,专有标签: yellow vest
sleeping_upright,专有标签: sleeping upright
candlestand,专有标签: candlestand
smiley_face,专有标签: smiley face
red_hoodie,专有标签: red hoodie
drawing_(object),专有标签: drawing (object)
white_suit,专有标签: white suit
pink_pants,粉色裤
bandaid_on_arm,专有标签: bandaid on arm
grimace,专有标签: grimace
wreath,专有标签: wreath
carrot_necklace,专有标签: carrot necklace
character_hair_ornament,专有标签: character hair ornament
mechanical_horns,专有标签: mechanical horns
humanoid_robot,专有标签: humanoid robot
pulling_another's_clothes,专有标签: pulling another's clothes
grey-framed_eyewear,专有标签: grey-framed eyewear
pastry,专有标签: pastry
ribbon-trimmed_skirt,专有标签: ribbon-trimmed skirt
carrying_over_shoulder,专有标签: carrying over shoulder
lights,专有标签: lights
sun_symbol,专有标签: sun symbol
milk_bottle,专有标签: milk bottle
see-through_legwear,专有标签: see-through legwear
sword_of_hisou,专有标签: sword of hisou
facing_to_the_side,专有标签: facing to the side
bare_hips,专有标签: bare hips
nape,专有标签: nape
uneven_sleeves,专有标签: uneven sleeves
steam_censor,专有标签: steam censor
light_bulb,专有标签: light bulb
belly_chain,专有标签: belly chain
star_halo,专有标签: star halo
color_guide,专有标签: color guide
white_male_underwear,专有标签: white male underwear
samurai,专有标签: samurai
striker_unit,专有标签: striker unit
petting,专有标签: petting
look-alike,专有标签: look-alike
turtleneck_dress,专有标签: turtleneck dress
cocktail_glass,专有标签: cocktail glass
mega_pokemon,专有标签: mega pokemon
after_kiss,专有标签: after kiss
horseback_riding,专有标签: horseback riding
cameo,专有标签: cameo
ankle_cuffs,专有标签: ankle cuffs
russian_text,专有标签: russian text
untied_panties,专有标签: untied panties
mop,专有标签: mop
striped_horns,专有标签: striped horns
creator_connection,专有标签: creator connection
aqua_bikini,水色比基尼
multiple_moles,专有标签: multiple moles
holding_handheld_game_console,专有标签: holding handheld game console
reference_inset,专有标签: reference inset
year_of_the_ox,专有标签: year of the ox
striped_sleeves,专有标签: striped sleeves
curtained_hair,专有标签: curtained hair
nail,专有标签: nail
liquid,专有标签: liquid
cat_hat,猫帽
aqua_shirt,水色衬衫
clothes_hanger,专有标签: clothes hanger
cat_print,专有标签: cat print
eraser,专有标签: eraser
red_bag,红色包
tribadism,专有标签: tribadism
green_lips,专有标签: green lips
kitauji_high_school_uniform,专有标签: kitauji high school uniform
st._gloriana's_school_uniform,专有标签: st. gloriana's school uniform
shading_eyes,专有标签: shading eyes
black_sash,专有标签: black sash
slime_(creature),专有标签: slime (creature)
false_smile,专有标签: false smile
frilled_capelet,专有标签: frilled capelet
character_print,专有标签: character print
shako_cap,专有标签: shako cap
diadem,专有标签: diadem
curry,专有标签: curry
impossible_bodysuit,专有标签: impossible bodysuit
corpse,专有标签: corpse
ok_sign,专有标签: ok sign
pillow_grab,专有标签: pillow grab
nose_piercing,专有标签: nose piercing
orange_choker,专有标签: orange choker
boxers,专有标签: boxers
buzz_cut,专有标签: buzz cut
holding_clipboard,专有标签: holding clipboard
brown_cape,专有标签: brown cape
church,专有标签: church
daisy,专有标签: daisy
short_sword,短剑
playing_with_own_hair,专有标签: playing with own hair
holding_syringe,专有标签: holding syringe
torn_shorts,专有标签: torn shorts
mole_on_neck,专有标签: mole on neck
very_long_sleeves,超长袖
turban,专有标签: turban
transparent_umbrella,专有标签: transparent umbrella
skirt_around_one_leg,专有标签: skirt around one leg
butterfly_print,专有标签: butterfly print
mask_pull,专有标签: mask pull
tree_shade,专有标签: tree shade
sleep_molestation,专有标签: sleep molestation
inflatable_toy,专有标签: inflatable toy
naked_jacket,专有标签: naked jacket
spilling,专有标签: spilling
red_one-piece_swimsuit,专有标签: red one-piece swimsuit
dragon_boy,专有标签: dragon boy
oni_mask,专有标签: oni mask
denim_skirt,专有标签: denim skirt
thigh_pouch,专有标签: thigh pouch
spandex,专有标签: spandex
spread_fingers,专有标签: spread fingers
ribbed_legwear,专有标签: ribbed legwear
counter,专有标签: counter
notched_lapels,专有标签: notched lapels
bound_ankles,专有标签: bound ankles
fanny_pack,专有标签: fanny pack
fleeing,专有标签: fleeing
lipstick_mark,专有标签: lipstick mark
tam_o'_shanter,专有标签: tam o' shanter
alternate_headwear,专有标签: alternate headwear
convenient_arm,专有标签: convenient arm
asymmetrical_horns,专有标签: asymmetrical horns
green_hoodie,专有标签: green hoodie
d-pad,专有标签: d-pad
white_sash,专有标签: white sash
2016,专有标签: 2016
magatama_necklace,专有标签: magatama necklace
purple_sky,紫色天空
star_choker,专有标签: star choker
oversized_animal,专有标签: oversized animal
egg_(food),专有标签: egg (food)
single_pauldron,专有标签: single pauldron
purple_sailor_collar,专有标签: purple sailor collar
town,专有标签: town
diving_mask,专有标签: diving mask
short_bangs,专有标签: short bangs
crotchless_panties,专有标签: crotchless panties
cave,专有标签: cave
strapless_bra,专有标签: strapless bra
vertical-striped_skirt,专有标签: vertical-striped skirt
reflective_water,专有标签: reflective water
fine_art_parody,专有标签: fine art parody
mixed-language_text,专有标签: mixed-language text
orange-tinted_eyewear,专有标签: orange-tinted eyewear
cracked_skin,专有标签: cracked skin
hamster,专有标签: hamster
insignia,专有标签: insignia
clothed_animal,专有标签: clothed animal
rug,专有标签: rug
torch,专有标签: torch
finger_to_own_chin,专有标签: finger to own chin
satchel,专有标签: satchel
nose_bubble,专有标签: nose bubble
strawberry_shortcake,专有标签: strawberry shortcake
furry_with_furry,专有标签: furry with furry
confused,专有标签: confused
fourth_wall,专有标签: fourth wall
hand_on_own_leg,专有标签: hand on own leg
ufo,专有标签: ufo
pool_ladder,专有标签: pool ladder
dust,专有标签: dust
clothes_down,衣服向下
cyclops,专有标签: cyclops
yellow-framed_eyewear,专有标签: yellow-framed eyewear
surfboard,专有标签: surfboard
patch,专有标签: patch
legwear_garter,专有标签: legwear garter
potato_chips,专有标签: potato chips
burning,专有标签: burning
feather-trimmed_sleeves,专有标签: feather-trimmed sleeves
traditional_nun,专有标签: traditional nun
covering_nipples,专有标签: covering nipples
rocket_launcher,专有标签: rocket launcher
ooarai_military_uniform,专有标签: ooarai military uniform
high_contrast,专有标签: high contrast
jet,专有标签: jet
bad_hands,专有标签: bad hands
naked_coat,专有标签: naked coat
creature_and_personification,专有标签: creature and personification
balcony,专有标签: balcony
vial,专有标签: vial
plaid_bikini,专有标签: plaid bikini
studded_belt,专有标签: studded belt
bandage_on_face,专有标签: bandage on face
manga_(object),专有标签: manga (object)
spanked,专有标签: spanked
shrimp,专有标签: shrimp
cube,专有标签: cube
twitching,专有标签: twitching
starry_sky_print,专有标签: starry sky print
calendar_(medium),专有标签: calendar (medium)
cheating_(relationship),专有标签: cheating (relationship)
hyur,专有标签: hyur
trick_or_treat,专有标签: trick or treat
red_sky,红色天空
heart_hands_duo,专有标签: heart hands duo
shared_scarf,专有标签: shared scarf
after_ejaculation,专有标签: after ejaculation
pulling,拉
pendant_choker,专有标签: pendant choker
2017,专有标签: 2017
fellatio_gesture,专有标签: fellatio gesture
snake_tail,专有标签: snake tail
impossible_leotard,专有标签: impossible leotard
aerial_fireworks,专有标签: aerial fireworks
harem,专有标签: harem
pink_bag,粉色包
worried,专有标签: worried
korean_clothes,专有标签: korean clothes
prayer_beads,专有标签: prayer beads
nontraditional_playboy_bunny,专有标签: nontraditional playboy bunny
dirty_clothes,专有标签: dirty clothes
drawer,专有标签: drawer
;3,专有标签: ;3
holding_pencil,专有标签: holding pencil
2015,专有标签: 2015
shuuchiin_academy_school_uniform,专有标签: shuuchiin academy school uniform
product_placement,专有标签: product placement
skewer,专有标签: skewer
hands_on_lap,专有标签: hands on lap
thigh_ribbon,专有标签: thigh ribbon
fur-trimmed_legwear,专有标签: fur-trimmed legwear
hands_on_another's_head,专有标签: hands on another's head
whale,专有标签: whale
oversized_shirt,专有标签: oversized shirt
drone,专有标签: drone
lemon_slice,专有标签: lemon slice
holding_lantern,专有标签: holding lantern
alternate_form,专有标签: alternate form
festival,专有标签: festival
nengajou,专有标签: nengajou
two-sided_cape,专有标签: two-sided cape
drawing_tablet,专有标签: drawing tablet
champagne_flute,专有标签: champagne flute
dynamax_band,专有标签: dynamax band
vending_machine,专有标签: vending machine
fewer_digits,专有标签: fewer digits
cosmetics,专有标签: cosmetics
instrument_case,专有标签: instrument case
reflective_floor,专有标签: reflective floor
keyboard_(instrument),专有标签: keyboard (instrument)
assault_visor,专有标签: assault visor
open_skirt,张开裙
tennis_uniform,专有标签: tennis uniform
shark_hood,专有标签: shark hood
juice_box,专有标签: juice box
racket,专有标签: racket
boxing_gloves,专有标签: boxing gloves
plaid_bowtie,专有标签: plaid bowtie
glowing_sword,专有标签: glowing sword
afro,专有标签: afro
holding_stick,专有标签: holding stick
panty_straps,专有标签: panty straps
starter_pokemon_trio,专有标签: starter pokemon trio
fake_phone_screenshot,专有标签: fake phone screenshot
white-framed_eyewear,专有标签: white-framed eyewear
briefs,专有标签: briefs
multicolored_bodysuit,专有标签: multicolored bodysuit
curtain_grab,专有标签: curtain grab
plectrum,专有标签: plectrum
flexing,专有标签: flexing
team_rocket,专有标签: team rocket
turnaround,专有标签: turnaround
black_wristband,专有标签: black wristband
breast_bondage,专有标签: breast bondage
tail_bell,专有标签: tail bell
incoming_gift,专有标签: incoming gift
censored_nipples,专有标签: censored nipples
shuriken,专有标签: shuriken
d-pad_hair_ornament,专有标签: d-pad hair ornament
caustics,专有标签: caustics
dreaming,专有标签: dreaming
sketchbook,专有标签: sketchbook
tri_tails,专有标签: tri tails
champion's_tunic_(zelda),专有标签: champion's tunic (zelda)
sweatband,专有标签: sweatband
spread_wings,专有标签: spread wings
latex_bodysuit,专有标签: latex bodysuit
yellow_choker,专有标签: yellow choker
skull_mask,专有标签: skull mask
coral,专有标签: coral
grey_kimono,专有标签: grey kimono
vertical-striped_pantyhose,专有标签: vertical-striped pantyhose
under_table,专有标签: under table
little_busters!_school_uniform,专有标签: little busters! school uniform
finger_in_own_mouth,专有标签: finger in own mouth
cafe,专有标签: cafe
dove,专有标签: dove
footprints,专有标签: footprints
fried_egg,专有标签: fried egg
millipen_(medium),专有标签: millipen (medium)
when_you_see_it,专有标签: when you see it
blood_stain,专有标签: blood stain
school_hat,专有标签: school hat
gown,专有标签: gown
sweater_around_waist,专有标签: sweater around waist
ofuda_on_clothes,专有标签: ofuda on clothes
monsterification,专有标签: monsterification
wooden_bucket,专有标签: wooden bucket
sparks,专有标签: sparks
red_armor,专有标签: red armor
sleeping_on_person,专有标签: sleeping on person
hand_on_another's_ass,专有标签: hand on another's ass
lace_bra,专有标签: lace bra
fanbox_username,专有标签: fanbox username
tactical_clothes,专有标签: tactical clothes
licking_nipple,专有标签: licking nipple
video_camera,专有标签: video camera
tall_female,专有标签: tall female
taiyaki,专有标签: taiyaki
trumpet,专有标签: trumpet
turtle,专有标签: turtle
toast,专有标签: toast
crepe,专有标签: crepe
impossible_dress,专有标签: impossible dress
standing_on_liquid,专有标签: standing on liquid
hikarizaka_private_high_school_uniform,专有标签: hikarizaka private high school uniform
hands_on_headwear,专有标签: hands on headwear
sweet_potato,专有标签: sweet potato
bisexual_female,专有标签: bisexual female
u_u,专有标签: u u
single_vertical_stripe,专有标签: single vertical stripe
keychain,专有标签: keychain
spiked_armlet,专有标签: spiked armlet
holding_whip,专有标签: holding whip
traditional_youkai,专有标签: traditional youkai
millennium_cheerleader_outfit_(blue_archive),专有标签: millennium cheerleader outfit (blue archive)
see-through_leotard,专有标签: see-through leotard
green_neckerchief,专有标签: green neckerchief
milk_carton,专有标签: milk carton
industrial_pipe,专有标签: industrial pipe
adjusting_gloves,专有标签: adjusting gloves
o-ring_thigh_strap,专有标签: o-ring thigh strap
baseball,专有标签: baseball
tanuki,专有标签: tanuki
comb,专有标签: comb
cheek_pinching,专有标签: cheek pinching
pocky_day,专有标签: pocky day
frilled_socks,专有标签: frilled socks
spinning,专有标签: spinning
hands_on_own_thighs,手在自己大腿
wind_chime,专有标签: wind chime
cone_horns,专有标签: cone horns
swim_briefs,专有标签: swim briefs
leotard_pull,专有标签: leotard pull
grey_necktie,专有标签: grey necktie
alarm_clock,专有标签: alarm clock
breast_curtain,专有标签: breast curtain
hitachi_magic_wand,专有标签: hitachi magic wand
holstered,专有标签: holstered
buck_teeth,专有标签: buck teeth
variations,专有标签: variations
alley,专有标签: alley
anti-materiel_rifle,专有标签: anti-materiel rifle
puffy_shorts,专有标签: puffy shorts
barrel,专有标签: barrel
head_on_pillow,专有标签: head on pillow
cherry_blossom_print,专有标签: cherry blossom print
helm,专有标签: helm
blue_sash,专有标签: blue sash
two-sided_jacket,专有标签: two-sided jacket
crotch_plate,专有标签: crotch plate
pink_pupils,专有标签: pink pupils
plaid_necktie,专有标签: plaid necktie
kappougi,专有标签: kappougi
tripping,专有标签: tripping
multicolored_legwear,专有标签: multicolored legwear
hair_through_headwear,专有标签: hair through headwear
orange_scarf,专有标签: orange scarf
backless_leotard,专有标签: backless leotard
cheek_poking,专有标签: cheek poking
holly,专有标签: holly
multicolored_gloves,专有标签: multicolored gloves
holding_swim_ring,专有标签: holding swim ring
multiple_condoms,专有标签: multiple condoms
refrigerator,专有标签: refrigerator
pearl_(gemstone),专有标签: pearl (gemstone)
loose_clothes,专有标签: loose clothes
horned_helmet,专有标签: horned helmet
mechanical_tail,专有标签: mechanical tail
rubble,专有标签: rubble
tokusatsu,专有标签: tokusatsu
hooves,专有标签: hooves
mini-hakkero,专有标签: mini-hakkero
veranda,专有标签: veranda
stomach_cutout,专有标签: stomach cutout
naked_sheet,专有标签: naked sheet
prehensile_hair,专有标签: prehensile hair
cropped_shoulders,专有标签: cropped shoulders
skull_print,专有标签: skull print
crotch_rub,专有标签: crotch rub
seigaiha,专有标签: seigaiha
chaps,专有标签: chaps
whisk,专有标签: whisk
bird_on_hand,专有标签: bird on hand
poke_ball_print,专有标签: poke ball print
black_male_underwear,专有标签: black male underwear
traffic_light,专有标签: traffic light
roller_skates,专有标签: roller skates
patchwork_skin,专有标签: patchwork skin
happy_tears,专有标签: happy tears
energy_ball,专有标签: energy ball
leaning_on_object,专有标签: leaning on object
faucet,专有标签: faucet
stripper_pole,专有标签: stripper pole
emoji,专有标签: emoji
ritual_baton,专有标签: ritual baton
octarian,专有标签: octarian
nijigasaki_academy_school_uniform,专有标签: nijigasaki academy school uniform
prostitution,专有标签: prostitution
setsubun,专有标签: setsubun
column_lineup,专有标签: column lineup
clothed_female_nude_female,专有标签: clothed female nude female
wrestling,专有标签: wrestling
tape_gag,专有标签: tape gag
st._gloriana's_military_uniform,专有标签: st. gloriana's military uniform
constellation_print,专有标签: constellation print
ovum,专有标签: ovum
watering_can,专有标签: watering can
leg_belt,专有标签: leg belt
floating_clothes,专有标签: floating clothes
see-through_skirt,专有标签: see-through skirt
black_pubic_hair,专有标签: black pubic hair
sports_bikini,专有标签: sports bikini
tracen_training_uniform,专有标签: tracen training uniform
between_thighs,之间大腿
blue_eyeshadow,专有标签: blue eyeshadow
handsfree_ejaculation,专有标签: handsfree ejaculation
puckered_anus,专有标签: puckered anus
star_necklace,专有标签: star necklace
fine_fabric_emphasis,专有标签: fine fabric emphasis
open_pants,张开裤
beckoning,专有标签: beckoning
fishnet_top,专有标签: fishnet top
cum_on_penis,专有标签: cum on penis
hikimayu,专有标签: hikimayu
inverted_bob,专有标签: inverted bob
identity_censor,专有标签: identity censor
drop_earrings,专有标签: drop earrings
birthmark,专有标签: birthmark
squirrel,专有标签: squirrel
multicolored_bikini,专有标签: multicolored bikini
barcode_tattoo,专有标签: barcode tattoo
sleeve_garter,专有标签: sleeve garter
veiny_breasts,专有标签: veiny breasts
heart_o-ring,专有标签: heart o-ring
pink_vest,专有标签: pink vest
two-tone_ribbon,专有标签: two-tone ribbon
bear_hair_ornament,专有标签: bear hair ornament
chest_strap,专有标签: chest strap
kalashnikov_rifle,专有标签: kalashnikov rifle
face_to_breasts,脸向胸部
bowl_hat,专有标签: bowl hat
69,专有标签: 69
tight_shirt,专有标签: tight shirt
brown_necktie,专有标签: brown necktie
whipped_cream,专有标签: whipped cream
spoken_sweatdrop,专有标签: spoken sweatdrop
failure,专有标签: failure
pencil_dress,专有标签: pencil dress
scepter,专有标签: scepter
crazy_smile,专有标签: crazy smile
gold_hairband,专有标签: gold hairband
shared_umbrella,专有标签: shared umbrella
yellow_hoodie,专有标签: yellow hoodie
spider_girl,专有标签: spider girl
condom_packet_strip,专有标签: condom packet strip
eye_focus,专有标签: eye focus
different_reflection,专有标签: different reflection
white_bag,白色包
red-tinted_eyewear,专有标签: red-tinted eyewear
deviantart_username,专有标签: deviantart username
eyebrow_cut,专有标签: eyebrow cut
animal_ear_headwear,专有标签: animal ear headwear
collared_coat,专有标签: collared coat
volleyball_uniform,专有标签: volleyball uniform
budget_sarashi,专有标签: budget sarashi
goat_ears,专有标签: goat ears
anzio_school_uniform,专有标签: anzio school uniform
collared_cape,专有标签: collared cape
breasts_on_glass,专有标签: breasts on glass
sports_car,专有标签: sports car
swing,专有标签: swing
grey_scarf,专有标签: grey scarf
cuddling,专有标签: cuddling
grey_border,专有标签: grey border
single_hair_ring,专有标签: single hair ring
birdcage,专有标签: birdcage
yellow_thighhighs,专有标签: yellow thighhighs
railroad_tracks,专有标签: railroad tracks
pond,专有标签: pond
two-handed,专有标签: two-handed
cloud_print,专有标签: cloud print
green_sleeves,绿色袖
yellow_bra,黄色胸罩
rainbow_order,专有标签: rainbow order
hammer_and_sickle,专有标签: hammer and sickle
spider,专有标签: spider
orange_fur,专有标签: orange fur
lion,专有标签: lion
window_blinds,专有标签: window blinds
symmetry,专有标签: symmetry
teasing,专有标签: teasing
chasing,专有标签: chasing
cabinet,专有标签: cabinet
gate,专有标签: gate
fish_hair_ornament,专有标签: fish hair ornament
poncho,专有标签: poncho
dixie_cup_hat,专有标签: dixie cup hat
chandelier,专有标签: chandelier
leopard_ears,专有标签: leopard ears
bomb,专有标签: bomb
tankini,专有标签: tankini
purple_gemstone,专有标签: purple gemstone
futanari_masturbation,专有标签: futanari masturbation
warship,专有标签: warship
bondage_outfit,专有标签: bondage outfit
cousins,专有标签: cousins
scar_on_neck,专有标签: scar on neck
lip_piercing,专有标签: lip piercing
checkered_kimono,专有标签: checkered kimono
clover_print,专有标签: clover print
magical_musket,专有标签: magical musket
beamed_sixteenth_notes,专有标签: beamed sixteenth notes
board_game,专有标签: board game
thrusters,专有标签: thrusters
ushanka,专有标签: ushanka
lycoris_uniform,专有标签: lycoris uniform
holding_game_controller,专有标签: holding game controller
untucked_shirt,专有标签: untucked shirt
after_paizuri,专有标签: after paizuri
pink_socks,粉色袜
black_buruma,专有标签: black buruma
mars_symbol,专有标签: mars symbol
office,专有标签: office
visible_air,专有标签: visible air
winged_helmet,专有标签: winged helmet
greatsword,专有标签: greatsword
tickling,专有标签: tickling
skull_earrings,专有标签: skull earrings
sideways,专有标签: sideways
pixiv_id,专有标签: pixiv id
train_station,专有标签: train station
multicolored_fur,专有标签: multicolored fur
stuck,专有标签: stuck
fishing,专有标签: fishing
side-tie_leotard,专有标签: side-tie leotard
neon_lights,专有标签: neon lights
party_hat,专有标签: party hat
blue_horns,专有标签: blue horns
green_apron,专有标签: green apron
gusset,专有标签: gusset
park_bench,专有标签: park bench
wooden_wall,专有标签: wooden wall
union_jack,专有标签: union jack
if_they_mated,专有标签: if they mated
brushing_hair,专有标签: brushing hair
fff_threesome,专有标签: fff threesome
eyebrow_piercing,专有标签: eyebrow piercing
head_bump,专有标签: head bump
gold_necklace,专有标签: gold necklace
mouth_veil,专有标签: mouth veil
bird_legs,专有标签: bird legs
polka_dot_dress,专有标签: polka dot dress
squid,专有标签: squid
twincest,专有标签: twincest
puffy_pants,专有标签: puffy pants
tarot,专有标签: tarot
plaid_headwear,专有标签: plaid headwear
space_helmet,专有标签: space helmet
white_tail,白色尾
tube,专有标签: tube
dominatrix,专有标签: dominatrix
doyagao,专有标签: doyagao
pole_dancing,专有标签: pole dancing
brown_hairband,专有标签: brown hairband
blood_from_eyes,专有标签: blood from eyes
fiery_hair,专有标签: fiery hair
sidepec,专有标签: sidepec
strawberry_print,专有标签: strawberry print
projected_inset,专有标签: projected inset
selfcest,专有标签: selfcest
red_fur,专有标签: red fur
beam_rifle,专有标签: beam rifle
tissue,专有标签: tissue
leather_belt,专有标签: leather belt
butler,专有标签: butler
destruction,专有标签: destruction
implied_futanari,专有标签: implied futanari
green_halo,专有标签: green halo
bad_proportions,专有标签: bad proportions
choko_(cup),专有标签: choko (cup)
ink,专有标签: ink
menu,专有标签: menu
pokemon_on_head,专有标签: pokemon on head
groin_tendon,专有标签: groin tendon
marker,专有标签: marker
claw_ring,专有标签: claw ring
you're_doing_it_wrong,专有标签: you're doing it wrong
artificial_vagina,专有标签: artificial vagina
hairdressing,专有标签: hairdressing
dyed_bangs,专有标签: dyed bangs
sanshoku_dango,专有标签: sanshoku dango
air_conditioner,专有标签: air conditioner
super_robot,专有标签: super robot
two-tone_eyes,专有标签: two-tone eyes
gatling_gun,专有标签: gatling gun
wrinkled_skin,专有标签: wrinkled skin
fake_antlers,专有标签: fake antlers
frilled_cuffs,专有标签: frilled cuffs
scissor_blade_(kill_la_kill),专有标签: scissor blade (kill la kill)
two-tone_bowtie,专有标签: two-tone bowtie
baseball_uniform,专有标签: baseball uniform
bat_ears,专有标签: bat ears
morning,专有标签: morning
guitar_case,专有标签: guitar case
palm_leaf,专有标签: palm leaf
through_clothes,透过衣服
pink_blood,专有标签: pink blood
single_gauntlet,专有标签: single gauntlet
mimikaki,专有标签: mimikaki
taut_dress,专有标签: taut dress
holding_brush,专有标签: holding brush
harvin,专有标签: harvin
aqua_theme,专有标签: aqua theme
monkey,专有标签: monkey
color_connection,专有标签: color connection
against_tree,专有标签: against tree
black_halo,专有标签: black halo
suppressor,专有标签: suppressor
checkered_necktie,专有标签: checkered necktie
on_bench,专有标签: on bench
upturned_eyes,专有标签: upturned eyes
three-dimensional_maneuver_gear,专有标签: three-dimensional maneuver gear
bowl_cut,专有标签: bowl cut
tangzhuang,专有标签: tangzhuang
jack-o'_challenge,专有标签: jack-o' challenge
cropped_vest,专有标签: cropped vest
e.g.o_(project_moon),专有标签: e.g.o (project moon)
beach_chair,专有标签: beach chair
pussy_juice_puddle,专有标签: pussy juice puddle
utility_belt,专有标签: utility belt
bear_girl,专有标签: bear girl
white_serafuku,专有标签: white serafuku
fur-trimmed_cloak,专有标签: fur-trimmed cloak
straitjacket,专有标签: straitjacket
electrokinesis,专有标签: electrokinesis
m4_carbine,专有标签: m4 carbine
window_shade,专有标签: window shade
fangs_out,专有标签: fangs out
blue_headband,专有标签: blue headband
gold_bracelet,专有标签: gold bracelet
hair_brush,专有标签: hair brush
pink_coat,专有标签: pink coat
black_undershirt,专有标签: black undershirt
incoming_attack,专有标签: incoming attack
stiletto_heels,专有标签: stiletto heels
wheel,专有标签: wheel
poke_ball_symbol,专有标签: poke ball symbol
pink_fur,专有标签: pink fur
cum_on_legs,专有标签: cum on legs
yellow_wings,专有标签: yellow wings
shortstack,专有标签: shortstack
polka_dot_bra,专有标签: polka dot bra
holding_baseball_bat,专有标签: holding baseball bat
hand_on_eyewear,专有标签: hand on eyewear
notepad,专有标签: notepad
fertilization,专有标签: fertilization
tennis_racket,专有标签: tennis racket
naked_cape,专有标签: naked cape
orange_thighhighs,专有标签: orange thighhighs
akeome,专有标签: akeome
plaid_background,专有标签: plaid background
sitting_in_tree,专有标签: sitting in tree
thigh_cutout,专有标签: thigh cutout
pointer,专有标签: pointer
health_bar,专有标签: health bar
fish_girl,专有标签: fish girl
head_between_breasts,头之间胸部
knees_apart_feet_together,专有标签: knees apart feet together
ankle_lace-up,专有标签: ankle lace-up
fake_wings,专有标签: fake wings
open_bra,张开胸罩
ribbon-trimmed_clothes,专有标签: ribbon-trimmed clothes
polo_shirt,专有标签: polo shirt
blue_bag,蓝色包
soap,专有标签: soap
purple_belt,专有标签: purple belt
leg_hold,专有标签: leg hold
wooden_table,专有标签: wooden table
used_tissue,专有标签: used tissue
lipstick_tube,专有标签: lipstick tube
missile,专有标签: missile
x-shaped_pupils,专有标签: x-shaped pupils
tegaki,专有标签: tegaki
strap-on,专有标签: strap-on
red_bandana,专有标签: red bandana
spoken_character,专有标签: spoken character
pain,专有标签: pain
hand_on_another's_stomach,专有标签: hand on another's stomach
looking_at_mirror,专有标签: looking at mirror
halloween_bucket,专有标签: halloween bucket
shallow_water,专有标签: shallow water
tulip,专有标签: tulip
nail_art,专有标签: nail art
in_bucket,专有标签: in bucket
crossbow,专有标签: crossbow
fake_facial_hair,专有标签: fake facial hair
blue_collar,蓝色衣领
spring_(season),专有标签: spring (season)
dolphin,专有标签: dolphin
autobot,专有标签: autobot
flustered,专有标签: flustered
gorget,专有标签: gorget
white_veil,专有标签: white veil
clothed_masturbation,专有标签: clothed masturbation
belt_bra,专有标签: belt bra
yellow_armband,专有标签: yellow armband
surprise_kiss,专有标签: surprise kiss
holding_leaf,专有标签: holding leaf
excessive_cum,专有标签: excessive cum
cockpit,专有标签: cockpit
mace,专有标签: mace
flower_ornament,专有标签: flower ornament
full_nelson,专有标签: full nelson
pale_color,专有标签: pale color
vocaloid_append,专有标签: vocaloid append
drill,专有标签: drill
german_clothes,专有标签: german clothes
blueberry,专有标签: blueberry
in_food,在食物
fur-trimmed_skirt,专有标签: fur-trimmed skirt
shoulder_boards,专有标签: shoulder boards
age_progression,专有标签: age progression
flame_print,专有标签: flame print
cupless_bra,专有标签: cupless bra
fish_(food),专有标签: fish (food)
perineum,专有标签: perineum
spitting,专有标签: spitting
steering_wheel,专有标签: steering wheel
blowing_kiss,专有标签: blowing kiss
holding_shoes,手持鞋
hooded_sweater,专有标签: hooded sweater
arm_wrap,专有标签: arm wrap
:x,专有标签: :x
x_x,专有标签: x x
multicolored_shirt,专有标签: multicolored shirt
cooking_pot,专有标签: cooking pot
chocolate_bar,专有标签: chocolate bar
title,专有标签: title
viera,专有标签: viera
pillbox_hat,专有标签: pillbox hat
circle_cut,专有标签: circle cut
penis_out,专有标签: penis out
brown_socks,棕色袜
unconscious,专有标签: unconscious
breasts_on_head,胸部在头
single_fingerless_glove,专有标签: single fingerless glove
red_cross,专有标签: red cross
yellow_horns,专有标签: yellow horns
plaid_pants,专有标签: plaid pants
tanabata,专有标签: tanabata
holding_helmet,专有标签: holding helmet
skyline,专有标签: skyline
claw_(weapon),专有标签: claw (weapon)
circle_name,专有标签: circle name
yellow_belt,专有标签: yellow belt
pink_sailor_collar,专有标签: pink sailor collar
homurahara_academy_school_uniform,专有标签: homurahara academy school uniform
goblin,专有标签: goblin
spear_the_gungnir,专有标签: spear the gungnir
staff_(music),专有标签: staff (music)
red_hood,专有标签: red hood
grey_sleeves,灰色袖
stuffed_shark,专有标签: stuffed shark
pocky_kiss,专有标签: pocky kiss
futa_with_futa,专有标签: futa with futa
veiny_arms,专有标签: veiny arms
stationary_restraints,专有标签: stationary restraints
camellia,专有标签: camellia
unworn_bikini_top,专有标签: unworn bikini top
against_railing,专有标签: against railing
pyrokinesis,专有标签: pyrokinesis
body_hair,专有标签: body hair
chocolate_on_body,专有标签: chocolate on body
striped_gloves,专有标签: striped gloves
truck,专有标签: truck
pectoral_grab,专有标签: pectoral grab
spine,专有标签: spine
redesign,专有标签: redesign
omurice,专有标签: omurice
2024,专有标签: 2024
hair_ears,发耳
shower_(place),专有标签: shower (place)
alternate_skin_color,专有标签: alternate skin color
bow_earrings,专有标签: bow earrings
no_wings,专有标签: no wings
fur-trimmed_kimono,专有标签: fur-trimmed kimono
very_long_fingernails,专有标签: very long fingernails
cropped_hoodie,专有标签: cropped hoodie
bandaid_on_hand,专有标签: bandaid on hand
onee-loli,专有标签: onee-loli
biker_clothes,专有标签: biker clothes
doughnut_hair_bun,专有标签: doughnut hair bun
wooden_sword,专有标签: wooden sword
sticker_on_face,专有标签: sticker on face
reach-around,专有标签: reach-around
pink_pajamas,专有标签: pink pajamas
wooden_fence,专有标签: wooden fence
mixed_media,专有标签: mixed media
green-framed_eyewear,专有标签: green-framed eyewear
bandaged_neck,专有标签: bandaged neck
pacifier,专有标签: pacifier
baguette,专有标签: baguette
rabbit_house_uniform,专有标签: rabbit house uniform
chart,专有标签: chart
striped_kimono,专有标签: striped kimono
crescent_facial_mark,专有标签: crescent facial mark
poker_chip,专有标签: poker chip
heart_balloon,专有标签: heart balloon
x,专有标签: x
magnifying_glass,专有标签: magnifying glass
mahjong,专有标签: mahjong
blue_cloak,专有标签: blue cloak
stitched_face,专有标签: stitched face
inflation,专有标签: inflation
wisteria,专有标签: wisteria
sparse_pubic_hair,专有标签: sparse pubic hair
on_person,专有标签: on person
shared_food,专有标签: shared food
hand_on_another's_waist,专有标签: hand on another's waist
orange_slice,专有标签: orange slice
behind_another,后方别人
old_woman,专有标签: old woman
yagasuri,专有标签: yagasuri
overgrown,专有标签: overgrown
sweatpants,专有标签: sweatpants
shoulder_strap,专有标签: shoulder strap
rotational_symmetry,专有标签: rotational symmetry
drying,专有标签: drying
checkerboard_cookie,专有标签: checkerboard cookie
sitting_on_stairs,专有标签: sitting on stairs
eyewear_on_headwear,专有标签: eyewear on headwear
kusazuri,专有标签: kusazuri
large_insertion,专有标签: large insertion
hagoita,专有标签: hagoita
sunburst_background,专有标签: sunburst background
cowboy_western,专有标签: cowboy western
pink_collar,粉色衣领
brown_horns,专有标签: brown horns
fallen_down,专有标签: fallen down
grabbing_another's_chin,专有标签: grabbing another's chin
spirit,专有标签: spirit
bowing,专有标签: bowing
slap_mark,专有标签: slap mark
respirator,专有标签: respirator
unworn_boots,专有标签: unworn boots
torpedo_tubes,专有标签: torpedo tubes
spanking,专有标签: spanking
ramune,专有标签: ramune
sidesaddle,专有标签: sidesaddle
ribbon_bondage,专有标签: ribbon bondage
male_playboy_bunny,专有标签: male playboy bunny
plant_girl,专有标签: plant girl
column,专有标签: column
excessive_pubic_hair,专有标签: excessive pubic hair
bow_(music),专有标签: bow (music)
timestamp,专有标签: timestamp
fighter_jet,专有标签: fighter jet
thigh_belt,专有标签: thigh belt
buttjob,专有标签: buttjob
bulletproof_vest,专有标签: bulletproof vest
black_theme,专有标签: black theme
shoelaces,专有标签: shoelaces
nipple_bar,专有标签: nipple bar
kibito_high_school_uniform,专有标签: kibito high school uniform
tail_censor,专有标签: tail censor
screen,专有标签: screen
purple_capelet,专有标签: purple capelet
yellow_bag,黄色包
instagram_username,专有标签: instagram username
3others,3个其他角色
index_fingers_together,专有标签: index fingers together
pavement,专有标签: pavement
furrification,专有标签: furrification
mismatched_pubic_hair,专有标签: mismatched pubic hair
bodice,专有标签: bodice
nike_(company),专有标签: nike (company)
neck,颈部
pink_eyeshadow,专有标签: pink eyeshadow
open_window,专有标签: open window
palette_(object),专有标签: palette (object)
holding_pillow,专有标签: holding pillow
treasure_chest,专有标签: treasure chest
dress_tug,专有标签: dress tug
blue_sclera,专有标签: blue sclera
breast_smother,专有标签: breast smother
eagle,专有标签: eagle
imminent_fellatio,专有标签: imminent fellatio
messy,专有标签: messy
pink_belt,专有标签: pink belt
reindeer_costume,专有标签: reindeer costume
simplified_chinese_text,专有标签: simplified chinese text
ribbon-trimmed_collar,专有标签: ribbon-trimmed collar
pet_play,专有标签: pet play
multiple_braids,专有标签: multiple braids
hakama_pants,专有标签: hakama pants
caution_tape,专有标签: caution tape
caressing_testicles,专有标签: caressing testicles
snap-fit_buckle,专有标签: snap-fit buckle
in_the_face,专有标签: in the face
chef,专有标签: chef
head_on_another's_shoulder,专有标签: head on another's shoulder
pink_one-piece_swimsuit,专有标签: pink one-piece swimsuit
gold_armor,专有标签: gold armor
desk_lamp,专有标签: desk lamp
magatama_earrings,专有标签: magatama earrings
stadium,专有标签: stadium
hand_on_another's_neck,专有标签: hand on another's neck
holding_balloon,专有标签: holding balloon
brown-framed_eyewear,专有标签: brown-framed eyewear
blue-tinted_eyewear,专有标签: blue-tinted eyewear
scarlet_devil_mansion,专有标签: scarlet devil mansion
moon_(ornament),专有标签: moon (ornament)
buttoned_cuffs,专有标签: buttoned cuffs
graveyard,专有标签: graveyard
cow_boy,专有标签: cow boy
tree_stump,专有标签: tree stump
freediving,专有标签: freediving
torn,专有标签: torn
psychic,专有标签: psychic
lounge_chair,专有标签: lounge chair
dinosaur,专有标签: dinosaur
spiked_tail,专有标签: spiked tail
hair_in_own_mouth,发在自己嘴
micro_panties,专有标签: micro panties
viewer_holding_leash,专有标签: viewer holding leash
banknote,专有标签: banknote
wiping_tears,专有标签: wiping tears
stone_floor,专有标签: stone floor
mechanical_pencil,专有标签: mechanical pencil
priest,专有标签: priest
purple_eyeshadow,专有标签: purple eyeshadow
yellow_sash,专有标签: yellow sash
penis_size_difference,专有标签: penis size difference
palms,专有标签: palms
sword_over_shoulder,剑覆盖肩
dowsing_rod,专有标签: dowsing rod
impaled,专有标签: impaled
hanging,专有标签: hanging
love_letter,专有标签: love letter
garden,专有标签: garden
painting_(action),专有标签: painting (action)
cotton_candy,专有标签: cotton candy
partially_underwater_shot,专有标签: partially underwater shot
holding_scissors,专有标签: holding scissors
triforce,专有标签: triforce
carrying_under_arm,专有标签: carrying under arm
incoming_food,专有标签: incoming food
tail_wrap,专有标签: tail wrap
brown_cloak,专有标签: brown cloak
flip_phone,专有标签: flip phone
cum_on_hands,专有标签: cum on hands
cucumber,专有标签: cucumber
body_freckles,专有标签: body freckles
utaite,专有标签: utaite
overcast,专有标签: overcast
rainbow_gradient,专有标签: rainbow gradient
chibi_only,专有标签: chibi only
sitting_on_object,专有标签: sitting on object
pussy_piercing,专有标签: pussy piercing
crosswalk,专有标签: crosswalk
light_areolae,专有标签: light areolae
._.,专有标签: . .
hickey,专有标签: hickey
ace_(playing_card),专有标签: ace (playing card)
confession,专有标签: confession
kettle,专有标签: kettle
multicolored_bow,专有标签: multicolored bow
heart_tail,爱心尾
mole_on_ass,专有标签: mole on ass
romper,专有标签: romper
diamond_cutout,专有标签: diamond cutout
kuromorimine_school_uniform,专有标签: kuromorimine school uniform
role_reversal,专有标签: role reversal
naginata,专有标签: naginata
large_testicles,专有标签: large testicles
single_strap,专有标签: single strap
shinsengumi,专有标签: shinsengumi
kissing_forehead,专有标签: kissing forehead
bendy_straw,专有标签: bendy straw
single_pantsleg,专有标签: single pantsleg
large_wings,专有标签: large wings
bird_on_shoulder,专有标签: bird on shoulder
cat_teaser,专有标签: cat teaser
prosthetic_leg,专有标签: prosthetic leg
yasogami_school_uniform,专有标签: yasogami school uniform
stove,专有标签: stove
lotion_bottle,专有标签: lotion bottle
gold_bikini,金色比基尼
cheering,专有标签: cheering
grey_belt,专有标签: grey belt
mascot,专有标签: mascot
black_garter_straps,专有标签: black garter straps
undone_necktie,专有标签: undone necktie
orange_sailor_collar,专有标签: orange sailor collar
ankle_strap,专有标签: ankle strap
holding_needle,专有标签: holding needle
opening_door,专有标签: opening door
heel_up,专有标签: heel up
triangle_earrings,专有标签: triangle earrings
talking_on_phone,专有标签: talking on phone
fireflies,专有标签: fireflies
bow_choker,专有标签: bow choker
striped_shorts,专有标签: striped shorts
platform_heels,专有标签: platform heels
delinquent,专有标签: delinquent
ribbed_sleeves,专有标签: ribbed sleeves
animal_hug,专有标签: animal hug
severed_head,专有标签: severed head
dress_flower,连衣裙花
animal_bag,兽包
rabbit_boy,兔男孩
horns_through_headwear,专有标签: horns through headwear
mechanical_hands,专有标签: mechanical hands
green_flower,绿色花
helicopter,专有标签: helicopter
baseball_mitt,专有标签: baseball mitt
disgust,专有标签: disgust
pie,专有标签: pie
embellished_costume,专有标签: embellished costume
thighhighs_pull,专有标签: thighhighs pull
japanese_flag,专有标签: japanese flag
radio,专有标签: radio
6+others,6个以上其他角色
hooded_robe,专有标签: hooded robe
group_picture,专有标签: group picture
intravenous_drip,专有标签: intravenous drip
boned_meat,专有标签: boned meat
german_text,专有标签: german text
screentones,专有标签: screentones
purple-tinted_eyewear,专有标签: purple-tinted eyewear
venus_symbol,专有标签: venus symbol
countdown,专有标签: countdown
yellow_pants,黄色裤
purple_fur,专有标签: purple fur
straddling_paizuri,专有标签: straddling paizuri
unusually_open_eyes,专有标签: unusually open eyes
heart_button,专有标签: heart button
lube,专有标签: lube
shiba_inu,专有标签: shiba inu
sunflower_hair_ornament,专有标签: sunflower hair ornament
invisible_penis,专有标签: invisible penis
hawaiian_shirt,专有标签: hawaiian shirt
ammunition_pouch,专有标签: ammunition pouch
plate_armor,专有标签: plate armor
lettuce,专有标签: lettuce
video_game,专有标签: video game
potion,专有标签: potion
centaur,专有标签: centaur
bruise_on_face,专有标签: bruise on face
sleeveless_turtleneck_leotard,专有标签: sleeveless turtleneck leotard
39,专有标签: 39
plaid_jacket,专有标签: plaid jacket
lace-trimmed_sleeves,专有标签: lace-trimmed sleeves
lizard_tail,专有标签: lizard tail
orange_neckerchief,专有标签: orange neckerchief
stroking_own_chin,专有标签: stroking own chin
multicolored_horns,专有标签: multicolored horns
oral_invitation,专有标签: oral invitation
pointless_condom,专有标签: pointless condom
grid_background,专有标签: grid background
shikigami,专有标签: shikigami
drinking_straw_in_mouth,专有标签: drinking straw in mouth
diving_suit,专有标签: diving suit
dirndl,专有标签: dirndl
sakuramon,专有标签: sakuramon
holding_water_gun,手持水枪
pixiv_username,专有标签: pixiv username
arm_between_breasts,手臂之间胸部
two-tone_headwear,专有标签: two-tone headwear
brown_bowtie,专有标签: brown bowtie
real_world_location,专有标签: real world location
brushing_teeth,专有标签: brushing teeth
hand_puppet,专有标签: hand puppet
user_interface,专有标签: user interface
heckler_&_koch,专有标签: heckler & koch
whispering,专有标签: whispering
gym_storeroom,专有标签: gym storeroom
leg_armor,专有标签: leg armor
panda_ears,专有标签: panda ears
spiked_shell,专有标签: spiked shell
hexagon,专有标签: hexagon
u.a._school_uniform,专有标签: u.a. school uniform
molestation,专有标签: molestation
ribbon_in_mouth,缎带在嘴
frilled_shorts,专有标签: frilled shorts
green_bodysuit,专有标签: green bodysuit
stab,专有标签: stab
christmas_lights,专有标签: christmas lights
mechanization,专有标签: mechanization
spread_pussy_under_clothes,专有标签: spread pussy under clothes
tricorne,专有标签: tricorne
fortissimo,专有标签: fortissimo
handkerchief,专有标签: handkerchief
spiked_club,专有标签: spiked club
yes-no_pillow,专有标签: yes-no pillow
cloth_gag,专有标签: cloth gag
cleaning,专有标签: cleaning
harem_pants,专有标签: harem pants
takoyaki,专有标签: takoyaki
fake_mustache,专有标签: fake mustache
shirt_in_mouth,衬衫在嘴
wheelchair,专有标签: wheelchair
expressive_hair,专有标签: expressive hair
tablecloth,专有标签: tablecloth
in-franchise_crossover,专有标签: in-franchise crossover
naked_kimono,专有标签: naked kimono
yes,专有标签: yes
vibrator_under_panties,专有标签: vibrator under panties
purple_tail,紫色尾
leather_gloves,专有标签: leather gloves
juice,专有标签: juice
sleeveless_hoodie,专有标签: sleeveless hoodie
naked_hoodie,专有标签: naked hoodie
multicolored_coat,专有标签: multicolored coat
team_rocket_uniform,专有标签: team rocket uniform
stone_lantern,专有标签: stone lantern
tribal,专有标签: tribal
colored_shoe_soles,专有标签: colored shoe soles
neck_fur,专有标签: neck fur
earth_(ornament),专有标签: earth (ornament)
bow_legwear,专有标签: bow legwear
gym,专有标签: gym
sparkler,专有标签: sparkler
light_blue_background,专有标签: light blue background
berry,专有标签: berry
mustache_stubble,专有标签: mustache stubble
3d_background,专有标签: 3d background
greco-roman_clothes,专有标签: greco-roman clothes
butterfly_on_hand,专有标签: butterfly on hand
raised_fist,专有标签: raised fist
turtleneck_leotard,专有标签: turtleneck leotard
bolo_tie,专有标签: bolo tie
stone_wall,专有标签: stone wall
breathing_fire,专有标签: breathing fire
gradient_clothes,专有标签: gradient clothes
blank_censor,专有标签: blank censor
blue_feathers,专有标签: blue feathers
laser,专有标签: laser
cupping_hands,专有标签: cupping hands
horse_penis,专有标签: horse penis
sleep_mask,专有标签: sleep mask
halberd,专有标签: halberd
unworn_bag,专有标签: unworn bag
hakurei_reimu_(cosplay),专有标签: hakurei reimu (cosplay)
ass_cutout,专有标签: ass cutout
latex_gloves,专有标签: latex gloves
back_focus,专有标签: back focus
hands_on_another's_cheeks,专有标签: hands on another's cheeks
bath_yukata,专有标签: bath yukata
year_of_the_dragon,专有标签: year of the dragon
santa_boots,专有标签: santa boots
bear_print,专有标签: bear print
globe,专有标签: globe
jersey,专有标签: jersey
sakugawa_school_uniform,专有标签: sakugawa school uniform
gold_choker,专有标签: gold choker
open_robe,专有标签: open robe
log,专有标签: log
drawing_bow,专有标签: drawing bow
sheet_music,专有标签: sheet music
multiple_piercings,专有标签: multiple piercings
icho_private_high_school_uniform,专有标签: icho private high school uniform
ginkgo_leaf,专有标签: ginkgo leaf
suspended_congress,专有标签: suspended congress
chainmail,专有标签: chainmail
2014,专有标签: 2014
object_through_head,专有标签: object through head
power_suit,专有标签: power suit
scar_on_stomach,专有标签: scar on stomach
strongman_waist,专有标签: strongman waist
makizushi,专有标签: makizushi
loose_bowtie,专有标签: loose bowtie
forehead-to-forehead,专有标签: forehead-to-forehead
pink_wings,专有标签: pink wings
cooperative_paizuri,专有标签: cooperative paizuri
inset,专有标签: inset
arm_blade,专有标签: arm blade
blue_tongue,专有标签: blue tongue
blue_pupils,专有标签: blue pupils
grey_bikini,灰色比基尼
tropical_fish,专有标签: tropical fish
cat_on_head,猫在头
unworn_sandals,专有标签: unworn sandals
yellow_coat,专有标签: yellow coat
white_armor,专有标签: white armor
forked_tongue,专有标签: forked tongue
skateboard,专有标签: skateboard
eyewear_strap,专有标签: eyewear strap
a_certain_high_school_uniform,专有标签: a certain high school uniform
bamboo_broom,专有标签: bamboo broom
transparent_wings,专有标签: transparent wings
print_bra,专有标签: print bra
pentacle,专有标签: pentacle
mixing_bowl,专有标签: mixing bowl
falling_feathers,专有标签: falling feathers
gun_sling,专有标签: gun sling
shimaidon_(sex),专有标签: shimaidon (sex)
humiliation,专有标签: humiliation
blue_armor,专有标签: blue armor
pink_pantyhose,专有标签: pink pantyhose
purple_horns,专有标签: purple horns
kigurumi,专有标签: kigurumi
pointy_nose,专有标签: pointy nose
happi,专有标签: happi
master_sword,专有标签: master sword
tent,专有标签: tent
lily_of_the_valley,专有标签: lily of the valley
h&k_hk416,专有标签: h&k hk416
phoenix_crown,专有标签: phoenix crown
duffel_coat,专有标签: duffel coat
artificial_eye,专有标签: artificial eye
pants_rolled_up,专有标签: pants rolled up
unworn_gloves,专有标签: unworn gloves
short_jumpsuit,专有标签: short jumpsuit
no_lineart,专有标签: no lineart
hand_on_own_shoulder,手在自己肩
cum_on_feet,专有标签: cum on feet
grey_ribbon,灰色缎带
blonde_pubic_hair,专有标签: blonde pubic hair
origami,专有标签: origami
sorcerer's_sutra_scroll,专有标签: sorcerer's sutra scroll
phonograph,专有标签: phonograph
anilingus,专有标签: anilingus
ketchup,专有标签: ketchup
volleyball_(object),专有标签: volleyball (object)
fireplace,专有标签: fireplace
full-body_tattoo,专有标签: full-body tattoo
guiding_hand,专有标签: guiding hand
deerstalker,专有标签: deerstalker
red_apron,专有标签: red apron
large_hands,大手
striped_headwear,专有标签: striped headwear
star_facial_mark,专有标签: star facial mark
hair_flowing_over,专有标签: hair flowing over
holographic_interface,专有标签: holographic interface
broken_chain,专有标签: broken chain
grey_sports_bra,专有标签: grey sports bra
orange_pants,橙色裤
digitigrade,专有标签: digitigrade
goat_girl,专有标签: goat girl
tulip_hat,专有标签: tulip hat
crane_(machine),专有标签: crane (machine)
sex_machine,专有标签: sex machine
kitchen_knife,专有标签: kitchen knife
untying,专有标签: untying
blunt_tresses,专有标签: blunt tresses
bishamonten's_pagoda,专有标签: bishamonten's pagoda
gamepad,专有标签: gamepad
crystal_hair,专有标签: crystal hair
orange_pantyhose,专有标签: orange pantyhose
ajirogasa,专有标签: ajirogasa
off-shoulder_bikini,专有标签: off-shoulder bikini
aqua_headwear,专有标签: aqua headwear
wrist_guards,专有标签: wrist guards
grey_bra,灰色胸罩
through_wall,专有标签: through wall
arched_bangs,专有标签: arched bangs
curtsey,专有标签: curtsey
load_bearing_vest,专有标签: load bearing vest
tempura,专有标签: tempura
ballerina,专有标签: ballerina
tail_grab,专有标签: tail grab
broken_halo,专有标签: broken halo
full-length_zipper,专有标签: full-length zipper
okamisty,专有标签: okamisty
truth,专有标签: truth
voyeurism,专有标签: voyeurism
novel_cover,专有标签: novel cover
undressing_another,专有标签: undressing another
cross_print,专有标签: cross print
mechanical_ears,专有标签: mechanical ears
tiered_tray,专有标签: tiered tray
inverted_cross,专有标签: inverted cross
brown_wings,专有标签: brown wings
masturbation_through_clothes,专有标签: masturbation through clothes
wiping_face,专有标签: wiping face
black_garter_belt,专有标签: black garter belt
tail_piercing,专有标签: tail piercing
alternate_weapon,专有标签: alternate weapon
leopard_tail,专有标签: leopard tail
pokemon_on_shoulder,专有标签: pokemon on shoulder
shin_guards,专有标签: shin guards
shards,专有标签: shards
runes,专有标签: runes
purple_one-piece_swimsuit,专有标签: purple one-piece swimsuit
deer,专有标签: deer
battle_axe,专有标签: battle axe
picnic_basket,专有标签: picnic basket
green_capelet,专有标签: green capelet
holding_fishing_rod,专有标签: holding fishing rod
dust_cloud,专有标签: dust cloud
park,专有标签: park
snorkel,专有标签: snorkel
ryona,专有标签: ryona
grey_halo,专有标签: grey halo
two-tone_footwear,专有标签: two-tone footwear
walkie-talkie,专有标签: walkie-talkie
debt,专有标签: debt
overcoat,专有标签: overcoat
no_eyebrows,专有标签: no eyebrows
gem_(symbol),专有标签: gem (symbol)
club_(shape),专有标签: club (shape)
fingering_through_clothes,专有标签: fingering through clothes
dark_penis,专有标签: dark penis
hands_on_feet,手在足
dakimakura_(object),专有标签: dakimakura (object)
full-package_futanari,专有标签: full-package futanari
circled_9,专有标签: circled 9
key_necklace,专有标签: key necklace
notched_ear,专有标签: notched ear
ema,专有标签: ema
winged_footwear,专有标签: winged footwear
brown_apron,专有标签: brown apron
high_kick,专有标签: high kick
monkey_ears,专有标签: monkey ears
pink-tinted_eyewear,专有标签: pink-tinted eyewear
fiery_horns,专有标签: fiery horns
palms_together,专有标签: palms together
visor_(armor),专有标签: visor (armor)
holding_cane,专有标签: holding cane
weighing_scale,专有标签: weighing scale
neckwear_grab,专有标签: neckwear grab
uneven_horns,专有标签: uneven horns
chest_of_drawers,专有标签: chest of drawers
clock_tower,专有标签: clock tower
crate,专有标签: crate
pokedex_number,专有标签: pokedex number
crescent_print,专有标签: crescent print
school_emblem,专有标签: school emblem
donation_box,专有标签: donation box
mask_around_neck,专有标签: mask around neck
grey_nails,专有标签: grey nails
ferris_wheel,专有标签: ferris wheel
brown_hoodie,专有标签: brown hoodie
print_jacket,专有标签: print jacket
jaguar_ears,专有标签: jaguar ears
frottage,专有标签: frottage
lace-trimmed_skirt,专有标签: lace-trimmed skirt
bookmark,专有标签: bookmark
open_belt,专有标签: open belt
breast_focus,专有标签: breast focus
tiger_stripes,专有标签: tiger stripes
sidecut,专有标签: sidecut
round_image,专有标签: round image
finger_to_face,专有标签: finger to face
stepped_on,专有标签: stepped on
cow,专有标签: cow
fishnet_gloves,专有标签: fishnet gloves
yordle,专有标签: yordle
naked_bandage,专有标签: naked bandage
cheek_bulge,专有标签: cheek bulge
back-seamed_legwear,专有标签: back-seamed legwear
flashlight,专有标签: flashlight
soup,专有标签: soup
cocktail_dress,专有标签: cocktail dress
playstation_controller,专有标签: playstation controller
tail_between_legs,尾之间腿
two-tone_bodysuit,专有标签: two-tone bodysuit
doctor,专有标签: doctor
brown_bikini,棕色比基尼
perpendicular_paizuri,专有标签: perpendicular paizuri
purple_halo,专有标签: purple halo
slapping,专有标签: slapping
sausage,专有标签: sausage
torn_jeans,专有标签: torn jeans
holding_vegetable,专有标签: holding vegetable
leg_between_thighs,专有标签: leg between thighs
purple_hoodie,专有标签: purple hoodie
camcorder,专有标签: camcorder
sunflower_field,专有标签: sunflower field
animal_ear_legwear,专有标签: animal ear legwear
holding_hose,专有标签: holding hose
school_briefcase,专有标签: school briefcase
hand_net,专有标签: hand net
new_school_swimsuit,专有标签: new school swimsuit
heartbeat,专有标签: heartbeat
tomoeda_elementary_school_uniform,专有标签: tomoeda elementary school uniform
sphere_earrings,专有标签: sphere earrings
bat_girl,专有标签: bat girl
hoop_piercing,专有标签: hoop piercing
vibrator_cord,专有标签: vibrator cord
hamaya,专有标签: hamaya
asa_no_ha_(pattern),专有标签: asa no ha (pattern)
low_neckline,专有标签: low neckline
yellow_apron,专有标签: yellow apron
head_down,头向下
green_bag,绿色包
konohagakure_symbol,专有标签: konohagakure symbol
hatsune_miku_(cosplay),专有标签: hatsune miku (cosplay)
ribbed_bodysuit,专有标签: ribbed bodysuit
impossible_swimsuit,专有标签: impossible swimsuit
pastel_colors,专有标签: pastel colors
cum_on_self,专有标签: cum on self
triangle_print,专有标签: triangle print
sunscreen,专有标签: sunscreen
boxer_briefs,专有标签: boxer briefs
lighter,专有标签: lighter
imminent_anal,专有标签: imminent anal
striped_sweater,专有标签: striped sweater
candy_hair_ornament,专有标签: candy hair ornament
2013,专有标签: 2013
playstation_portable,专有标签: playstation portable
april_fools,专有标签: april fools
\o/,专有标签: \o/
sleeveless_coat,专有标签: sleeveless coat
acrylic_paint_(medium),专有标签: acrylic paint (medium)
unworn_socks,专有标签: unworn socks
kanabou,专有标签: kanabou
kesa,专有标签: kesa
gradient_legwear,专有标签: gradient legwear
holding_jacket,手持夹克
breast_conscious,专有标签: breast conscious
mismatched_sleeves,专有标签: mismatched sleeves
pasta,专有标签: pasta
teardrop_facial_mark,专有标签: teardrop facial mark
scooter,专有标签: scooter
kimono_skirt,专有标签: kimono skirt
single_stripe,专有标签: single stripe
orange_ascot,专有标签: orange ascot
spoken_object,专有标签: spoken object
tooth_necklace,专有标签: tooth necklace
salaryman,专有标签: salaryman
photo_inset,专有标签: photo inset
after_rape,专有标签: after rape
torpedo_launcher,专有标签: torpedo launcher
tropical_drink,专有标签: tropical drink
spell_card,专有标签: spell card
balancing,专有标签: balancing
stream,专有标签: stream
yo-yo,专有标签: yo-yo
ankh,专有标签: ankh
off-shoulder_jacket,专有标签: off-shoulder jacket
uvula,专有标签: uvula
cheek_press,专有标签: cheek press
purple_neckerchief,专有标签: purple neckerchief
daruma_doll,专有标签: daruma doll
faux_figurine,专有标签: faux figurine
clitoris_piercing,专有标签: clitoris piercing
double_fox_shadow_puppet,专有标签: double fox shadow puppet
aqua_panties,水色内裤
basketball_uniform,专有标签: basketball uniform
purple_fire,专有标签: purple fire
sideless_shirt,专有标签: sideless shirt
sponge,专有标签: sponge
on_vehicle,专有标签: on vehicle
leather_boots,专有标签: leather boots
goatee_stubble,专有标签: goatee stubble
werewolf,专有标签: werewolf
hand_tattoo,专有标签: hand tattoo
propeller,专有标签: propeller
friends,专有标签: friends
ballet_slippers,专有标签: ballet slippers
camouflage_jacket,专有标签: camouflage jacket
giving_up_the_ghost,专有标签: giving up the ghost
kimono_pull,专有标签: kimono pull
combat_helmet,专有标签: combat helmet
holding_own_tail,手持自己尾
grey_neckerchief,专有标签: grey neckerchief
cactus,专有标签: cactus
dark_aura,专有标签: dark aura
brushing_another's_hair,专有标签: brushing another's hair
tapir_tail,专有标签: tapir tail
single_horizontal_stripe,专有标签: single horizontal stripe
flower_necklace,专有标签: flower necklace
2012,专有标签: 2012
dark_halo,专有标签: dark halo
flashback,专有标签: flashback
excited,专有标签: excited
jojo_pose,专有标签: jojo pose
ruffling_hair,专有标签: ruffling hair
accidental_exposure,专有标签: accidental exposure
white_bird,专有标签: white bird
glomp,专有标签: glomp
diving_mask_on_head,专有标签: diving mask on head
gradient_dress,专有标签: gradient dress
triangle_hair_ornament,专有标签: triangle hair ornament
ammunition,专有标签: ammunition
party_popper,专有标签: party popper
pointy_footwear,专有标签: pointy footwear
snail,专有标签: snail
blood_on_knife,专有标签: blood on knife
dumbbell,专有标签: dumbbell
food-themed_clothes,专有标签: food-themed clothes
mechanical_eye,专有标签: mechanical eye
industrial_piercing,专有标签: industrial piercing
no_testicles,专有标签: no testicles
flower_tattoo,专有标签: flower tattoo
torn_scarf,专有标签: torn scarf
cheek_squash,专有标签: cheek squash
steampunk,专有标签: steampunk
hauchiwa,专有标签: hauchiwa
kouhaku_nawa,专有标签: kouhaku nawa
spiked_choker,专有标签: spiked choker
aroused,专有标签: aroused
sword_on_back,剑在背
pointing_at_another,专有标签: pointing at another
raimon,专有标签: raimon
bad_end,专有标签: bad end
kiyosumi_school_uniform,专有标签: kiyosumi school uniform
flock,专有标签: flock
fountain,专有标签: fountain
holding_stylus,专有标签: holding stylus
curry_rice,专有标签: curry rice
arrow_through_heart,专有标签: arrow through heart
scar_on_leg,专有标签: scar on leg
hedgehog,专有标签: hedgehog
wiping_sweat,专有标签: wiping sweat
cooler,专有标签: cooler
mithra_(ff11),专有标签: mithra (ff11)
lava,专有标签: lava
c:,专有标签: c:
sobu_high_school_uniform,专有标签: sobu high school uniform
bad_perspective,专有标签: bad perspective
onmyouji,专有标签: onmyouji
chewing,专有标签: chewing
huge_bow,巨大蝴蝶结
guided_breast_grab,专有标签: guided breast grab
nippleless_clothes,专有标签: nippleless clothes
eggplant,专有标签: eggplant
lalafell,专有标签: lalafell
robot_girl,专有标签: robot girl
aqua_jacket,水色夹克
multiple_drawing_challenge,专有标签: multiple drawing challenge
petals_on_liquid,专有标签: petals on liquid
sig_sauer,专有标签: sig sauer
circle_skirt,专有标签: circle skirt
sleeve_bow,袖蝴蝶结
plume,专有标签: plume
italian_flag,专有标签: italian flag
tanzaku,专有标签: tanzaku
2010,专有标签: 2010
no_gloves,无手套
angel_and_devil,专有标签: angel and devil
pearl_bracelet,专有标签: pearl bracelet
orange_hoodie,专有标签: orange hoodie
bartender,专有标签: bartender
hooded_cardigan,专有标签: hooded cardigan
licking_another's_face,专有标签: licking another's face
gibson_les_paul,专有标签: gibson les paul
pink_capelet,专有标签: pink capelet
hydrokinesis,专有标签: hydrokinesis
yurigaoka_girls_academy_school_uniform,专有标签: yurigaoka girls academy school uniform
hitting,专有标签: hitting
red_apple,专有标签: red apple
yellow_bodysuit,专有标签: yellow bodysuit
morning_glory,专有标签: morning glory
ear_wiggle,专有标签: ear wiggle
two-tone_sports_bra,专有标签: two-tone sports bra
linear_hatching,专有标签: linear hatching
combat_boots,专有标签: combat boots
comforting,专有标签: comforting
utensil_in_mouth,专有标签: utensil in mouth
rabbit-shaped_pupils,专有标签: rabbit-shaped pupils
hand_on_lap,专有标签: hand on lap
milking_machine,专有标签: milking machine
yin_yang_orb,专有标签: yin yang orb
machine,专有标签: machine
historical_name_connection,专有标签: historical name connection
dice_hair_ornament,专有标签: dice hair ornament
telekinesis,专有标签: telekinesis
fish_print,专有标签: fish print
button_eyes,专有标签: button eyes
polka_dot_swimsuit,专有标签: polka dot swimsuit
ninja_mask,专有标签: ninja mask
overall_shorts,专有标签: overall shorts
holding_ladle,专有标签: holding ladle
sweaty_clothes,专有标签: sweaty clothes
shorts_under_dress,短裤下方连衣裙
oven_mitts,专有标签: oven mitts
fur-trimmed_footwear,专有标签: fur-trimmed footwear
streamers,专有标签: streamers
shiny_legwear,专有标签: shiny legwear
drum_set,专有标签: drum set
eden_academy_school_uniform,专有标签: eden academy school uniform
eyewear_hang,专有标签: eyewear hang
chocolate_on_breasts,专有标签: chocolate on breasts
cutting_board,专有标签: cutting board
star_brooch,专有标签: star brooch
kirin_(armor),专有标签: kirin (armor)
breast_expansion,专有标签: breast expansion
legs_folded,专有标签: legs folded
expressive_clothes,专有标签: expressive clothes
blank_stare,专有标签: blank stare
short_sidetail,专有标签: short sidetail
burnt_clothes,专有标签: burnt clothes
ribbon-trimmed_dress,专有标签: ribbon-trimmed dress
soccer,专有标签: soccer
same-sex_bathing,专有标签: same-sex bathing
prehensile_tail,专有标签: prehensile tail
champagne,专有标签: champagne
multicolored_headwear,专有标签: multicolored headwear
honeycomb_(pattern),专有标签: honeycomb (pattern)
unamused,专有标签: unamused
round_window,专有标签: round window
oversized_food,专有标签: oversized food
shinda_sekai_sensen_uniform,专有标签: shinda sekai sensen uniform
duster,专有标签: duster
furigana,专有标签: furigana
necktie_grab,专有标签: necktie grab
implied_yuri,专有标签: implied yuri
wetsuit,专有标签: wetsuit
campfire,专有标签: campfire
green_wings,专有标签: green wings
puppet_strings,专有标签: puppet strings
anal_hair,专有标签: anal hair
futa_on_male,专有标签: futa on male
looking_at_breasts,看向胸部
solid_eyes,专有标签: solid eyes
cat_day,专有标签: cat day
paper_airplane,专有标签: paper airplane
crime_prevention_buzzer,专有标签: crime prevention buzzer
thick_lips,专有标签: thick lips
covered_penis,专有标签: covered penis
spooning,专有标签: spooning
battle_rifle,专有标签: battle rifle
compass_rose_halo,专有标签: compass rose halo
watermelon_bar,专有标签: watermelon bar
cross_tie,专有标签: cross tie
split_screen,专有标签: split screen
belt_boots,专有标签: belt boots
sharp_toenails,专有标签: sharp toenails
canvas_(object),专有标签: canvas (object)
weight_conscious,专有标签: weight conscious
camouflage_pants,专有标签: camouflage pants
ribbed_leotard,专有标签: ribbed leotard
harp,专有标签: harp
brown_tail,棕色尾
climbing,专有标签: climbing
torn_leotard,专有标签: torn leotard
soda_bottle,专有标签: soda bottle
pinching_sleeves,专有标签: pinching sleeves
dildo_riding,专有标签: dildo riding
ass_support,专有标签: ass support
ruler,专有标签: ruler
eye_of_horus,专有标签: eye of horus
2011,专有标签: 2011
strawberry_hair_ornament,专有标签: strawberry hair ornament
food-themed_earrings,专有标签: food-themed earrings
2000s_(style),专有标签: 2000s (style)
vibrator_in_thighhighs,专有标签: vibrator in thighhighs
white_umbrella,专有标签: white umbrella
holding_ice_cream,专有标签: holding ice cream
split_ponytail,专有标签: split ponytail
torn_panties,专有标签: torn panties
green_socks,绿色袜
cumulonimbus_cloud,专有标签: cumulonimbus cloud
sick,专有标签: sick
clothes,衣服
summer_festival,专有标签: summer festival
light_censor,专有标签: light censor
plaid_panties,专有标签: plaid panties
big_nose,专有标签: big nose
mole_above_mouth,专有标签: mole above mouth
riding_pokemon,专有标签: riding pokemon
monster_energy,专有标签: monster energy
athletic_leotard,专有标签: athletic leotard
two-tone_bow,专有标签: two-tone bow
trash_bag,专有标签: trash bag
headlamp,专有标签: headlamp
belly_grab,专有标签: belly grab
newhalf,专有标签: newhalf
sword_behind_back,剑后方背
multiple_swords,专有标签: multiple swords
grey_bodysuit,专有标签: grey bodysuit
fur-trimmed_shorts,专有标签: fur-trimmed shorts
frilled_leotard,专有标签: frilled leotard
chalk,专有标签: chalk
gift_bag,专有标签: gift bag
jingasa,专有标签: jingasa
hand_on_another's_leg,专有标签: hand on another's leg
hands_on_own_ass,专有标签: hands on own ass
brown_corset,专有标签: brown corset
bird_mask,专有标签: bird mask
dropping,专有标签: dropping
nostrils,专有标签: nostrils
orange_panties,橙色内裤
foliage,专有标签: foliage
hat_tip,专有标签: hat tip
tarot_(medium),专有标签: tarot (medium)
sitting_on_bench,专有标签: sitting on bench
shirt_grab,专有标签: shirt grab
denim_jacket,专有标签: denim jacket
neck_tassel,专有标签: neck tassel
food_stand,专有标签: food stand
lion_boy,专有标签: lion boy
cum_in_clothes,专有标签: cum in clothes
two-tone_hairband,专有标签: two-tone hairband
wig,专有标签: wig
square_4koma,专有标签: square 4koma
gradient_skin,专有标签: gradient skin
teruterubouzu,专有标签: teruterubouzu
ootachi,专有标签: ootachi
brown_panties,棕色内裤
island,专有标签: island
hands_on_ass,专有标签: hands on ass
chimney,专有标签: chimney
holding_gohei,专有标签: holding gohei
nanairogaoka_middle_school_uniform,专有标签: nanairogaoka middle school uniform
sailor_moon_redraw_challenge_(meme),专有标签: sailor moon redraw challenge (meme)
blood_in_hair,专有标签: blood in hair
reins,专有标签: reins
anchor_print,专有标签: anchor print
white_snake,专有标签: white snake
under_kotatsu,专有标签: under kotatsu
polka_dot_headwear,专有标签: polka dot headwear
cup_ramen,专有标签: cup ramen
inline_skates,专有标签: inline skates
ready_to_draw,专有标签: ready to draw
white_garter_straps,专有标签: white garter straps
voice_actor,专有标签: voice actor
ammunition_belt,专有标签: ammunition belt
frilled_ascot,专有标签: frilled ascot
pine_tree,专有标签: pine tree
colored_shadow,专有标签: colored shadow
tentacle_pit,专有标签: tentacle pit
ugly_man,专有标签: ugly man
yellow_sleeves,黄色袖
age_regression,专有标签: age regression
shark_costume,专有标签: shark costume
hand_on_own_neck,手在自己颈部
concert,专有标签: concert
no_sclera,专有标签: no sclera
applying_makeup,专有标签: applying makeup
thread,专有标签: thread
stealth_sex,专有标签: stealth sex
cutout_above_navel,专有标签: cutout above navel
purple_scrunchie,专有标签: purple scrunchie
portrait_(object),专有标签: portrait (object)
potato,专有标签: potato
clapping,专有标签: clapping
soap_censor,专有标签: soap censor
teamwork,专有标签: teamwork
exhausted,专有标签: exhausted
torn_gloves,专有标签: torn gloves
iphone,专有标签: iphone
two-tone_legwear,专有标签: two-tone legwear
motorcycle_helmet,专有标签: motorcycle helmet
elezen,专有标签: elezen
adapted_turret,专有标签: adapted turret
no_blindfold,专有标签: no blindfold
high-waist_pantyhose,专有标签: high-waist pantyhose
mummy_costume,专有标签: mummy costume
orange_sweater,专有标签: orange sweater
laundry,专有标签: laundry
mahjong_tile,专有标签: mahjong tile
picnic,专有标签: picnic
unitard,专有标签: unitard
glowing_wings,专有标签: glowing wings
torn_jacket,专有标签: torn jacket
bikesuit,专有标签: bikesuit
upshorts,专有标签: upshorts
papakha,专有标签: papakha
lace-trimmed_gloves,专有标签: lace-trimmed gloves
silver_trim,专有标签: silver trim
scarf_over_mouth,专有标签: scarf over mouth
lace_choker,专有标签: lace choker
collared_vest,专有标签: collared vest
german_flag,专有标签: german flag
paw_print_background,专有标签: paw print background
tall,专有标签: tall
bus_stop,专有标签: bus stop
tented_shirt,专有标签: tented shirt
ghost_costume,专有标签: ghost costume
animal_on_lap,专有标签: animal on lap
ballet,专有标签: ballet
grey_theme,专有标签: grey theme
saw,专有标签: saw
unicorn,专有标签: unicorn
soda,专有标签: soda
penis_peek,专有标签: penis peek
tokyo-3_middle_school_uniform,专有标签: tokyo-3 middle school uniform
crystal_earrings,专有标签: crystal earrings
double_w,专有标签: double w
calico,专有标签: calico
coffin,专有标签: coffin
holding_another's_hair,专有标签: holding another's hair
sundae,专有标签: sundae
mouth_pull,专有标签: mouth pull
bicorne,专有标签: bicorne
holding_saucer,专有标签: holding saucer
washing,专有标签: washing
wrestling_ring,专有标签: wrestling ring
multicolored_footwear,专有标签: multicolored footwear
kourindou_tengu_costume,专有标签: kourindou tengu costume
red_border,专有标签: red border
pennant,专有标签: pennant
tengu,专有标签: tengu
consensual_tentacles,专有标签: consensual tentacles
rolling_suitcase,专有标签: rolling suitcase
phallic_symbol,专有标签: phallic symbol
pink_border,专有标签: pink border
detective,专有标签: detective
painterly,专有标签: painterly
pornography,专有标签: pornography
multicolored_kimono,专有标签: multicolored kimono
drawing_sword,专有标签: drawing sword
star_tattoo,专有标签: star tattoo
pixiv_logo,专有标签: pixiv logo
heart-shaped_lock,专有标签: heart-shaped lock
vampire_costume,专有标签: vampire costume
k/da_(league_of_legends),专有标签: k/da (league of legends)
hospital_bed,专有标签: hospital bed
odd_one_out,专有标签: odd one out
shell_bikini,专有标签: shell bikini
liquid_hair,专有标签: liquid hair
kurokote,专有标签: kurokote
orange_skin,专有标签: orange skin
living_clothes,专有标签: living clothes
brown_leotard,专有标签: brown leotard
butterfly_net,专有标签: butterfly net
french_text,专有标签: french text
pink_ascot,专有标签: pink ascot
breast_cutout,专有标签: breast cutout
two-tone_leotard,专有标签: two-tone leotard
eye_trail,专有标签: eye trail
holding_violin,专有标签: holding violin
stole,专有标签: stole
grimoire,专有标签: grimoire
cetacean_tail,专有标签: cetacean tail
zabuton,专有标签: zabuton
holding_envelope,专有标签: holding envelope
deer_antlers,专有标签: deer antlers
sparkle_print,专有标签: sparkle print
yellow_leotard,专有标签: yellow leotard
extra_mouth,专有标签: extra mouth
frog_print,专有标签: frog print
yellow_butterfly,专有标签: yellow butterfly
glowing_hair,专有标签: glowing hair
battery_indicator,专有标签: battery indicator
fake_cover,专有标签: fake cover
pink_camisole,专有标签: pink camisole
androgyne_symbol,专有标签: androgyne symbol
smokestack_hair_ornament,专有标签: smokestack hair ornament
panties_on_head,内裤在头
corded_phone,专有标签: corded phone
wading_pool,专有标签: wading pool
telescope,专有标签: telescope
lapel_pin,专有标签: lapel pin
loungewear,专有标签: loungewear
crocodilian_tail,专有标签: crocodilian tail
nearly_naked_apron,专有标签: nearly naked apron
looking_outside,专有标签: looking outside
long_tail,长尾
green_hakama,专有标签: green hakama
just_the_tip,专有标签: just the tip
screwdriver,专有标签: screwdriver
blue_brooch,专有标签: blue brooch
honey,专有标签: honey
candy_wrapper,专有标签: candy wrapper
outstretched_leg,专有标签: outstretched leg
santa_gloves,专有标签: santa gloves
kodona,专有标签: kodona
traffic_cone,专有标签: traffic cone
aria_company_uniform,专有标签: aria company uniform
legs_over_head,腿覆盖头
pearl_earrings,专有标签: pearl earrings
comparison,专有标签: comparison
>o<,专有标签: >o<
blue_border,专有标签: blue border
glowing_horns,专有标签: glowing horns
bored,专有标签: bored
boobplate,专有标签: boobplate
sperm_cell,专有标签: sperm cell
yarn,专有标签: yarn
instagram_logo,专有标签: instagram logo
bus,专有标签: bus
popcorn,专有标签: popcorn
cocktail,专有标签: cocktail
heart_collar,爱心衣领
training_bra,专有标签: training bra
arm_armor,专有标签: arm armor
puffy_cheeks,专有标签: puffy cheeks
red_tail,红色尾
excalibur_morgan_(fate),专有标签: excalibur morgan (fate)
archery,专有标签: archery
purple_socks,紫色袜
white_mask,专有标签: white mask
hot_dog,专有标签: hot dog
decepticon,专有标签: decepticon
fourth_east_high_school_uniform,专有标签: fourth east high school uniform
holding_legs,手持腿
polka_dot_legwear,专有标签: polka dot legwear
headless,专有标签: headless
uchikake,专有标签: uchikake
shinai,专有标签: shinai
grocery_bag,专有标签: grocery bag
dialogue_box,专有标签: dialogue box
surrounded_by_penises,专有标签: surrounded by penises
print_headwear,专有标签: print headwear
reindeer,专有标签: reindeer
pouring_onto_self,专有标签: pouring onto self
egg_hair_ornament,专有标签: egg hair ornament
round-bottom_flask,专有标签: round-bottom flask
haniwa_(statue),专有标签: haniwa (statue)
oda_uri,专有标签: oda uri
kamiyama_high_school_uniform_(hyouka),专有标签: kamiyama high school uniform (hyouka)
art_tools_in_frame,专有标签: art tools in frame
baggy_clothes,专有标签: baggy clothes
kine,专有标签: kine
borrowed_design,专有标签: borrowed design
bad_food,专有标签: bad food
lyrics,专有标签: lyrics
art_brush,专有标签: art brush
bo_staff,专有标签: bo staff
doily,专有标签: doily
yellow_cape,专有标签: yellow cape
sidewalk,专有标签: sidewalk
title_parody,专有标签: title parody
asian,专有标签: asian
native_american,专有标签: native american
tail_ring,专有标签: tail ring
implied_yaoi,专有标签: implied yaoi
alphes_(style),专有标签: alphes (style)
washing_machine,专有标签: washing machine
hanten_(clothes),专有标签: hanten (clothes)
buruma_pull,专有标签: buruma pull
holding_bucket,专有标签: holding bucket
adjusting_legwear,专有标签: adjusting legwear
analog_clock,专有标签: analog clock
mecha_focus,专有标签: mecha focus
eyelid_pull,专有标签: eyelid pull
multiple_monochrome,专有标签: multiple monochrome
toilet_use,专有标签: toilet use
pravda_school_uniform,专有标签: pravda school uniform
bar_stool,专有标签: bar stool
theft,专有标签: theft
lace_gloves,专有标签: lace gloves
side_drill,专有标签: side drill
cropped_arms,专有标签: cropped arms
blue_tail,蓝色尾
folding_chair,专有标签: folding chair
sideburns_stubble,专有标签: sideburns stubble
tube_dress,专有标签: tube dress
blue_sports_bra,专有标签: blue sports bra
presenting_foot,专有标签: presenting foot
naranja_academy_school_uniform,专有标签: naranja academy school uniform
strap_lift,专有标签: strap lift
scar_on_mouth,专有标签: scar on mouth
huge_eyebrows,专有标签: huge eyebrows
nejiri_hachimaki,专有标签: nejiri hachimaki
lord_camelot_(fate),专有标签: lord camelot (fate)
fuuin_no_tsue,专有标签: fuuin no tsue
easel,专有标签: easel
brown_nails,专有标签: brown nails
manga_cover,专有标签: manga cover
bandolier,专有标签: bandolier
hair_wings,专有标签: hair wings
gathers,专有标签: gathers
bilingual,专有标签: bilingual
covering_one_eye,专有标签: covering one eye
snake_hair,专有标签: snake hair
dotted_line,专有标签: dotted line
thick_eyelashes,专有标签: thick eyelashes
rook_(chess),专有标签: rook (chess)
poster_(medium),专有标签: poster (medium)
penises_touching,专有标签: penises touching
champion_uniform,专有标签: champion uniform
glowing_butterfly,专有标签: glowing butterfly
shuujin_academy_school_uniform,专有标签: shuujin academy school uniform
thighhighs_over_pantyhose,专有标签: thighhighs over pantyhose
wakizashi,专有标签: wakizashi
tennis_ball,专有标签: tennis ball
in_water,在水
red_oni,专有标签: red oni
screw,专有标签: screw
star_sticker,专有标签: star sticker
cum_on_pussy,专有标签: cum on pussy
swim_cap,专有标签: swim cap
grey_tail,灰色尾
fur_cape,专有标签: fur cape
vaulting_horse,专有标签: vaulting horse
flaming_weapon,专有标签: flaming weapon
grey_capelet,专有标签: grey capelet
choppy_bangs,专有标签: choppy bangs
crayon,专有标签: crayon
stained_panties,专有标签: stained panties
aviator_sunglasses,专有标签: aviator sunglasses
pill_earrings,专有标签: pill earrings
no_tail,无尾
pink_tail,粉色尾
owl_ears,专有标签: owl ears
recorder,专有标签: recorder
hanetsuki,专有标签: hanetsuki
blue_robe,专有标签: blue robe
sand_sculpture,专有标签: sand sculpture
snack,专有标签: snack
pointy_breasts,专有标签: pointy breasts
prison_clothes,专有标签: prison clothes
bamboo_steamer,专有标签: bamboo steamer
icing,专有标签: icing
aqua_footwear,水色鞋
cursor,专有标签: cursor
jimiko,专有标签: jimiko
noose,专有标签: noose
drying_hair,专有标签: drying hair
2009,专有标签: 2009
unzipping,专有标签: unzipping
pinstripe_shirt,专有标签: pinstripe shirt
box_of_chocolates,专有标签: box of chocolates
hat_over_one_eye,专有标签: hat over one eye
evangelion_(mecha),专有标签: evangelion (mecha)
full_beard,专有标签: full beard
zun_(style),专有标签: zun (style)
bishop_(chess),专有标签: bishop (chess)
akanbe,专有标签: akanbe
beans,专有标签: beans
griffin_&_kryuger_military_uniform,专有标签: griffin & kryuger military uniform
bandaid_hair_ornament,专有标签: bandaid hair ornament
they_had_lots_of_sex_afterwards_(meme),专有标签: they had lots of sex afterwards (meme)
character_censor,专有标签: character censor
pinwheel,专有标签: pinwheel
yellow_sky,黄色天空
chinese_new_year,专有标签: chinese new year
huge_moon,巨大月亮
hanbok,专有标签: hanbok
loose_shirt,专有标签: loose shirt
lactation_through_clothes,专有标签: lactation through clothes
spreader_bar,专有标签: spreader bar
year_of_the_rat,专有标签: year of the rat
star_of_david,专有标签: star of david
footwear_ribbon,鞋缎带
pencil_case,专有标签: pencil case
tearing_clothes,专有标签: tearing clothes
pov_doorway,专有标签: pov doorway
mage_staff,专有标签: mage staff
white_butterfly,专有标签: white butterfly
grey_hairband,专有标签: grey hairband
teacher_and_student,专有标签: teacher and student
ornate_ring,专有标签: ornate ring
ass_ripple,专有标签: ass ripple
boar,专有标签: boar
holding_pizza,专有标签: holding pizza
coin_hair_ornament,专有标签: coin hair ornament
broken_weapon,专有标签: broken weapon
drum_(container),专有标签: drum (container)
holding_tablet_pc,专有标签: holding tablet pc
hair_lift,专有标签: hair lift
bucket_hat,专有标签: bucket hat
corn,专有标签: corn
curled_fingers,专有标签: curled fingers
musou_isshin_(genshin_impact),专有标签: musou isshin (genshin impact)
aquarium,专有标签: aquarium
snowball,专有标签: snowball
vore,专有标签: vore
gold_footwear,金色鞋
tutu,专有标签: tutu
holding_popsicle,专有标签: holding popsicle
between_pectorals,专有标签: between pectorals
orange_vest,专有标签: orange vest
hands_on_own_stomach,专有标签: hands on own stomach
kikumon,专有标签: kikumon
alpaca_ears,专有标签: alpaca ears
thermometer,专有标签: thermometer
pet_bowl,专有标签: pet bowl
antique_firearm,专有标签: antique firearm
colored_nipples,专有标签: colored nipples
blending,专有标签: blending
arthropod_limbs,专有标签: arthropod limbs
nib_pen_(medium),专有标签: nib pen (medium)
toilet_paper,专有标签: toilet paper
from_outside,专有标签: from outside
holding_ribbon,手持缎带
yellow_tail,黄色尾
shopping,专有标签: shopping
dandelion,专有标签: dandelion
floating_scarf,专有标签: floating scarf
mole_on_cheek,专有标签: mole on cheek
crotch_cutout,专有标签: crotch cutout
low-tied_sidelocks,专有标签: low-tied sidelocks
sheikah,专有标签: sheikah
single_epaulette,专有标签: single epaulette
motherly,专有标签: motherly
heart_facial_mark,专有标签: heart facial mark
cropped_sweater,专有标签: cropped sweater
messenger_bag,专有标签: messenger bag
human_scabbard,专有标签: human scabbard
pikmin_(creature),专有标签: pikmin (creature)
weasel_ears,专有标签: weasel ears
cowboy_boots,专有标签: cowboy boots
livestream,专有标签: livestream
napkin,专有标签: napkin
wrist_bow,专有标签: wrist bow
keizoku_military_uniform,专有标签: keizoku military uniform
grey_wings,专有标签: grey wings
stain,专有标签: stain
upshirt,专有标签: upshirt
pizza_slice,专有标签: pizza slice
in_cup,专有标签: in cup
hourglass,专有标签: hourglass
under_tree,专有标签: under tree
shoulder_holster,专有标签: shoulder holster
brown_sleeves,棕色袖
clothes_between_breasts,衣服之间胸部
kaijuu,专有标签: kaijuu
queen_(chess),专有标签: queen (chess)
wall_clock,专有标签: wall clock
undead,专有标签: undead
swimsuit_cover-up,专有标签: swimsuit cover-up
double_vertical_stripe,专有标签: double vertical stripe
covering_ass,专有标签: covering ass
seaweed,专有标签: seaweed
green_fur,专有标签: green fur
kissing_hand,专有标签: kissing hand
energy_drink,专有标签: energy drink
armpit_cutout,专有标签: armpit cutout
white_hood,专有标签: white hood
brown_choker,专有标签: brown choker
tracen_swimsuit,专有标签: tracen swimsuit
pink_sky,粉色天空
hairjob,专有标签: hairjob
tentacles_under_clothes,专有标签: tentacles under clothes
convenience_store,专有标签: convenience store
uncommon_stimulation,专有标签: uncommon stimulation
tantou,专有标签: tantou
rectangular_mouth,专有标签: rectangular mouth
chin_strap,专有标签: chin strap
gladiator_sandals,专有标签: gladiator sandals
mole_on_stomach,专有标签: mole on stomach
dark_areolae,专有标签: dark areolae
single_boot,专有标签: single boot
pursed_lips,专有标签: pursed lips
nata_(tool),专有标签: nata (tool)
red_tank_top,专有标签: red tank top
black_umbrella,专有标签: black umbrella
nursing_handjob,专有标签: nursing handjob
no_eyepatch,专有标签: no eyepatch
blue_tunic,专有标签: blue tunic
wall_of_text,专有标签: wall of text
wrist_wrap,专有标签: wrist wrap
audience,专有标签: audience
print_shorts,专有标签: print shorts
tools,专有标签: tools
deer_girl,专有标签: deer girl
single_wrist_cuff,专有标签: single wrist cuff
kepi,专有标签: kepi
barbed_wire,专有标签: barbed wire
white_headdress,专有标签: white headdress
hand_to_head,手向头
wet_dress,专有标签: wet dress
lute_(instrument),专有标签: lute (instrument)
jujutsu_tech_uniform,专有标签: jujutsu tech uniform
ipod,专有标签: ipod
cum_on_pectorals,专有标签: cum on pectorals
hooded_track_jacket,专有标签: hooded track jacket
cursive,专有标签: cursive
smoking_gun,专有标签: smoking gun
orange_sleeves,橙色袖
brown_collar,棕色衣领
two-tone_cape,专有标签: two-tone cape
rising_sun_flag,专有标签: rising sun flag
hooded_bodysuit,专有标签: hooded bodysuit
thai_text,专有标签: thai text
wood,专有标签: wood
red_mask,专有标签: red mask
galaxy_expedition_team_survey_corps_uniform,专有标签: galaxy expedition team survey corps uniform
playing,专有标签: playing
bayonet,专有标签: bayonet
white_towel,专有标签: white towel
child's_drawing,专有标签: child's drawing
floating_cape,专有标签: floating cape
body_armor,专有标签: body armor
red_mittens,专有标签: red mittens
slashing,专有标签: slashing
rocket,专有标签: rocket
torn_swimsuit,专有标签: torn swimsuit
pilot,专有标签: pilot
amulet,专有标签: amulet
green_tail,绿色尾
purple_sash,专有标签: purple sash
satin,专有标签: satin
alice_(alice_in_wonderland)_(cosplay),专有标签: alice (alice in wonderland) (cosplay)
family_crest,专有标签: family crest
saunders_military_uniform,专有标签: saunders military uniform
cat_ear_legwear,专有标签: cat ear legwear
brick,专有标签: brick
squinting,专有标签: squinting
saiyan_armor,专有标签: saiyan armor
traditional_chinese_text,专有标签: traditional chinese text
white_mittens,专有标签: white mittens
knotted_penis,专有标签: knotted penis
diaper,专有标签: diaper
blind,专有标签: blind
grey_cape,专有标签: grey cape
frilled_sailor_collar,专有标签: frilled sailor collar
survey_corps_(emblem),专有标签: survey corps (emblem)
noh_mask,专有标签: noh mask
side_slit_shorts,专有标签: side slit shorts
wing_ornament,专有标签: wing ornament
mash_kyrielight_(dangerous_beast)_(cosplay),专有标签: mash kyrielight (dangerous beast) (cosplay)
head_on_hand,头在手
duel_academy_uniform_(yu-gi-oh!_gx),专有标签: duel academy uniform (yu-gi-oh! gx)
race_vehicle,专有标签: race vehicle
pants_tucked_in,专有标签: pants tucked in
condom_belt,专有标签: condom belt
mismatched_eyebrows,专有标签: mismatched eyebrows
ear_biting,专有标签: ear biting
patterned,专有标签: patterned
bullet_hole,专有标签: bullet hole
ice_skates,专有标签: ice skates
cross_choker,专有标签: cross choker
black_sweater_vest,专有标签: black sweater vest
arms_around_waist,专有标签: arms around waist
pickaxe,专有标签: pickaxe
abuse,专有标签: abuse
dumpling,专有标签: dumpling
possessed,专有标签: possessed
rider_belt,专有标签: rider belt
broken_heart,专有标签: broken heart
floating_island,专有标签: floating island
multicolored_cape,专有标签: multicolored cape
girthy_penis,专有标签: girthy penis
war,专有标签: war
yellow_socks,黄色袜
vanishing_point,专有标签: vanishing point
alternate_muscle_size,专有标签: alternate muscle size
uva_academy_school_uniform,专有标签: uva academy school uniform
fold-over_boots,专有标签: fold-over boots
pink_hakama,专有标签: pink hakama
naked_overalls,专有标签: naked overalls
spit_take,专有标签: spit take
leg_wrap,专有标签: leg wrap
pier,专有标签: pier
hologram,专有标签: hologram
onbashira,专有标签: onbashira
mochi_trail,专有标签: mochi trail
ar-15,专有标签: ar-15
toast_in_mouth,专有标签: toast in mouth
gills,专有标签: gills
sleeve_ribbon,袖缎带
gerudo,专有标签: gerudo
blood_on_arm,专有标签: blood on arm
angora_rabbit,专有标签: angora rabbit
tied_jacket,专有标签: tied jacket
breastfeeding,专有标签: breastfeeding
facepalm,专有标签: facepalm
king_(chess),专有标签: king (chess)
cum_in_nose,专有标签: cum in nose
yarn_ball,专有标签: yarn ball
blue_tank_top,专有标签: blue tank top
two-sided_dress,专有标签: two-sided dress
holding_beachball,专有标签: holding beachball
clothes_between_thighs,衣服之间大腿
checkered_flag,专有标签: checkered flag
ojou-sama_pose,专有标签: ojou-sama pose
purple-framed_eyewear,专有标签: purple-framed eyewear
jockstrap,专有标签: jockstrap
pushing,专有标签: pushing
cd,专有标签: cd
multiple_weapons,专有标签: multiple weapons
lowleg_pants,专有标签: lowleg pants
flying_kick,专有标签: flying kick
astronaut,专有标签: astronaut
struggling,专有标签: struggling
wooden_chair,专有标签: wooden chair
hair_flip,专有标签: hair flip
elbows_on_table,专有标签: elbows on table
yuigaoka_school_uniform,专有标签: yuigaoka school uniform
diamond_(gemstone),专有标签: diamond (gemstone)
robot_animal,专有标签: robot animal
erect_clitoris,专有标签: erect clitoris
tight_dress,专有标签: tight dress
no_jacket,无夹克
grill,专有标签: grill
holding_jewelry,专有标签: holding jewelry
drugs,专有标签: drugs
condom_box,专有标签: condom box
frilled_camisole,专有标签: frilled camisole
unworn_coat,专有标签: unworn coat
rainbow_hair,专有标签: rainbow hair
toe_ring,专有标签: toe ring
saddle,专有标签: saddle
see-through_jacket,专有标签: see-through jacket
pink_cape,专有标签: pink cape
horn_ring,专有标签: horn ring
stuffed_winged_unicorn,专有标签: stuffed winged unicorn
unworn_backpack,专有标签: unworn backpack
ancient_greek_clothes,专有标签: ancient greek clothes
hedgehog_ears,专有标签: hedgehog ears
sideways_hat,专有标签: sideways hat
holding_megaphone,专有标签: holding megaphone
string_bra,专有标签: string bra
m1911,专有标签: m1911
huge_testicles,专有标签: huge testicles
flower_on_head,花在头
papers,专有标签: papers
pigeon,专有标签: pigeon
unworn_dress,专有标签: unworn dress
crystal_ball,专有标签: crystal ball
good_end,专有标签: good end
vibrator_on_nipple,专有标签: vibrator on nipple
holding_letter,专有标签: holding letter
hand_on_forehead,专有标签: hand on forehead
coke-bottle_glasses,专有标签: coke-bottle glasses
open_bodysuit,专有标签: open bodysuit
hoop,专有标签: hoop
holding_behind_back,手持后方背
holding_chocolate,专有标签: holding chocolate
objectification,专有标签: objectification
cracked_wall,专有标签: cracked wall
studded_bracelet,专有标签: studded bracelet
holding_head,手持头
cleaver,专有标签: cleaver
chat_log,专有标签: chat log
animal_skull,专有标签: animal skull
aqua_gloves,水色手套
triple_penetration,专有标签: triple penetration
nintendo_ds,专有标签: nintendo ds
star_pasties,专有标签: star pasties
pancake_stack,专有标签: pancake stack
rice_on_face,专有标签: rice on face
player_2,专有标签: player 2
leash_pull,专有标签: leash pull
shuka_high_school_uniform,专有标签: shuka high school uniform
buster_sword,专有标签: buster sword
multicolored_scarf,专有标签: multicolored scarf
test_plugsuit,专有标签: test plugsuit
cutting_hair,专有标签: cutting hair
hands_on_own_breasts,手在自己胸部
tentacles_on_male,专有标签: tentacles on male
shaking,专有标签: shaking
spray_can,专有标签: spray can
levitation,专有标签: levitation
houndstooth,专有标签: houndstooth
fish_boy,专有标签: fish boy
guided_penetration,专有标签: guided penetration
blank_speech_bubble,专有标签: blank speech bubble
blowing,专有标签: blowing
group_name,专有标签: group name
head_chain,专有标签: head chain
chicken_(food),专有标签: chicken (food)
bud,专有标签: bud
ladybug,专有标签: ladybug
yellow_tank_top,专有标签: yellow tank top
waiter,专有标签: waiter
polka_dot_skirt,专有标签: polka dot skirt
radiation_symbol,专有标签: radiation symbol
orange_tail,橙色尾
chalice,专有标签: chalice
adidas,专有标签: adidas
bandaid_on_forehead,专有标签: bandaid on forehead
post-apocalypse,专有标签: post-apocalypse
vertical-striped_jacket,专有标签: vertical-striped jacket
leather_pants,专有标签: leather pants
crazy,专有标签: crazy
hard_hat,专有标签: hard hat
electrical_outlet,专有标签: electrical outlet
cardigan_around_waist,专有标签: cardigan around waist
vertical-striped_bikini,专有标签: vertical-striped bikini
torn_bodystocking,专有标签: torn bodystocking
\n/,专有标签: \n/
shoulder_cannon,专有标签: shoulder cannon
lattice,专有标签: lattice
purple_ascot,专有标签: purple ascot
aestus_estus,专有标签: aestus estus
twitter_strip_game_(meme),专有标签: twitter strip game (meme)
breast_padding,专有标签: breast padding
white_tiger,专有标签: white tiger
qr_code,专有标签: qr code
arachne,专有标签: arachne
cross_pasties,专有标签: cross pasties
clownfish,专有标签: clownfish
st._gloriana's_(emblem),专有标签: st. gloriana's (emblem)
holding_money,专有标签: holding money
two-tone_hoodie,专有标签: two-tone hoodie
weightlifting,专有标签: weightlifting
lighthouse,专有标签: lighthouse
kimono_lift,专有标签: kimono lift
green_sclera,专有标签: green sclera
berry_(pokemon),专有标签: berry (pokemon)
bubble_tea_challenge,专有标签: bubble tea challenge
nipple_clamps,专有标签: nipple clamps
squidbeak_splatoon,专有标签: squidbeak splatoon
latex_legwear,专有标签: latex legwear
grey_tank_top,专有标签: grey tank top
hands_on_another's_hips,专有标签: hands on another's hips
christmas_present,专有标签: christmas present
back-print_panties,专有标签: back-print panties
sitting_on_rock,专有标签: sitting on rock
barefoot_sandals_(jewelry),专有标签: barefoot sandals (jewelry)
easter_egg,专有标签: easter egg
bc_freedom_military_uniform,专有标签: bc freedom military uniform
breasts_on_table,专有标签: breasts on table
coconut,专有标签: coconut
brick_floor,专有标签: brick floor
ashford_academy_school_uniform,专有标签: ashford academy school uniform
green_pantyhose,专有标签: green pantyhose
heart_maebari,专有标签: heart maebari
porch,专有标签: porch
public_use,专有标签: public use
male_maid,专有标签: male maid
oohashi_high_school_uniform,专有标签: oohashi high school uniform
tonfa,专有标签: tonfa
spaghetti,专有标签: spaghetti
fumo_(doll),专有标签: fumo (doll)
rough_sex,专有标签: rough sex
amplifier,专有标签: amplifier
arm_cuffs,专有标签: arm cuffs
grenade_launcher,专有标签: grenade launcher
hair_on_horn,专有标签: hair on horn
floral_print_kimono,专有标签: floral print kimono
fake_nails,专有标签: fake nails
<o>_<o>,专有标签: <o> <o>
pendulum,专有标签: pendulum
between_toes,专有标签: between toes
ink_tank_(splatoon),专有标签: ink tank (splatoon)
ribbon-trimmed_headwear,专有标签: ribbon-trimmed headwear
multiple_heads,专有标签: multiple heads
clown,专有标签: clown
finger_heart,专有标签: finger heart
logo_parody,专有标签: logo parody
heads-up_display,专有标签: heads-up display
joestar_birthmark,专有标签: joestar birthmark
taimanin_suit,专有标签: taimanin suit
jaguar_print,专有标签: jaguar print
adjusting_necktie,专有标签: adjusting necktie
butter,专有标签: butter
lightsaber,专有标签: lightsaber
jeweled_branch_of_hourai,专有标签: jeweled branch of hourai
multi-strapped_panties,专有标签: multi-strapped panties
fleur_de_lapin_uniform,专有标签: fleur de lapin uniform
on_motorcycle,专有标签: on motorcycle
medallion,专有标签: medallion
pussy_juice_drip_through_clothes,专有标签: pussy juice drip through clothes
holding_notebook,专有标签: holding notebook
saber_(weapon),专有标签: saber (weapon)
ear_birthmark,专有标签: ear birthmark
pool_of_blood,专有标签: pool of blood
poke_ball_theme,专有标签: poke ball theme
hololive_idol_uniform,专有标签: hololive idol uniform
yellow_raincoat,专有标签: yellow raincoat
art_nouveau,专有标签: art nouveau
sleep_bubble,专有标签: sleep bubble
peace_symbol,专有标签: peace symbol
flower_over_eye,花覆盖眼
cardigan_vest,专有标签: cardigan vest
acoustic_guitar,专有标签: acoustic guitar
green_tea,专有标签: green tea
bridal_legwear,专有标签: bridal legwear
hand_gesture,专有标签: hand gesture
cartoon_bone,专有标签: cartoon bone
yellow-tinted_eyewear,专有标签: yellow-tinted eyewear
striped_hoodie,专有标签: striped hoodie
flaming_sword,专有标签: flaming sword
wallet,专有标签: wallet
opened_by_self,专有标签: opened by self
naked_scarf,专有标签: naked scarf
bean_bag_chair,专有标签: bean bag chair
bunny_day,专有标签: bunny day
tongs,专有标签: tongs
usekh_collar,专有标签: usekh collar
dudou,专有标签: dudou
"don't_say_""lazy""","专有标签: don't say ""lazy"""
cross-laced_sleeves,专有标签: cross-laced sleeves
warning_sign,专有标签: warning sign
green_tunic,专有标签: green tunic
otter_ears,专有标签: otter ears
purple_hakama,专有标签: purple hakama
affectionate,专有标签: affectionate
pectoral_press,专有标签: pectoral press
green_tank_top,专有标签: green tank top
windowsill,专有标签: windowsill
hand_under_shirt,手下方衬衫
tire,专有标签: tire
beam_saber,专有标签: beam saber
tail_around_own_leg,专有标签: tail around own leg
skirt_basket,专有标签: skirt basket
white_romper,专有标签: white romper
strapless_one-piece_swimsuit,专有标签: strapless one-piece swimsuit
stalk_in_mouth,专有标签: stalk in mouth
sitting_backwards,专有标签: sitting backwards
implied_fellatio,专有标签: implied fellatio
youtou_high_school_uniform,专有标签: youtou high school uniform
long_earlobes,专有标签: long earlobes
panzer_iv,专有标签: panzer iv
two-handed_handjob,专有标签: two-handed handjob
henshin,专有标签: henshin
baton_(conducting),专有标签: baton (conducting)
sauna,专有标签: sauna
searchlight,专有标签: searchlight
narration,专有标签: narration
vietnamese_dress,专有标签: vietnamese dress
dashed_eyes,专有标签: dashed eyes
licking_armpit,专有标签: licking armpit
sparrow,专有标签: sparrow
hole,专有标签: hole
low-braided_long_hair,专有标签: low-braided long hair
long_neck,长颈部
arm_above_head,专有标签: arm above head
lace-trimmed_hairband,专有标签: lace-trimmed hairband
linked_piercing,专有标签: linked piercing
very_wide_shot,专有标签: very wide shot
wheat,专有标签: wheat
dog_penis,专有标签: dog penis
hoodie_lift,专有标签: hoodie lift
bear_costume,专有标签: bear costume
snowflake_background,专有标签: snowflake background
squeans,专有标签: squeans
grand_piano,专有标签: grand piano
green_belt,专有标签: green belt
crotchless_pantyhose,专有标签: crotchless pantyhose
arms_between_legs,手臂之间腿
acorn,专有标签: acorn
hammock,专有标签: hammock
dithering,专有标签: dithering
thermos,专有标签: thermos
looking_through_legs,看透过腿
omikuji,专有标签: omikuji
snow_rabbit,专有标签: snow rabbit
swinging,专有标签: swinging
galaxy,专有标签: galaxy
centauroid,专有标签: centauroid
wringing_clothes,专有标签: wringing clothes
holding_branch,专有标签: holding branch
shorts_around_one_leg,专有标签: shorts around one leg
team_9,专有标签: team 9
troll_face,专有标签: troll face
dirty_feet,专有标签: dirty feet
ad,专有标签: ad
character_age,专有标签: character age
aqua_neckerchief,专有标签: aqua neckerchief
boxcutter,专有标签: boxcutter
multiple_legs,多个腿
holding_remote_control,专有标签: holding remote control
urethral_insertion,专有标签: urethral insertion
eldritch_abomination,专有标签: eldritch abomination
nose_ring,专有标签: nose ring
masochism,专有标签: masochism
paper_crane,专有标签: paper crane
through_medium,透过中等
h&k_ump,专有标签: h&k ump
hair_dryer,专有标签: hair dryer
super_saiyan_1,专有标签: super saiyan 1
anzio_military_uniform,专有标签: anzio military uniform
jacket_pull,专有标签: jacket pull
maneki-neko,专有标签: maneki-neko
kissing_penis,专有标签: kissing penis
bokken,专有标签: bokken
bound_together,专有标签: bound together
cross-laced_dress,专有标签: cross-laced dress
credits,专有标签: credits
polka_dot_shirt,专有标签: polka dot shirt
infinity_symbol,专有标签: infinity symbol
underbutt,专有标签: underbutt
underpec,专有标签: underpec
fur_cloak,专有标签: fur cloak
holding_skull,专有标签: holding skull
four-leaf_clover_hair_ornament,专有标签: four-leaf clover hair ornament
bowlegged_pose,专有标签: bowlegged pose
deformed,专有标签: deformed
potara_earrings,专有标签: potara earrings
detached_hair,专有标签: detached hair
animal_on_arm,兽在手臂
bag_of_chips,专有标签: bag of chips
dragging,专有标签: dragging
dissolving,专有标签: dissolving
storefront,专有标签: storefront
grey_leotard,专有标签: grey leotard
hand_mirror,专有标签: hand mirror
messy_room,专有标签: messy room
handstand,专有标签: handstand
glaive_(polearm),专有标签: glaive (polearm)
double_dildo,专有标签: double dildo
cheek_pull,专有标签: cheek pull
print_necktie,专有标签: print necktie
parka,专有标签: parka
shell_necklace,专有标签: shell necklace
head_only,专有标签: head only
zora,专有标签: zora
ultra_ball,专有标签: ultra ball
how_to,专有标签: how to
height_chart,专有标签: height chart
dvd_cover,专有标签: dvd cover
holding_sex_toy,专有标签: holding sex toy
cephalopod_eyes,专有标签: cephalopod eyes
blue_bandana,专有标签: blue bandana
runny_makeup,专有标签: runny makeup
apron_lift,专有标签: apron lift
long_beard,专有标签: long beard
orange_belt,专有标签: orange belt
koi,专有标签: koi
aurora,专有标签: aurora
white_lily,专有标签: white lily
kinchaku,专有标签: kinchaku
falchion_(fire_emblem),专有标签: falchion (fire emblem)
light_machine_gun,专有标签: light machine gun
animal_slippers,专有标签: animal slippers
camouflage_headwear,专有标签: camouflage headwear
licking_foot,专有标签: licking foot
grave,专有标签: grave
penguin_hood,专有标签: penguin hood
crocs,专有标签: crocs
jacket_over_swimsuit,夹克覆盖泳装
crumbs,专有标签: crumbs
rope_belt,专有标签: rope belt
virgin_killer_outfit,专有标签: virgin killer outfit
japari_bun,专有标签: japari bun
polar_bear,专有标签: polar bear
no_mask,专有标签: no mask
keystone,专有标签: keystone
shoulder_sash,专有标签: shoulder sash
airship,专有标签: airship
valkyrie,专有标签: valkyrie
misunderstanding,专有标签: misunderstanding
symbolism,专有标签: symbolism
fur_boots,专有标签: fur boots
flower_bracelet,专有标签: flower bracelet
star_ornament,专有标签: star ornament
energy_cannon,专有标签: energy cannon
kiwi_(fruit),专有标签: kiwi (fruit)
onion,专有标签: onion
checkered_sash,专有标签: checkered sash
fanning_self,专有标签: fanning self
hands_on_ground,专有标签: hands on ground
yellow_sweater_vest,专有标签: yellow sweater vest
melon_bread,专有标签: melon bread
purple_cardigan,专有标签: purple cardigan
forced_orgasm,专有标签: forced orgasm
bass_clef,专有标签: bass clef
anchor_necklace,专有标签: anchor necklace
striped_hairband,专有标签: striped hairband
ankle_grab,专有标签: ankle grab
brown_bra,棕色胸罩
tokisadame_school_uniform,专有标签: tokisadame school uniform
floating_card,专有标签: floating card
multiple_riders,专有标签: multiple riders
nib_pen_(object),专有标签: nib pen (object)
sailor_senshi,专有标签: sailor senshi
bike_shorts_under_shorts,专有标签: bike shorts under shorts
net,专有标签: net
facebook_username,专有标签: facebook username
hat_with_ears,帽带耳
puff_and_slash_sleeves,专有标签: puff and slash sleeves
pixelated,专有标签: pixelated
stitched_mouth,专有标签: stitched mouth
anglerfish,专有标签: anglerfish
gokkun,专有标签: gokkun
red_feathers,专有标签: red feathers
gymnastics,专有标签: gymnastics
bunching_hair,专有标签: bunching hair
ears_visible_through_hair,专有标签: ears visible through hair
rounded_corners,专有标签: rounded corners
themed_object,专有标签: themed object
stone_stairs,专有标签: stone stairs
half_mask,专有标签: half mask
note,专有标签: note
print_sleeves,专有标签: print sleeves
glowing_tattoo,专有标签: glowing tattoo
foam,专有标签: foam
green_scrunchie,专有标签: green scrunchie
trigram,专有标签: trigram
karaoke,专有标签: karaoke
tape_measure,专有标签: tape measure
duckling,专有标签: duckling
hanasakigawa_school_uniform,专有标签: hanasakigawa school uniform
windmill,专有标签: windmill
bagged_fish,专有标签: bagged fish
melon,专有标签: melon
thick_mustache,专有标签: thick mustache
coin_on_string,专有标签: coin on string
gaming_chair,专有标签: gaming chair
hand_on_leg,专有标签: hand on leg
forehead_tattoo,专有标签: forehead tattoo
clear_sky,专有标签: clear sky
bulletin_board,专有标签: bulletin board
roundel,专有标签: roundel
covered_testicles,专有标签: covered testicles
argyle_sweater,专有标签: argyle sweater
sand_castle,专有标签: sand castle
hospital_gown,专有标签: hospital gown
steak,专有标签: steak
araki_hirohiko_(style),专有标签: araki hirohiko (style)
ear_protection,专有标签: ear protection
clothes_tug,专有标签: clothes tug
pinned,专有标签: pinned
diamond_hairband,专有标签: diamond hairband
onesie,专有标签: onesie
rhodes_island_logo_(arknights),专有标签: rhodes island logo (arknights)
telstar,专有标签: telstar
mmm_threesome,专有标签: mmm threesome
green_armband,专有标签: green armband
group_hug,专有标签: group hug
voile,专有标签: voile
splatter,专有标签: splatter
polka_dot_scrunchie,专有标签: polka dot scrunchie
varia_suit,专有标签: varia suit
hand_rest,专有标签: hand rest
double_\m/,专有标签: double \m/
shrimp_tempura,专有标签: shrimp tempura
watching_television,专有标签: watching television
holding_breath,专有标签: holding breath
two-tone_coat,专有标签: two-tone coat
cherry_hair_ornament,专有标签: cherry hair ornament
sukajan,专有标签: sukajan
ace_of_hearts,专有标签: ace of hearts
stats,专有标签: stats
character_signature,专有标签: character signature
sugar_cube,专有标签: sugar cube
ink_(medium),专有标签: ink (medium)
hands_on_hilt,专有标签: hands on hilt
golf_club,专有标签: golf club
platform_boots,专有标签: platform boots
floating_weapon,专有标签: floating weapon
panicking,专有标签: panicking
winding_key,专有标签: winding key
above_clouds,专有标签: above clouds
looking_at_food,看向食物
wa_lolita,专有标签: wa lolita
striped_one-piece_swimsuit,专有标签: striped one-piece swimsuit
cat_costume,专有标签: cat costume
electric_plug,专有标签: electric plug
extra_faces,专有标签: extra faces
hand_on_headphones,专有标签: hand on headphones
boy_sandwich,专有标签: boy sandwich
bear_tail,专有标签: bear tail
stripper,专有标签: stripper
copy_ability,专有标签: copy ability
jaguar_tail,专有标签: jaguar tail
hitodama_print,专有标签: hitodama print
v-shaped_eyes,专有标签: v-shaped eyes
rabbit_hat,兔帽
track_and_field,专有标签: track and field
energy_beam,专有标签: energy beam
testicle_sucking,专有标签: testicle sucking
anal_fluid,专有标签: anal fluid
thick_beard,专有标签: thick beard
dwarf,专有标签: dwarf
paper_stack,专有标签: paper stack
yellow_border,专有标签: yellow border
martial_arts_belt,专有标签: martial arts belt
bib,专有标签: bib
invisible_man,专有标签: invisible man
personality_switch,专有标签: personality switch
fur-trimmed_collar,专有标签: fur-trimmed collar
shared_speech_bubble,专有标签: shared speech bubble
pet,专有标签: pet
paint_splatter_on_face,专有标签: paint splatter on face
hands_on_another's_thighs,专有标签: hands on another's thighs
zodiac,专有标签: zodiac
hugging_tail,专有标签: hugging tail
sports_bra_lift,专有标签: sports bra lift
hand_on_wall,专有标签: hand on wall
game_boy,专有标签: game boy
surcoat,专有标签: surcoat
bath_stool,专有标签: bath stool
catchphrase,专有标签: catchphrase
single_thigh_boot,专有标签: single thigh boot
teardrop_tattoo,专有标签: teardrop tattoo
breast_poke,专有标签: breast poke
raimon_soccer_uniform,专有标签: raimon soccer uniform
heart_pendant,专有标签: heart pendant
strawberry_panties,专有标签: strawberry panties
high_tops,专有标签: high tops
sitting_on_table,专有标签: sitting on table
plaid_bra,专有标签: plaid bra
sleeve_grab,专有标签: sleeve grab
colored_text,专有标签: colored text
panty_lift,专有标签: panty lift
no_mole,专有标签: no mole
blood_bag,专有标签: blood bag
ankle_wrap,专有标签: ankle wrap
male_underwear_pull,专有标签: male underwear pull
oversized_limbs,专有标签: oversized limbs
missile_pod,专有标签: missile pod
print_hoodie,专有标签: print hoodie
green-tinted_eyewear,专有标签: green-tinted eyewear
dress_swimsuit,连衣裙泳装
crane_game,专有标签: crane game
flower_brooch,专有标签: flower brooch
united_states,专有标签: united states
p90,专有标签: p90
nanodesu_(phrase),专有标签: nanodesu (phrase)
cum_in_container,专有标签: cum in container
triplets,专有标签: triplets
cross-laced_legwear,专有标签: cross-laced legwear
popped_button,专有标签: popped button
canopy_bed,专有标签: canopy bed
minotaur,专有标签: minotaur
candlelight,专有标签: candlelight
salad,专有标签: salad
tumblr_username,专有标签: tumblr username
parrot,专有标签: parrot
sneezing,专有标签: sneezing
finger_frame,专有标签: finger frame
on_roof,专有标签: on roof
before_and_after,专有标签: before and after
wheelbarrow,专有标签: wheelbarrow
racecar,专有标签: racecar
dressing_another,专有标签: dressing another
elvaan,专有标签: elvaan
radish,专有标签: radish
ornament,专有标签: ornament
perfume_bottle,专有标签: perfume bottle
star_guardian_(league_of_legends),专有标签: star guardian (league of legends)
blue_shawl,专有标签: blue shawl
afterglow,专有标签: afterglow
butterfly_brooch,专有标签: butterfly brooch
diamond_hair_ornament,专有标签: diamond hair ornament
white_sarong,专有标签: white sarong
elephant,专有标签: elephant
precum_drip,专有标签: precum drip
cum_inflation,专有标签: cum inflation
inflatable_raft,专有标签: inflatable raft
heart_on_chest,专有标签: heart on chest
kamiyama_high_school_uniform_(project_sekai),专有标签: kamiyama high school uniform (project sekai)
green_one-piece_swimsuit,专有标签: green one-piece swimsuit
kagami_mochi,专有标签: kagami mochi
split_theme,专有标签: split theme
purple_tongue,专有标签: purple tongue
wavy_eyes,专有标签: wavy eyes
x3,专有标签: x3
testicle_grab,专有标签: testicle grab
puppy,专有标签: puppy
shell_hair_ornament,专有标签: shell hair ornament
grey_serafuku,专有标签: grey serafuku
lace-trimmed_thighhighs,专有标签: lace-trimmed thighhighs
crane_(animal),专有标签: crane (animal)
orange_cape,专有标签: orange cape
heart-shaped_eyes,专有标签: heart-shaped eyes
american_flag_print,专有标签: american flag print
skirt_flip,专有标签: skirt flip
kotoyoro,专有标签: kotoyoro
ehoumaki,专有标签: ehoumaki
severed_limb,专有标签: severed limb
chain_headband,专有标签: chain headband
massage,专有标签: massage
futasub,专有标签: futasub
holding_frying_pan,专有标签: holding frying pan
dirt,专有标签: dirt
ghost_pose,专有标签: ghost pose
orange_leotard,专有标签: orange leotard
bicycle_basket,专有标签: bicycle basket
sling_bikini_top,专有标签: sling bikini top
adapted_uniform,专有标签: adapted uniform
spanish_text,专有标签: spanish text
ass-to-ass,专有标签: ass-to-ass
kabuto_(helmet),专有标签: kabuto (helmet)
planet_hair_ornament,专有标签: planet hair ornament
hair_color_connection,专有标签: hair color connection
mat,专有标签: mat
text_messaging,专有标签: text messaging
patchwork_clothes,专有标签: patchwork clothes
ball_and_chain_restraint,专有标签: ball and chain restraint
hat_on_back,帽在背
watermelon_slice,专有标签: watermelon slice
oversized_breast_cup,专有标签: oversized breast cup
lap_pillow_invitation,专有标签: lap pillow invitation
holding_teapot,专有标签: holding teapot
head_on_chest,专有标签: head on chest
hishaku,专有标签: hishaku
pants_under_skirt,裤下方裙
arm_between_legs,手臂之间腿
pearl_hair_ornament,专有标签: pearl hair ornament
leaf_umbrella,专有标签: leaf umbrella
hungry,专有标签: hungry
hand_on_own_ear,专有标签: hand on own ear
unworn_bikini_bottom,专有标签: unworn bikini bottom
popsicle_in_mouth,专有标签: popsicle in mouth
punk,专有标签: punk
milky_way,专有标签: milky way
multicolored_hairband,专有标签: multicolored hairband
wet_towel,专有标签: wet towel
drop-shaped_pupils,专有标签: drop-shaped pupils
skull_necklace,专有标签: skull necklace
pagoda,专有标签: pagoda
purple_serafuku,专有标签: purple serafuku
western_comics_(style),专有标签: western comics (style)
in_palm,专有标签: in palm
implied_fingering,专有标签: implied fingering
mitre,专有标签: mitre
hand_over_eye,手覆盖眼
frilled_jacket,专有标签: frilled jacket
sayagata,专有标签: sayagata
license_plate,专有标签: license plate
breaking,专有标签: breaking
penis_on_ass,专有标签: penis on ass
two-finger_salute,专有标签: two-finger salute
aqua_bra,水色胸罩
blue_pajamas,专有标签: blue pajamas
moth,专有标签: moth
smoke_trail,专有标签: smoke trail
beetle,专有标签: beetle
frozen,专有标签: frozen
anchor_choker,专有标签: anchor choker
cheekbones,专有标签: cheekbones
polka_dot_ribbon,专有标签: polka dot ribbon
ribbon_braid,专有标签: ribbon braid
red_curtains,专有标签: red curtains
peony_(flower),专有标签: peony (flower)
halter_shirt,专有标签: halter shirt
mummy,专有标签: mummy
red_sports_bra,专有标签: red sports bra
zeon,专有标签: zeon
shotgun_shell,专有标签: shotgun shell
alternate_wings,专有标签: alternate wings
crocodilian,专有标签: crocodilian
nudist,专有标签: nudist
naked_tabard,专有标签: naked tabard
meta,专有标签: meta
sideless_kimono,专有标签: sideless kimono
single_knee_pad,专有标签: single knee pad
long_shirt,长衬衫
whiskey,专有标签: whiskey
season_connection,专有标签: season connection
v_over_mouth,专有标签: v over mouth
maid_day,专有标签: maid day
multiple_scars,专有标签: multiple scars
apartment,专有标签: apartment
mount_fuji,专有标签: mount fuji
segmented_comic,专有标签: segmented comic
fidgeting,专有标签: fidgeting
penis_in_panties,专有标签: penis in panties
adam's_apple,专有标签: adam's apple
saliva_drip,专有标签: saliva drip
cross-laced_slit,专有标签: cross-laced slit
witch_(madoka_magica),专有标签: witch (madoka magica)
card_parody,专有标签: card parody
hand_on_another's_hand,专有标签: hand on another's hand
cute_&_girly_(idolmaster),专有标签: cute & girly (idolmaster)
syrup,专有标签: syrup
orange_socks,橙色袜
cream_on_face,专有标签: cream on face
joy-con,专有标签: joy-con
butterfly_sitting,专有标签: butterfly sitting
flag_background,专有标签: flag background
sam_browne_belt,专有标签: sam browne belt
gunblade,专有标签: gunblade
satin_panties,专有标签: satin panties
embroidery,专有标签: embroidery
bullying,专有标签: bullying
pov_across_table,专有标签: pov across table
hand_on_another's_ear,专有标签: hand on another's ear
fishing_line,专有标签: fishing line
onii-shota,专有标签: onii-shota
ivy,专有标签: ivy
honeycomb_background,专有标签: honeycomb background
blue_sarong,专有标签: blue sarong
pink_umbrella,专有标签: pink umbrella
imperial_japanese_army,专有标签: imperial japanese army
broken_window,专有标签: broken window
double_horizontal_stripe,专有标签: double horizontal stripe
sticky_note,专有标签: sticky note
jetpack,专有标签: jetpack
two-sided_skirt,专有标签: two-sided skirt
buruma_aside,专有标签: buruma aside
genderswap_(otf),专有标签: genderswap (otf)
ferret,专有标签: ferret
blue_umbrella,专有标签: blue umbrella
legband,专有标签: legband
track_uniform,专有标签: track uniform
musical_note_print,专有标签: musical note print
torture,专有标签: torture
white_day,专有标签: white day
off-shoulder_one-piece_swimsuit,专有标签: off-shoulder one-piece swimsuit
cartridge,专有标签: cartridge
holding_wrench,专有标签: holding wrench
army,专有标签: army
ring_gag,专有标签: ring gag
hollow_eyes,专有标签: hollow eyes
holding_another's_leg,专有标签: holding another's leg
pineapple,专有标签: pineapple
goat,专有标签: goat
sickle,专有标签: sickle
wizard,专有标签: wizard
soap_bottle,专有标签: soap bottle
decapitation,专有标签: decapitation
soviet,专有标签: soviet
unworn_eyepatch,专有标签: unworn eyepatch
hooded_dress,专有标签: hooded dress
cart,专有标签: cart
nipple_pull,专有标签: nipple pull
keep_out,专有标签: keep out
negative_space,专有标签: negative space
japan,专有标签: japan
crawling,专有标签: crawling
floating_book,专有标签: floating book
guard_rail,专有标签: guard rail
rabbit_costume,专有标签: rabbit costume
seal_(animal),专有标签: seal (animal)
hakurei_shrine,专有标签: hakurei shrine
holding_riding_crop,专有标签: holding riding crop
skeleton_print,专有标签: skeleton print
pectoral_focus,专有标签: pectoral focus
tokyo_(city),专有标签: tokyo (city)
wataboushi,专有标签: wataboushi
huge_dildo,专有标签: huge dildo
splattershot_(splatoon),专有标签: splattershot (splatoon)
glove_biting,专有标签: glove biting
pravda_military_uniform,专有标签: pravda military uniform
st._theresa's_girls_academy_school_uniform,专有标签: st. theresa's girls academy school uniform
lizard,专有标签: lizard
age_comparison,专有标签: age comparison
self_hug,专有标签: self hug
baby_bottle,专有标签: baby bottle
st._chronica_academy_school_uniform,专有标签: st. chronica academy school uniform
food_on_breasts,食物在胸部
flying_paper,专有标签: flying paper
breast_milk,专有标签: breast milk
chocolate_cake,专有标签: chocolate cake
pinstripe_suit,专有标签: pinstripe suit
green_cloak,专有标签: green cloak
spaceship_hair_ornament,专有标签: spaceship hair ornament
bowler_hat,专有标签: bowler hat
chi-hatan_military_uniform,专有标签: chi-hatan military uniform
joystick,专有标签: joystick
pump_action,专有标签: pump action
box_art,专有标签: box art
pegasus_knight_uniform_(fire_emblem),专有标签: pegasus knight uniform (fire emblem)
green_eyeshadow,专有标签: green eyeshadow
orange_rose,专有标签: orange rose
teeth_hold,专有标签: teeth hold
mesugaki,专有标签: mesugaki
ganguro,专有标签: ganguro
wallpaper_(object),专有标签: wallpaper (object)
sadism,专有标签: sadism
muzzle_flash,专有标签: muzzle flash
cat_bag,猫包
heart_lock_(kantai_collection),专有标签: heart lock (kantai collection)
cracked_floor,专有标签: cracked floor
lipgloss,专有标签: lipgloss
riyo_(lyomsnpmp)_(style),专有标签: riyo (lyomsnpmp) (style)
pumpkin_hair_ornament,专有标签: pumpkin hair ornament
bandaged_wrist,专有标签: bandaged wrist
holding_swimsuit,手持泳装
mast,专有标签: mast
implied_kiss,专有标签: implied kiss
clothesline,专有标签: clothesline
tag,专有标签: tag
spiked_hairband,专有标签: spiked hairband
luna_nova_school_uniform,专有标签: luna nova school uniform
glass_bottle,专有标签: glass bottle
coat_dress,专有标签: coat dress
black_sky,黑色天空
tea_set,专有标签: tea set
inkwell,专有标签: inkwell
jester,专有标签: jester
holomyth,专有标签: holomyth
pubic_stubble,专有标签: pubic stubble
long_nose,专有标签: long nose
stopwatch,专有标签: stopwatch
shoulder_belt,专有标签: shoulder belt
holding_footwear,手持鞋
holding_toy,专有标签: holding toy
panties_under_buruma,专有标签: panties under buruma
color_trace,专有标签: color trace
food_art,专有标签: food art
roots,专有标签: roots
pokemon_move,专有标签: pokemon move
hugging_book,专有标签: hugging book
brown_border,专有标签: brown border
nissin_cup_noodle,专有标签: nissin cup noodle
vignetting,专有标签: vignetting
marshmallow,专有标签: marshmallow
half-skirt,专有标签: half-skirt
glock,专有标签: glock
fast_food,专有标签: fast food
orange_jumpsuit,专有标签: orange jumpsuit
flower_in_eye,花在眼
midriff_sarashi,专有标签: midriff sarashi
red_track_suit,专有标签: red track suit
k-pop,专有标签: k-pop
speaking_tube_headset,专有标签: speaking tube headset
cum_on_eyewear,专有标签: cum on eyewear
mundane_utility,专有标签: mundane utility
grey_suit,专有标签: grey suit
hooded_vest,专有标签: hooded vest
miyamasuzaka_girls'_academy_school_uniform,专有标签: miyamasuzaka girls' academy school uniform
scylla,专有标签: scylla
bathrobe,专有标签: bathrobe
variable_fighter,专有标签: variable fighter
mole_on_body,专有标签: mole on body
spoiler_(automobile),专有标签: spoiler (automobile)
holding_fireworks,专有标签: holding fireworks
magical_boy,专有标签: magical boy
sequential,专有标签: sequential
coif,专有标签: coif
alternate_pectoral_size,专有标签: alternate pectoral size
chained_wrists,专有标签: chained wrists
french_flag,专有标签: french flag
hogwarts_school_uniform,专有标签: hogwarts school uniform
throwing_knife,专有标签: throwing knife
prototype_design,专有标签: prototype design
bikini_shorts,比基尼短裤
bow_skirt,蝴蝶结裙
side-tie_peek,专有标签: side-tie peek
groom,专有标签: groom
tweaking_own_nipple,专有标签: tweaking own nipple
bralines,专有标签: bralines
blue_camisole,专有标签: blue camisole
behind-the-head_headphones,专有标签: behind-the-head headphones
credits_page,专有标签: credits page
gauze,专有标签: gauze
striped_coat,专有标签: striped coat
dragonfly,专有标签: dragonfly
holding_with_feet,手持带足
pizza_box,专有标签: pizza box
pelt,专有标签: pelt
chaldea_logo,专有标签: chaldea logo
unfastened,专有标签: unfastened
merchandise,专有标签: merchandise
greek_toe,专有标签: greek toe
black_armband,专有标签: black armband
adjusting_panties,专有标签: adjusting panties
bird_print,专有标签: bird print
shared_object_insertion,专有标签: shared object insertion
hanging_plant,专有标签: hanging plant
bee,专有标签: bee
hand_on_glass,专有标签: hand on glass
vertical-striped_socks,专有标签: vertical-striped socks
used_condom_on_penis,专有标签: used condom on penis
plaid_ribbon,专有标签: plaid ribbon
sparse_stubble,专有标签: sparse stubble
...?,专有标签: ...?
webbed_hands,专有标签: webbed hands
contrast,专有标签: contrast
virgin_destroyer_sweater,专有标签: virgin destroyer sweater
vertical-striped_panties,专有标签: vertical-striped panties
skull_ornament,专有标签: skull ornament
training_corps_(emblem),专有标签: training corps (emblem)
print_sarong,专有标签: print sarong
pegasus,专有标签: pegasus
cloth,专有标签: cloth
kappa,专有标签: kappa
dock,专有标签: dock
isometric,专有标签: isometric
holding_test_tube,专有标签: holding test tube
otter,专有标签: otter
volleyball_net,专有标签: volleyball net
band_uniform,专有标签: band uniform
checkered_shirt,专有标签: checkered shirt
fat_rolls,专有标签: fat rolls
cola,专有标签: cola
glory_wall,专有标签: glory wall
weapon_case,专有标签: weapon case
lowleg_skirt,专有标签: lowleg skirt
fur-trimmed_shirt,专有标签: fur-trimmed shirt
missing_limb,专有标签: missing limb
tsab_ground_military_uniform,专有标签: tsab ground military uniform
super_soaker,专有标签: super soaker
german_flag_bikini,专有标签: german flag bikini
lightning_bolt_print,专有标签: lightning bolt print
studded_collar,专有标签: studded collar
hospital,专有标签: hospital
holding_mop,专有标签: holding mop
headlight,专有标签: headlight
bear_boy,专有标签: bear boy
toggles,专有标签: toggles
blue_tabard,专有标签: blue tabard
gao,专有标签: gao
holly_hair_ornament,专有标签: holly hair ornament
pendant_watch,专有标签: pendant watch
chrysanthemum,专有标签: chrysanthemum
cleave_gag,专有标签: cleave gag
menu_board,专有标签: menu board
mismatched_sclera,专有标签: mismatched sclera
swiss_roll,专有标签: swiss roll
prostration,专有标签: prostration
uneven_twintails,专有标签: uneven twintails
mutual_masturbation,专有标签: mutual masturbation
exercise_ball,专有标签: exercise ball
lyre,专有标签: lyre
horseshoe,专有标签: horseshoe
lillian_girls'_academy_school_uniform,专有标签: lillian girls' academy school uniform
emotionless_sex,专有标签: emotionless sex
armpit_sex,专有标签: armpit sex
covering_one_breast,专有标签: covering one breast
suicide,专有标签: suicide
infirmary,专有标签: infirmary
folded_hair,专有标签: folded hair
vertical-striped_pants,专有标签: vertical-striped pants
swastika,专有标签: swastika
implied_masturbation,专有标签: implied masturbation
shrugging,专有标签: shrugging
model_kit,专有标签: model kit
pig_ears,专有标签: pig ears
metal_skin,专有标签: metal skin
crowbar,专有标签: crowbar
first_aid_kit,专有标签: first aid kit
blood_on_leg,专有标签: blood on leg
stained_clothes,专有标签: stained clothes
high-low_skirt,专有标签: high-low skirt
sitting_on_shoulder,坐着在肩
gun_to_head,枪向头
seatbelt,专有标签: seatbelt
christmas_stocking,专有标签: christmas stocking
on_railing,专有标签: on railing
tengu_mask,专有标签: tengu mask
pumpkin_hat,专有标签: pumpkin hat
hand_wraps,专有标签: hand wraps
belt_skirt,专有标签: belt skirt
crotch_grab,专有标签: crotch grab
silver_dress,银色连衣裙
hexagon_print,专有标签: hexagon print
lace-trimmed_choker,专有标签: lace-trimmed choker
brown_mittens,专有标签: brown mittens
sukusuku_hakutaku,专有标签: sukusuku hakutaku
shiny_and_normal,专有标签: shiny and normal
drugged,专有标签: drugged
hanami,专有标签: hanami
duel_disk,专有标签: duel disk
rei_no_pool,专有标签: rei no pool
blue_hood,专有标签: blue hood
naked_cloak,专有标签: naked cloak
one-piece_thong,专有标签: one-piece thong
black_bandeau,专有标签: black bandeau
paralyzer,专有标签: paralyzer
eye_black,眼黑色
orange_goggles,专有标签: orange goggles
z-ring,专有标签: z-ring
diving,专有标签: diving
crt,专有标签: crt
warrior,专有标签: warrior
ice_cream_float,专有标签: ice cream float
fingersmile,专有标签: fingersmile
fishnet_socks,专有标签: fishnet socks
purple_collar,紫色衣领
flower_choker,专有标签: flower choker
elbow_sleeve,专有标签: elbow sleeve
masu,专有标签: masu
holding_heart,手持爱心
kousaka_kirino's_school_uniform,专有标签: kousaka kirino's school uniform
cut_bangs,专有标签: cut bangs
hook,专有标签: hook
tamagoyaki,专有标签: tamagoyaki
portal_(object),专有标签: portal (object)
pocky_in_mouth,专有标签: pocky in mouth
grey_apron,专有标签: grey apron
raccoon,专有标签: raccoon
2008,专有标签: 2008
jiangshi_costume,专有标签: jiangshi costume
cigarette_pack,专有标签: cigarette pack
vacuum_cleaner,专有标签: vacuum cleaner
cellphone_charm,专有标签: cellphone charm
tribal_tattoo,专有标签: tribal tattoo
easter,专有标签: easter
mizu_happi,专有标签: mizu happi
fist_bump,专有标签: fist bump
rubber_gloves,专有标签: rubber gloves
red_cardigan,专有标签: red cardigan
sewing,专有标签: sewing
eye_reflection,专有标签: eye reflection
photorealistic,专有标签: photorealistic
holding_coin,专有标签: holding coin
crazy_straw,专有标签: crazy straw
mole_under_each_eye,专有标签: mole under each eye
clothes_theft,专有标签: clothes theft
simulated_fellatio,专有标签: simulated fellatio
holding_microphone_stand,专有标签: holding microphone stand
clock_eyes,专有标签: clock eyes
reptile_girl,专有标签: reptile girl
holding_chain,专有标签: holding chain
restroom,专有标签: restroom
beretta_92,专有标签: beretta 92
wrong_foot,专有标签: wrong foot
protecting,专有标签: protecting
stuffed_penguin,专有标签: stuffed penguin
converse,专有标签: converse
thong_aside,专有标签: thong aside
walking_on_liquid,专有标签: walking on liquid
gesugao,专有标签: gesugao
knight_(chess),专有标签: knight (chess)
black_male_swimwear,专有标签: black male swimwear
index_fingers_raised,专有标签: index fingers raised
qingxin_flower,专有标签: qingxin flower
censored_text,专有标签: censored text
hair_between_breasts,发之间胸部
pelvic_curtain_lift,专有标签: pelvic curtain lift
sextuplets,专有标签: sextuplets
toilet_stall,专有标签: toilet stall
alternate_hair_ornament,专有标签: alternate hair ornament
jungle,专有标签: jungle
food_bite,专有标签: food bite
unworn_necktie,专有标签: unworn necktie
mutual_hug,专有标签: mutual hug
2007,专有标签: 2007
lying_on_lap,专有标签: lying on lap
multiple_torii,专有标签: multiple torii
brown_neckerchief,专有标签: brown neckerchief
hand_on_floor,专有标签: hand on floor
kerchief,专有标签: kerchief
saunders_school_uniform,专有标签: saunders school uniform
absolutely_everyone,专有标签: absolutely everyone
red_suit,专有标签: red suit
red_robe,专有标签: red robe
holding_own_foot,专有标签: holding own foot
strapless_bottom,专有标签: strapless bottom
wing_brooch,专有标签: wing brooch
diagonal-striped_bowtie,专有标签: diagonal-striped bowtie
licking_ear,专有标签: licking ear
miku_day,专有标签: miku day
holding_drumsticks,专有标签: holding drumsticks
flower_in_mouth,花在嘴
dorsiflexion,专有标签: dorsiflexion
braiding_hair,专有标签: braiding hair
aqua_kimono,专有标签: aqua kimono
nintendo_3ds,专有标签: nintendo 3ds
hexagon_hair_ornament,专有标签: hexagon hair ornament
vertical-striped_kimono,专有标签: vertical-striped kimono
stitched_arm,专有标签: stitched arm
pink_sash,专有标签: pink sash
cuff_links,专有标签: cuff links
determined,专有标签: determined
checkered_dress,专有标签: checkered dress
ornate_border,专有标签: ornate border
tri_braids,专有标签: tri braids
animal_ear_hairband,专有标签: animal ear hairband
pastry_bag,专有标签: pastry bag
nyan,专有标签: nyan
measuring,专有标签: measuring
standard_bearer,专有标签: standard bearer
folder,专有标签: folder
roasted_sweet_potato,专有标签: roasted sweet potato
<|>_<|>,专有标签: <|> <|>
grey_bowtie,专有标签: grey bowtie
flying_teardrops,专有标签: flying teardrops
soft_serve,专有标签: soft serve
clothed_male_nude_male,专有标签: clothed male nude male
temple,专有标签: temple
4others,4个其他角色
toe_cleavage,专有标签: toe cleavage
antique_phone,专有标签: antique phone
yellow_camisole,专有标签: yellow camisole
miracle_mallet,专有标签: miracle mallet
bishamonten's_spear,专有标签: bishamonten's spear
penis_over_eyes,专有标签: penis over eyes
bamboo_shoot,专有标签: bamboo shoot
pointing_forward,专有标签: pointing forward
solid_circle_pupils,专有标签: solid circle pupils
prank,专有标签: prank
loaded_interior,专有标签: loaded interior
cat_mask,专有标签: cat mask
penis_to_breast,专有标签: penis to breast
mannequin,专有标签: mannequin
pink_gemstone,专有标签: pink gemstone
crotch_zipper,专有标签: crotch zipper
tying,专有标签: tying
shippou_(pattern),专有标签: shippou (pattern)
blob,专有标签: blob
medieval,专有标签: medieval
shirt_overhang,专有标签: shirt overhang
anemone_(flower),专有标签: anemone (flower)
incoming_hug,专有标签: incoming hug
igote,专有标签: igote
frog_girl,专有标签: frog girl
projectile_lactation,专有标签: projectile lactation
hands_on_shoulders,手在肩
carapace,专有标签: carapace
spoken_food,专有标签: spoken food
stuffed_dog,专有标签: stuffed dog
animal_on_hand,兽在手
digital_dissolve,专有标签: digital dissolve
holding_shirt,手持衬衫
cyrillic,专有标签: cyrillic
unworn_shorts,专有标签: unworn shorts
prison,专有标签: prison
casino,专有标签: casino
curly_eyebrows,专有标签: curly eyebrows
riding_bicycle,专有标签: riding bicycle
star-shaped_eyewear,专有标签: star-shaped eyewear
white_stripes,专有标签: white stripes
chikan,专有标签: chikan
clothes_pin,专有标签: clothes pin
kuji-in,专有标签: kuji-in
cauldron,专有标签: cauldron
holed_coin,专有标签: holed coin
cat_on_shoulder,猫在肩
storm,专有标签: storm
self-harm,专有标签: self-harm
fiery_wings,专有标签: fiery wings
finger_to_another's_mouth,专有标签: finger to another's mouth
battleship,专有标签: battleship
sky_print,专有标签: sky print
orange_headband,专有标签: orange headband
scouter,专有标签: scouter
sainan_high_school_uniform,专有标签: sainan high school uniform
intestines,专有标签: intestines
ashtray,专有标签: ashtray
long_toenails,专有标签: long toenails
brown_flower,棕色花
handprint,专有标签: handprint
holding_cake,专有标签: holding cake
stakes_of_purgatory,专有标签: stakes of purgatory
cargo_pants,专有标签: cargo pants
kyuudou,专有标签: kyuudou
heart_(organ),专有标签: heart (organ)
shimokitazawa_high_school_uniform,专有标签: shimokitazawa high school uniform
hands_on_another's_chest,专有标签: hands on another's chest
carrying_bag,专有标签: carrying bag
removing_jacket,专有标签: removing jacket
frilled_umbrella,专有标签: frilled umbrella
nail_bat,专有标签: nail bat
scratching_head,专有标签: scratching head
chuunibyou,专有标签: chuunibyou
bloodshot_eyes,专有标签: bloodshot eyes
italian_text,专有标签: italian text
green_horns,专有标签: green horns
glitter,专有标签: glitter
holding_suitcase,专有标签: holding suitcase
beer_bottle,专有标签: beer bottle
green_headband,专有标签: green headband
micro_bra,专有标签: micro bra
ace_of_spades,专有标签: ace of spades
bipod,专有标签: bipod
no_feet,无足
motosu_school_uniform,专有标签: motosu school uniform
horn_grab,专有标签: horn grab
golden_arms,专有标签: golden arms
crisis_management_form_(machimazo),专有标签: crisis management form (machimazo)
shamoji,专有标签: shamoji
walther,专有标签: walther
brown_serafuku,专有标签: brown serafuku
math,专有标签: math
red_nose,专有标签: red nose
single_head_wing,专有标签: single head wing
holding_leg,专有标签: holding leg
animal_head,兽头
black_scales,专有标签: black scales
bust_cup,专有标签: bust cup
out_of_character,专有标签: out of character
year_of_the_dog,专有标签: year of the dog
covered_clitoris,专有标签: covered clitoris
bulging_eyes,专有标签: bulging eyes
object_on_breast,专有标签: object on breast
dream_soul,专有标签: dream soul
meka_(overwatch),专有标签: meka (overwatch)
nebula,专有标签: nebula
gold_coin,专有标签: gold coin
panda_hood,专有标签: panda hood
magician,专有标签: magician
elevator,专有标签: elevator
taut_swimsuit,专有标签: taut swimsuit
deer_tail,专有标签: deer tail
purple_butterfly,专有标签: purple butterfly
grimoire_of_alice,专有标签: grimoire of alice
lolidom,专有标签: lolidom
aqua_leotard,专有标签: aqua leotard
bathhouse,专有标签: bathhouse
laundry_basket,专有标签: laundry basket
double_amputee,专有标签: double amputee
broccoli,专有标签: broccoli
little_red_riding_hood_(grimm)_(cosplay),专有标签: little red riding hood (grimm) (cosplay)
year_of_the_pig,专有标签: year of the pig
keizoku_school_uniform,专有标签: keizoku school uniform
fur_cuffs,专有标签: fur cuffs
broken_armor,专有标签: broken armor
through_screen,专有标签: through screen
wakamezake,专有标签: wakamezake
finger_sucking,专有标签: finger sucking
glowing_hand,专有标签: glowing hand
cast,专有标签: cast
panties_under_shorts,内裤下方短裤
weasel_girl,专有标签: weasel girl
brown_lips,专有标签: brown lips
arm_around_back,专有标签: arm around back
hand_on_table,专有标签: hand on table
white_sky,白色天空
dilation_tape,专有标签: dilation tape
arm_on_knee,专有标签: arm on knee
maple_leaf_print,专有标签: maple leaf print
expression_chart,专有标签: expression chart
kanba_girls_high_school_uniform,专有标签: kanba girls high school uniform
cabbage,专有标签: cabbage
listening_to_music,专有标签: listening to music
1970s_(style),专有标签: 1970s (style)
power_connection,专有标签: power connection
lifebuoy_ornament,专有标签: lifebuoy ornament
exploding_clothes,专有标签: exploding clothes
right-over-left_kimono,专有标签: right-over-left kimono
holding_creature,专有标签: holding creature
floating_rock,专有标签: floating rock
stiletto_(weapon),专有标签: stiletto (weapon)
sock_pull,专有标签: sock pull
window_(computing),专有标签: window (computing)
clawed_gauntlets,专有标签: clawed gauntlets
waving_arms,专有标签: waving arms
canned_coffee,专有标签: canned coffee
print_mug,专有标签: print mug
dogeza,专有标签: dogeza
glass_shards,专有标签: glass shards
nipple_chain,专有标签: nipple chain
camisole_lift,专有标签: camisole lift
frilled_headwear,专有标签: frilled headwear
cable_tail,专有标签: cable tail
chess,专有标签: chess
red_male_underwear,专有标签: red male underwear
exposed_pocket,专有标签: exposed pocket
combat_knife,专有标签: combat knife
two-sided_coat,专有标签: two-sided coat
materia,专有标签: materia
firelock,专有标签: firelock
volcano,专有标签: volcano
village,专有标签: village
trophy,专有标签: trophy
fingering_through_panties,专有标签: fingering through panties
dotted_background,专有标签: dotted background
shoujo_kitou-chuu,专有标签: shoujo kitou-chuu
tooth,专有标签: tooth
whip_marks,专有标签: whip marks
eel,专有标签: eel
paizuri_invitation,专有标签: paizuri invitation
safety_glasses,专有标签: safety glasses
groceries,专有标签: groceries
holding_fish,专有标签: holding fish
front_slit,专有标签: front slit
multitasking,专有标签: multitasking
flippers,专有标签: flippers
honda,专有标签: honda
leopard_girl,专有标签: leopard girl
kickboard,专有标签: kickboard
wing_ears,专有标签: wing ears
smartphone_case,专有标签: smartphone case
kariyushi_shirt,专有标签: kariyushi shirt
oonusa,专有标签: oonusa
knives_between_fingers,专有标签: knives between fingers
broken_sword,专有标签: broken sword
policeman,专有标签: policeman
spade_hair_ornament,专有标签: spade hair ornament
white_halo,专有标签: white halo
male_underwear_peek,专有标签: male underwear peek
hand_focus,专有标签: hand focus
fitting_room,专有标签: fitting room
carton,专有标签: carton
cash_register,专有标签: cash register
unworn_jewelry,专有标签: unworn jewelry
hanging_light,专有标签: hanging light
leotard_peek,专有标签: leotard peek
makeup_brush,专有标签: makeup brush
caliburn_(fate),专有标签: caliburn (fate)
neck_garter,专有标签: neck garter
foot_worship,专有标签: foot worship
fried_chicken,专有标签: fried chicken
weasel_tail,专有标签: weasel tail
blue_suit,专有标签: blue suit
cross-laced_top,专有标签: cross-laced top
koishi_day,专有标签: koishi day
military_operator,专有标签: military operator
wardrobe_error,专有标签: wardrobe error
table_humping,专有标签: table humping
whiteboard,专有标签: whiteboard
holding_photo,专有标签: holding photo
vehicle_and_personification,专有标签: vehicle and personification
bolt,专有标签: bolt
compass,专有标签: compass
ooarai_(emblem),专有标签: ooarai (emblem)
youkai_(youkai_watch),专有标签: youkai (youkai watch)
2b_(nier:automata)_(cosplay),专有标签: 2b (nier:automata) (cosplay)
dissolving_clothes,专有标签: dissolving clothes
hunched_over,专有标签: hunched over
holding_pole,专有标签: holding pole
jacket_lift,专有标签: jacket lift
fish_bone,专有标签: fish bone
drowning,专有标签: drowning
holding_shovel,专有标签: holding shovel
marriage_proposal,专有标签: marriage proposal
backless_swimsuit,专有标签: backless swimsuit
gag_harness,专有标签: gag harness
tickling_armpits,专有标签: tickling armpits
jam,专有标签: jam
chili_pepper,专有标签: chili pepper
incoming_kiss,专有标签: incoming kiss
ray_gun,专有标签: ray gun
trash,专有标签: trash
rust,专有标签: rust
low-cut_armhole,专有标签: low-cut armhole
propeller_hair_ornament,专有标签: propeller hair ornament
tambourine,专有标签: tambourine
merman,专有标签: merman
runny_nose,专有标签: runny nose
sprinkles,专有标签: sprinkles
fake_magazine_cover,专有标签: fake magazine cover
biwa_lute,专有标签: biwa lute
against_fourth_wall,专有标签: against fourth wall
wide_oval_eyes,专有标签: wide oval eyes
holding_cross,专有标签: holding cross
sexual_coaching,专有标签: sexual coaching
craft_essence_(fate),专有标签: craft essence (fate)
otter_tail,专有标签: otter tail
interior,专有标签: interior
mami_mogu_mogu,专有标签: mami mogu mogu
gumroad_username,专有标签: gumroad username
lime_(fruit),专有标签: lime (fruit)
amestris_military_uniform,专有标签: amestris military uniform
cobblestone,专有标签: cobblestone
cupboard,专有标签: cupboard
canteen,专有标签: canteen
taut_leotard,专有标签: taut leotard
cork,专有标签: cork
phoenix,专有标签: phoenix
after_masturbation,专有标签: after masturbation
o-ring_swimsuit,专有标签: o-ring swimsuit
dorsal_fin,专有标签: dorsal fin
flying_fish,专有标签: flying fish
wind_turbine,专有标签: wind turbine
pom_pom_earrings,专有标签: pom pom earrings
checkered_bow,专有标签: checkered bow
multiple_hairpins,专有标签: multiple hairpins
record,专有标签: record
smelling_clothes,专有标签: smelling clothes
light_brown_background,专有标签: light brown background
lance_of_longinus_(evangelion),专有标签: lance of longinus (evangelion)
studded_choker,专有标签: studded choker
red_bandeau,专有标签: red bandeau
croissant,专有标签: croissant
jolly_roger,专有标签: jolly roger
red_trim,专有标签: red trim
mechanic,专有标签: mechanic
covering_another's_mouth,专有标签: covering another's mouth
single_garter_strap,专有标签: single garter strap
lane_line,专有标签: lane line
brain,专有标签: brain
humping,专有标签: humping
fruit_hat_ornament,专有标签: fruit hat ornament
ski_goggles,专有标签: ski goggles
starfish_hair_ornament,专有标签: starfish hair ornament
hand_on_own_forehead,专有标签: hand on own forehead
holding_briefcase,专有标签: holding briefcase
brown_sash,专有标签: brown sash
orca,专有标签: orca
urinal,专有标签: urinal
van,专有标签: van
layered_kimono,专有标签: layered kimono
o-ring_belt,专有标签: o-ring belt
ballpoint_pen_(medium),专有标签: ballpoint pen (medium)
striped_vest,专有标签: striped vest
like_and_retweet,专有标签: like and retweet
green_cardigan,专有标签: green cardigan
multicolored_stripes,专有标签: multicolored stripes
aqua_hairband,专有标签: aqua hairband
square,专有标签: square
entangled,专有标签: entangled
billboard,专有标签: billboard
yellow_gemstone,专有标签: yellow gemstone
plate_carrier,专有标签: plate carrier
surfing,专有标签: surfing
police_car,专有标签: police car
crystal_wings,专有标签: crystal wings
limiter_(tsukumo_sana),专有标签: limiter (tsukumo sana)
casing_ejection,专有标签: casing ejection
fern,专有标签: fern
bear_hood,专有标签: bear hood
war_hammer,专有标签: war hammer
coffee_pot,专有标签: coffee pot
holding_bra,手持胸罩
sauce,专有标签: sauce
throat_microphone,专有标签: throat microphone
detached_leggings,专有标签: detached leggings
shopping_cart,专有标签: shopping cart
half-erect,专有标签: half-erect
ticket,专有标签: ticket
paw_print_pattern,专有标签: paw print pattern
shindan_maker,专有标签: shindan maker
invisible,专有标签: invisible
congratulations,专有标签: congratulations
star_wand,专有标签: star wand
object_head,专有标签: object head
yumi_(bow),专有标签: yumi (bow)
m16,专有标签: m16
on_scooter,专有标签: on scooter
kanshou_&_bakuya_(fate),专有标签: kanshou & bakuya (fate)
chocolate_making,专有标签: chocolate making
carousel,专有标签: carousel
wet_skirt,专有标签: wet skirt
body_switch,专有标签: body switch
depressed,专有标签: depressed
multicolored_tail,专有标签: multicolored tail
holding_another's_foot,专有标签: holding another's foot
walker_(robot),专有标签: walker (robot)
gradient_wings,专有标签: gradient wings
down_jacket,向下夹克
rabbit_on_head,兔在头
giant_male,专有标签: giant male
meteor_shower,专有标签: meteor shower
kissing_neck,专有标签: kissing neck
raspberry,专有标签: raspberry
holding_scroll,专有标签: holding scroll
twintails_day,专有标签: twintails day
rhine_lab_logo,专有标签: rhine lab logo
monochrome_background,专有标签: monochrome background
pink_tank_top,专有标签: pink tank top
kadomatsu,专有标签: kadomatsu
microwave,专有标签: microwave
looking_at_hand,看向手
watercolor_pencil_(medium),专有标签: watercolor pencil (medium)
yellow_one-piece_swimsuit,专有标签: yellow one-piece swimsuit
white_bandeau,专有标签: white bandeau
paint_can,专有标签: paint can
musket,专有标签: musket
monk,专有标签: monk
shield_on_back,专有标签: shield on back
facing_up,专有标签: facing up
black_tube_top,专有标签: black tube top
white_pubic_hair,专有标签: white pubic hair
scoop_neck,专有标签: scoop neck
female_goblin,专有标签: female goblin
purple_pupils,专有标签: purple pupils
graduation,专有标签: graduation
covering_another's_eyes,专有标签: covering another's eyes
ligne_claire,专有标签: ligne claire
slim_legs,专有标签: slim legs
accident,专有标签: accident
handshake,专有标签: handshake
torn_wings,专有标签: torn wings
kono_lolicon_domome,专有标签: kono lolicon domome
weights,专有标签: weights
temari_ball,专有标签: temari ball
red_wine,专有标签: red wine
yellow_pantyhose,专有标签: yellow pantyhose
super_saiyan_4,专有标签: super saiyan 4
wafer_stick,专有标签: wafer stick
condensation,专有标签: condensation
originium_arts_(arknights),专有标签: originium arts (arknights)
sitting_sideways,专有标签: sitting sideways
small_nipples,专有标签: small nipples
fading,专有标签: fading
surrounded,专有标签: surrounded
bandaged_fingers,专有标签: bandaged fingers
ahoge_wag,专有标签: ahoge wag
bindi,专有标签: bindi
black_hood,专有标签: black hood
hand_on_ground,专有标签: hand on ground
container,专有标签: container
glansjob,专有标签: glansjob
black_veil,专有标签: black veil
child_carry,专有标签: child carry
ak-47,专有标签: ak-47
head_on_head,头在头
pitcher_(container),专有标签: pitcher (container)
coin_purse,专有标签: coin purse
leaf_background,专有标签: leaf background
transparent_censoring,专有标签: transparent censoring
hakama_shorts,专有标签: hakama shorts
moose_ears,专有标签: moose ears
josou_seme,专有标签: josou seme
stuffed_panda,专有标签: stuffed panda
police_badge,专有标签: police badge
translucent,专有标签: translucent
fishnet_bodysuit,专有标签: fishnet bodysuit
cutting,专有标签: cutting
pointy_hat,专有标签: pointy hat
fur_jacket,专有标签: fur jacket
dollar_sign,专有标签: dollar sign
curled_up,专有标签: curled up
bandaid_on_neck,专有标签: bandaid on neck
homu,专有标签: homu
crescent_rose,专有标签: crescent rose
railroad_crossing,专有标签: railroad crossing
black_vs_white,专有标签: black vs white
circle_formation,专有标签: circle formation
holding_surfboard,专有标签: holding surfboard
bridal_lingerie,专有标签: bridal lingerie
handjob_gesture,专有标签: handjob gesture
hat_belt,专有标签: hat belt
team_skull,专有标签: team skull
flat_chest_grab,专有标签: flat chest grab
overall_skirt,专有标签: overall skirt
bc_freedom_school_uniform,专有标签: bc freedom school uniform
hair_over_one_breast,专有标签: hair over one breast
arm_over_head,手臂覆盖头
red_star,红色星
sweater_pull,专有标签: sweater pull
holding_map,专有标签: holding map
masked,专有标签: masked
haneoka_school_uniform,专有标签: haneoka school uniform
cello,专有标签: cello
disguise,专有标签: disguise
scalpel,专有标签: scalpel
holographic_monitor,专有标签: holographic monitor
knife_sheath,专有标签: knife sheath
rotary_phone,专有标签: rotary phone
pantyhose_under_swimsuit,专有标签: pantyhose under swimsuit
whip_sword,专有标签: whip sword
sixteenth_note,专有标签: sixteenth note
grabbing_another's_ear,专有标签: grabbing another's ear
wanted,专有标签: wanted
pawn_(chess),专有标签: pawn (chess)
print_swimsuit,专有标签: print swimsuit
popsicle_stick,专有标签: popsicle stick
person_on_head,专有标签: person on head
face_in_pillow,专有标签: face in pillow
karate_gi,专有标签: karate gi
unworn_goggles,专有标签: unworn goggles
after_bathing,专有标签: after bathing
anti-aircraft,专有标签: anti-aircraft
nipple_cutout,专有标签: nipple cutout
country_connection,专有标签: country connection
starlight_academy_school_uniform,专有标签: starlight academy school uniform
weapon_bag,武器包
flailing,专有标签: flailing
sky_lantern,专有标签: sky lantern
chessboard,专有标签: chessboard
frontless_outfit,专有标签: frontless outfit
armored_leotard,专有标签: armored leotard
travel_attendant,专有标签: travel attendant
shoulder_plates,专有标签: shoulder plates
ribbed_thighhighs,专有标签: ribbed thighhighs
band,专有标签: band
forked_tail,专有标签: forked tail
lightning_bolt_hair_ornament,专有标签: lightning bolt hair ornament
undone_neck_ribbon,专有标签: undone neck ribbon
shoulder_guard,专有标签: shoulder guard
hedgehog_tail,专有标签: hedgehog tail
digital_clock,专有标签: digital clock
lop_rabbit_ears,专有标签: lop rabbit ears
closet,专有标签: closet
cassock,专有标签: cassock
germany,专有标签: germany
metamoran_vest,专有标签: metamoran vest
normal_suit,专有标签: normal suit
checkered_legwear,专有标签: checkered legwear
sparse_chest_hair,专有标签: sparse chest hair
see-through_swimsuit,专有标签: see-through swimsuit
saury,专有标签: saury
holding_necklace,专有标签: holding necklace
chakram,专有标签: chakram
panties_over_pantyhose,专有标签: panties over pantyhose
orange_bra,橙色胸罩
blood_on_bandages,专有标签: blood on bandages
pink_horns,专有标签: pink horns
rainbow_background,专有标签: rainbow background
meadow,专有标签: meadow
remembering,专有标签: remembering
calligraphy_brush_(medium),专有标签: calligraphy brush (medium)
saint_quartz_(fate),专有标签: saint quartz (fate)
vertical_foregrip,专有标签: vertical foregrip
calligraphy,专有标签: calligraphy
adjusting_scarf,专有标签: adjusting scarf
scratching_cheek,专有标签: scratching cheek
bokura_wa_ima_no_naka_de,专有标签: bokura wa ima no naka de
layered_shirt,专有标签: layered shirt
emoticon,专有标签: emoticon
bird_on_arm,专有标签: bird on arm
pokemon_ears,专有标签: pokemon ears
paint_on_clothes,专有标签: paint on clothes
scar_on_hand,专有标签: scar on hand
blue_outline,专有标签: blue outline
green_feathers,专有标签: green feathers
unworn_bikini,专有标签: unworn bikini
pink_sports_bra,专有标签: pink sports bra
tape_on_nipples,专有标签: tape on nipples
casting_spell,专有标签: casting spell
adjusting_buruma,专有标签: adjusting buruma
playground,专有标签: playground
rice_paddy,专有标签: rice paddy
noses_touching,专有标签: noses touching
side-tie_shirt,专有标签: side-tie shirt
green_rose,专有标签: green rose
torn_coat,专有标签: torn coat
beach_mat,专有标签: beach mat
baton_(weapon),专有标签: baton (weapon)
ai_ai_gasa,专有标签: ai ai gasa
rash_guard,专有标签: rash guard
poke_ball_(legends),专有标签: poke ball (legends)
ankle_bow,专有标签: ankle bow
covering_own_ears,遮住自己耳
bridle,专有标签: bridle
mtu_virus,专有标签: mtu virus
bird_boy,专有标签: bird boy
butterfly_tattoo,专有标签: butterfly tattoo
bandaid_on_head,专有标签: bandaid on head
fur-trimmed_bikini,专有标签: fur-trimmed bikini
implied_extra_ears,专有标签: implied extra ears
amusement_park,专有标签: amusement park
hat_tassel,专有标签: hat tassel
crosshatching,专有标签: crosshatching
hand_over_face,手覆盖脸
hogtie,专有标签: hogtie
coconut_tree,专有标签: coconut tree
argyle_cutout,专有标签: argyle cutout
cross-laced_skirt,专有标签: cross-laced skirt
fruit_on_head,专有标签: fruit on head
fruit_cup,专有标签: fruit cup
height,专有标签: height
starry_hair,专有标签: starry hair
sparkle_hair_ornament,专有标签: sparkle hair ornament
too_literal,专有标签: too literal
suspenders_slip,专有标签: suspenders slip
cow_costume,专有标签: cow costume
fried_rice,专有标签: fried rice
drum_magazine,专有标签: drum magazine
anti-aircraft_gun,专有标签: anti-aircraft gun
pregnancy_test,专有标签: pregnancy test
penis_shadow,专有标签: penis shadow
blood_on_ground,专有标签: blood on ground
multicolored_leotard,专有标签: multicolored leotard
white_garter_belt,专有标签: white garter belt
holding_toothbrush,专有标签: holding toothbrush
toga,专有标签: toga
red_carpet,专有标签: red carpet
holding_lipstick_tube,专有标签: holding lipstick tube
multi-strapped_bikini_top,专有标签: multi-strapped bikini top
mg42,专有标签: mg42
nipple-to-nipple,专有标签: nipple-to-nipple
pushing_away,专有标签: pushing away
spoken_expression,专有标签: spoken expression
ainu,专有标签: ainu
holding_with_tail,手持带尾
white_wristband,专有标签: white wristband
long_ribbon,长缎带
shogi,专有标签: shogi
green_fire,专有标签: green fire
facing_down,专有标签: facing down
senbei,专有标签: senbei
dawn,专有标签: dawn
purple_robe,专有标签: purple robe
turtleneck_jacket,专有标签: turtleneck jacket
rice_hat,专有标签: rice hat
bacon,专有标签: bacon
washing_hair,专有标签: washing hair
dark_clouds,专有标签: dark clouds
forced_smile,专有标签: forced smile
shared_earphones,专有标签: shared earphones
banana_peel,专有标签: banana peel
mole_on_arm,专有标签: mole on arm
holding_mirror,专有标签: holding mirror
two-sided_cloak,专有标签: two-sided cloak
refraction,专有标签: refraction
corsage,专有标签: corsage
black_outline,专有标签: black outline
anchor_earrings,专有标签: anchor earrings
wrapped_candy,专有标签: wrapped candy
gingham,专有标签: gingham
sweet_lolita,专有标签: sweet lolita
asymmetrical_sidelocks,专有标签: asymmetrical sidelocks
lying_on_water,躺着在水
side-tie_skirt,专有标签: side-tie skirt
print_scarf,专有标签: print scarf
green_collar,绿色衣领
sweater_tucked_in,专有标签: sweater tucked in
bc_freedom_(emblem),专有标签: bc freedom (emblem)
stile_uniform,专有标签: stile uniform
front-print_panties,专有标签: front-print panties
square_neckline,专有标签: square neckline
bear_panties,专有标签: bear panties
mini_witch_hat,专有标签: mini witch hat
holding_key,专有标签: holding key
baking,专有标签: baking
on_stool,专有标签: on stool
oar,专有标签: oar
nipple_jewelry,专有标签: nipple jewelry
holding_torch,专有标签: holding torch
holding_plectrum,专有标签: holding plectrum
announcement_celebration,专有标签: announcement celebration
jug_(bottle),专有标签: jug (bottle)
white_tube_top,专有标签: white tube top
unworn_hair_ornament,专有标签: unworn hair ornament
holding_magnifying_glass,专有标签: holding magnifying glass
single_off_shoulder,专有标签: single off shoulder
meandros,专有标签: meandros
stained_sheets,专有标签: stained sheets
arm_across_waist,专有标签: arm across waist
torn_cloak,专有标签: torn cloak
heart_hair,爱心发
audio_jack,专有标签: audio jack
oven,专有标签: oven
kittysuit,专有标签: kittysuit
soy_sauce,专有标签: soy sauce
shirt_around_waist,专有标签: shirt around waist
;(,专有标签: ;(
arthropod_boy,专有标签: arthropod boy
hieroglyphics,专有标签: hieroglyphics
rural,专有标签: rural
piano_keys,专有标签: piano keys
sailor_swimsuit_(idolmaster),专有标签: sailor swimsuit (idolmaster)
market_stall,专有标签: market stall
detached_ahoge,专有标签: detached ahoge
ankle_garter,专有标签: ankle garter
year_of_the_rooster,专有标签: year of the rooster
fusuma,专有标签: fusuma
package,专有标签: package
feet_on_chair,专有标签: feet on chair
singlet,专有标签: singlet
pastel_(medium),专有标签: pastel (medium)
large_ears,大耳
sailor_collar_lift,专有标签: sailor collar lift
aviator_cap,专有标签: aviator cap
aqua_shorts,水色短裤
monkey_boy,专有标签: monkey boy
flying_button,专有标签: flying button
race_bib,专有标签: race bib
ambiguous_red_liquid,专有标签: ambiguous red liquid
sewing_needle,专有标签: sewing needle
holding_newspaper,专有标签: holding newspaper
female_service_cap,专有标签: female service cap
covering_with_blanket,专有标签: covering with blanket
moth_girl,专有标签: moth girl
rag,专有标签: rag
ankleband,专有标签: ankleband
shampoo_bottle,专有标签: shampoo bottle
black_babydoll,专有标签: black babydoll
tucked_penis,专有标签: tucked penis
multiple_bracelets,专有标签: multiple bracelets
front_zipper_swimsuit,专有标签: front zipper swimsuit
kin-iro_mosaic_high_school_uniform,专有标签: kin-iro mosaic high school uniform
holding_bell,专有标签: holding bell
blue_male_underwear,专有标签: blue male underwear
side_cape,专有标签: side cape
hand_grip,专有标签: hand grip
inset_border,专有标签: inset border
glove_bow,专有标签: glove bow
green_serafuku,专有标签: green serafuku
claw_foot_bathtub,专有标签: claw foot bathtub
unworn_thighhighs,专有标签: unworn thighhighs
rooster,专有标签: rooster
poi,专有标签: poi
ribbed_socks,专有标签: ribbed socks
dress_shoes,连衣裙鞋
vertical-striped_shorts,专有标签: vertical-striped shorts
blue_sweater_vest,专有标签: blue sweater vest
polearm_behind_back,专有标签: polearm behind back
fur-trimmed_thighhighs,专有标签: fur-trimmed thighhighs
streetwear,专有标签: streetwear
hatsune_miku,初音未来
hakurei_reimu,博丽灵梦
kirisame_marisa,雾雨魔理沙
remilia_scarlet,蕾米莉亚·斯卡蕾特
flandre_scarlet,芙兰朵露·斯卡蕾特
izayoi_sakuya,十六夜咲夜
admiral_(kancolle),角色: Admiral（舰队Collection）
artoria_pendragon_(fate),角色: Artoria Pendragon（Fate）
kochiya_sanae,东风谷早苗
alice_margatroid,角色: Alice Margatroid
patchouli_knowledge,角色: Patchouli Knowledge
konpaku_youmu,魂魄妖梦
cirno,琪露诺
komeiji_koishi,角色: Komeiji Koishi
yakumo_yukari,八云紫
shameimaru_aya,角色: Shameimaru Aya
reisen_udongein_inaba,角色: Reisen Udongein Inaba
fujiwara_no_mokou,角色: Fujiwara No Mokou
komeiji_satori,角色: Komeiji Satori
hong_meiling,角色: Hong Meiling
akemi_homura,晓美焰
saigyouji_yuyuko,角色: Saigyouji Yuyuko
kaname_madoka,鹿目圆
inubashiri_momiji,角色: Inubashiri Momiji
kaga_(kancolle),角色: Kaga（舰队Collection）
yakumo_ran,角色: Yakumo Ran
kagamine_rin,镜音铃
konpaku_youmu_(ghost),魂魄妖梦（Ghost）
kaenbyou_rin,角色: Kaenbyou Rin
moriya_suwako,角色: Moriya Suwako
rumia,角色: Rumia
shimakaze_(kancolle),角色: Shimakaze（舰队Collection）
kazami_yuuka,角色: Kazami Yuuka
miki_sayaka,角色: Miki Sayaka
reiuji_utsuho,角色: Reiuji Utsuho
chen,角色: Chen
saber_(fate),角色: Saber（Fate）
ganyu_(genshin_impact),甘雨（原神）
hibiki_(kancolle),角色: Hibiki（舰队Collection）
mash_kyrielight,玛修·基列莱特
tatara_kogasa,角色: Tatara Kogasa
kawashiro_nitori,角色: Kawashiro Nitori
kamishirasawa_keine,角色: Kamishirasawa Keine
shigure_(kancolle),角色: Shigure（舰队Collection）
hinanawi_tenshi,角色: Hinanawi Tenshi
sakura_kyoko,角色: Sakura Kyoko
tomoe_mami,角色: Tomoe Mami
houraisan_kaguya,角色: Houraisan Kaguya
koakuma,角色: Koakuma
mystia_lorelei,角色: Mystia Lorelei
souryuu_asuka_langley,角色: Souryuu Asuka Langley
inaba_tewi,角色: Inaba Tewi
ibuki_suika,角色: Ibuki Suika
kongou_(kancolle),角色: Kongou（舰队Collection）
nazrin,角色: Nazrin
inazuma_(kancolle),角色: Inazuma（舰队Collection）
hijiri_byakuren,角色: Hijiri Byakuren
warrior_of_light_(ff14),角色: Warrior Of Light（最终幻想14）
akagi_(kancolle),角色: Akagi（舰队Collection）
kagamine_len,镜音连
link,角色: Link
raiden_shogun,雷电将军
tamamo_(fate),角色: Tamamo（Fate）
houjuu_nue,角色: Houjuu Nue
lumine_(genshin_impact),角色: Lumine（原神）
houshou_marine,角色: Houshou Marine
tenryuu_(kancolle),角色: Tenryuu（舰队Collection）
fujimaru_ritsuka_(male),角色: Fujimaru Ritsuka（Male）
yasaka_kanako,角色: Yasaka Kanako
gawr_gura,角色: Gawr Gura
yuudachi_(kancolle),角色: Yuudachi（舰队Collection）
yagokoro_eirin,角色: Yagokoro Eirin
fujimaru_ritsuka_(female),角色: Fujimaru Ritsuka（Female）
megurine_luka,角色: Megurine Luka
jeanne_d'arc_alter_(fate),角色: Jeanne D'arc Alter（Fate）
mizuhashi_parsee,角色: Mizuhashi Parsee
sensei_(blue_archive),角色: Sensei（蔚蓝档案）
fubuki_(kancolle),角色: Fubuki（舰队Collection）
ikazuchi_(kancolle),角色: Ikazuchi（舰队Collection）
abigail_williams_(fate),角色: Abigail Williams（Fate）
pikachu,皮卡丘
hu_tao_(genshin_impact),胡桃（原神）
akatsuki_(kancolle),角色: Akatsuki（舰队Collection）
zuikaku_(kancolle),角色: Zuikaku（舰队Collection）
akiyama_mio,角色: Akiyama Mio
toyosatomimi_no_miko,角色: Toyosatomimi No Miko
hamakaze_(kancolle),角色: Hamakaze（舰队Collection）
suzumiya_haruhi,角色: Suzumiya Haruhi
haruna_(kancolle),角色: Haruna（舰队Collection）
nero_claudius_(fate),角色: Nero Claudius（Fate）
nagato_(kancolle),角色: Nagato（舰队Collection）
morichika_rinnosuke,角色: Morichika Rinnosuke
princess_zelda,塞尔达公主
kagiyama_hina,角色: Kagiyama Hina
inkling_player_character,角色: Inkling Player Character
tifa_lockhart,蒂法·洛克哈特
hoshiguma_yuugi,角色: Hoshiguma Yuugi
fate_testarossa,角色: Fate Testarossa
kashima_(kancolle),角色: Kashima（舰队Collection）
nishizumi_miho,角色: Nishizumi Miho
tohsaka_rin,角色: Tohsaka Rin
daiyousei,角色: Daiyousei
mononobe_no_futo,角色: Mononobe No Futo
2b_(nier:automata),2B（尼尔: 自动人形）
wriggle_nightbug,角色: Wriggle Nightbug
shanghai_doll,角色: Shanghai Doll
nakano_azusa,角色: Nakano Azusa
nagato_yuki,角色: Nagato Yuki
rem_(re:zero),蕾姆（Re:从零开始的异世界生活）
shirakami_fubuki,角色: Shirakami Fubuki
asuna_(blue_archive),亚丝娜（蔚蓝档案）
shiki_eiki,角色: Shiki Eiki
usami_renko,角色: Usami Renko
misaka_mikoto,御坂美琴
onozuka_komachi,角色: Onozuka Komachi
suzuya_(kancolle),角色: Suzuya（舰队Collection）
ryuujou_(kancolle),角色: Ryuujou（舰队Collection）
illyasviel_von_einzbern,角色: Illyasviel Von Einzbern
hirasawa_yui,角色: Hirasawa Yui
maribel_hearn,角色: Maribel Hearn
kyubey,角色: Kyubey
scathach_(fate),角色: Scathach（Fate）
yae_miko,角色: Yae Miko
imaizumi_kagerou,角色: Imaizumi Kagerou
gotoh_hitori,角色: Gotoh Hitori
yuuka_(blue_archive),角色: Yuuka（蔚蓝档案）
zhongli_(genshin_impact),角色: Zhongli（原神）
ayanami_rei,角色: Ayanami Rei
producer_(idolmaster),角色: Producer（Idolmaster）
shigure_kai_ni_(kancolle),角色: Shigure Kai Ni（舰队Collection）
manjuu_(azur_lane),角色: Manjuu（碧蓝航线）
houshou_(kancolle),角色: Houshou（舰队Collection）
toramaru_shou,角色: Toramaru Shou
takamachi_nanoha,角色: Takamachi Nanoha
inkling_girl,角色: Inkling Girl
usada_pekora,角色: Usada Pekora
joseph_joestar,角色: Joseph Joestar
yuudachi_kai_ni_(kancolle),角色: Yuudachi Kai Ni（舰队Collection）
matoi_ryuuko,角色: Matoi Ryuuko
jeanne_d'arc_(fate),角色: Jeanne D'arc（Fate）
aether_(genshin_impact),角色: Aether（原神）
serval_(kemono_friends),角色: Serval（Kemono Friends）
yor_briar,角色: Yor Briar
hoshimachi_suisei,角色: Hoshimachi Suisei
tainaka_ritsu,角色: Tainaka Ritsu
himekaidou_hatate,角色: Himekaidou Hatate
murakumo_(kancolle),角色: Murakumo（舰队Collection）
amatsukaze_(kancolle),角色: Amatsukaze（舰队Collection）
mona_(genshin_impact),角色: Mona（原神）
megumin,角色: Megumin
nishikino_maki,角色: Nishikino Maki
ninomae_ina'nis,角色: Ninomae Ina'nis
ushio_(kancolle),角色: Ushio（舰队Collection）
mori_calliope,角色: Mori Calliope
kafuu_chino,角色: Kafuu Chino
kaku_seiga,角色: Kaku Seiga
dawn_(pokemon),角色: Dawn（宝可梦）
toujou_nozomi,角色: Toujou Nozomi
jeanne_d'arc_alter_(avenger)_(fate),角色: Jeanne D'arc Alter（Avenger) (fate）
sonoda_umi,角色: Sonoda Umi
okita_souji_(fate),角色: Okita Souji（Fate）
keqing_(genshin_impact),角色: Keqing（原神）
shiroko_(blue_archive),角色: Shiroko（蔚蓝档案）
shibuya_rin,角色: Shibuya Rin
yukikaze_(kancolle),角色: Yukikaze（舰队Collection）
murasa_minamitsu,角色: Murasa Minamitsu
lillie_(pokemon),角色: Lillie（宝可梦）
atago_(kancolle),角色: Atago（舰队Collection）
northern_ocean_princess,角色: Northern Ocean Princess
nanami_chiaki,角色: Nanami Chiaki
minato_aqua,角色: Minato Aqua
yamato_(kancolle),角色: Yamato（舰队Collection）
gardevoir,角色: Gardevoir
shoukaku_(kancolle),角色: Shoukaku（舰队Collection）
ayase_eli,角色: Ayase Eli
yazawa_nico,角色: Yazawa Nico
yuzuki_yukari,角色: Yuzuki Yukari
tamamo_no_mae_(fate/extra),角色: Tamamo No Mae（Fate/extra）
nagae_iku,角色: Nagae Iku
kujo_jotaro,角色: Kujo Jotaro
hata_no_kokoro,角色: Hata No Kokoro
akebono_(kancolle),角色: Akebono（舰队Collection）
kaito_(vocaloid),角色: Kaito（Vocaloid）
joseph_joestar_(young),角色: Joseph Joestar（Young）
doodle_sensei_(blue_archive),角色: Doodle Sensei（蔚蓝档案）
ibaraki_kasen,角色: Ibaraki Kasen
pyra_(xenoblade),角色: Pyra（Xenoblade）
chun-li,角色: Chun-li
doctor_(arknights),角色: Doctor（明日方舟）
kinomoto_sakura,角色: Kinomoto Sakura
trainer_(umamusume),角色: Trainer（Umamusume）
nekomata_okayu,角色: Nekomata Okayu
kitakami_(kancolle),角色: Kitakami（舰队Collection）
amiya_(arknights),角色: Amiya（明日方舟）
shuten_douji_(fate),角色: Shuten Douji（Fate）
makima_(chainsaw_man),角色: Makima（Chainsaw Man）
gilgamesh_(fate),角色: Gilgamesh（Fate）
byleth_(fire_emblem),角色: Byleth（Fire Emblem）
soga_no_tojiko,角色: Soga No Tojiko
hina_(blue_archive),角色: Hina（蔚蓝档案）
may_(pokemon),角色: May（宝可梦）
cloud_strife,角色: Cloud Strife
kurodani_yamame,角色: Kurodani Yamame
kasodani_kyouko,角色: Kasodani Kyouko
matou_sakura,角色: Matou Sakura
miyako_yoshika,角色: Miyako Yoshika
kumoi_ichirin,角色: Kumoi Ichirin
rensouhou-chan,角色: Rensouhou-chan
rosa_(pokemon),角色: Rosa（宝可梦）
toki_(blue_archive),角色: Toki（蔚蓝档案）
ooyodo_(kancolle),角色: Ooyodo（舰队Collection）
astolfo_(fate),角色: Astolfo（Fate）
takanashi_kiara,角色: Takanashi Kiara
marnie_(pokemon),角色: Marnie（宝可梦）
darjeeling_(girls_und_panzer),角色: Darjeeling（Girls Und Panzer）
hoshii_miki,角色: Hoshii Miki
venti_(genshin_impact),角色: Venti（原神）
clownpiece,角色: Clownpiece
prinz_eugen_(kancolle),角色: Prinz Eugen（舰队Collection）
cu_chulainn_(fate),角色: Cu Chulainn（Fate）
tokoyami_towa,角色: Tokoyami Towa
kijin_seija,角色: Kijin Seija
mythra_(xenoblade),角色: Mythra（Xenoblade）
asashio_(kancolle),角色: Asashio（舰队Collection）
hilda_(pokemon),角色: Hilda（宝可梦）
hiiragi_kagami,角色: Hiiragi Kagami
mutsu_(kancolle),角色: Mutsu（舰队Collection）
samus_aran,角色: Samus Aran
kotobuki_tsumugi,角色: Kotobuki Tsumugi
klee_(genshin_impact),角色: Klee（原神）
kaban_(kemono_friends),角色: Kaban（Kemono Friends）
texas_(arknights),角色: Texas（明日方舟）
female_admiral_(kancolle),角色: Female Admiral（舰队Collection）
watson_amelia,角色: Watson Amelia
mordred_(fate),角色: Mordred（Fate）
nishizumi_maho,角色: Nishizumi Maho
kirby,角色: Kirby
tatsuta_(kancolle),角色: Tatsuta（舰队Collection）
ouro_kronii,角色: Ouro Kronii
kamisato_ayaka,角色: Kamisato Ayaka
princess_peach,角色: Princess Peach
nanashi_mumei,角色: Nanashi Mumei
minamoto_no_raikou_(fate),角色: Minamoto No Raikou（Fate）
sekibanki,角色: Sekibanki
itsumi_erika,角色: Itsumi Erika
emiya_shirou,角色: Emiya Shirou
meiko_(vocaloid),角色: Meiko（Vocaloid）
aki_minoriko,角色: Aki Minoriko
minami_kotori,角色: Minami Kotori
rice_shower_(umamusume),角色: Rice Shower（Umamusume）
c.c.,角色: C.c.
junko_(touhou),角色: Junko（Touhou）
hieda_no_akyuu,角色: Hieda No Akyuu
tartaglia_(genshin_impact),角色: Tartaglia（原神）
izumi_konata,角色: Izumi Konata
dio_brando,角色: Dio Brando
sendai_(kancolle),角色: Sendai（舰队Collection）
archer_(fate),角色: Archer（Fate）
ooi_(kancolle),角色: Ooi（舰队Collection）
aerith_gainsborough,角色: Aerith Gainsborough
paimon_(genshin_impact),角色: Paimon（原神）
bismarck_(kancolle),角色: Bismarck（舰队Collection）
mika_(blue_archive),角色: Mika（蔚蓝档案）
musashi_(kancolle),角色: Musashi（舰队Collection）
anchovy_(girls_und_panzer),角色: Anchovy（Girls Und Panzer）
eula_(genshin_impact),角色: Eula（原神）
tsukino_usagi,角色: Tsukino Usagi
caesar_anthonio_zeppeli,角色: Caesar Anthonio Zeppeli
mejiro_mcqueen_(umamusume),角色: Mejiro Mcqueen（Umamusume）
akashi_(kancolle),角色: Akashi（舰队Collection）
takao_(kancolle),角色: Takao（舰队Collection）
gloria_(pokemon),角色: Gloria（宝可梦）
shirogane_noel,角色: Shirogane Noel
asuna_(sao),亚丝娜（Sao）
amami_haruka,角色: Amami Haruka
aris_(blue_archive),角色: Aris（蔚蓝档案）
sakura_miko,角色: Sakura Miko
sukuna_shinmyoumaru,角色: Sukuna Shinmyoumaru
nahida_(genshin_impact),角色: Nahida（原神）
daiwa_scarlet_(umamusume),角色: Daiwa Scarlet（Umamusume）
furina_(genshin_impact),角色: Furina（原神）
shiranui_(kancolle),角色: Shiranui（舰队Collection）
medusa_(fate),角色: Medusa（Fate）
hk416_(girls'_frontline),角色: Hk416（少女前线）
yoko_littner,角色: Yoko Littner
futatsuiwa_mamizou,角色: Futatsuiwa Mamizou
okita_souji_(koha-ace),角色: Okita Souji（Koha-ace）
shenhe_(genshin_impact),角色: Shenhe（原神）
sazanami_(kancolle),角色: Sazanami（舰队Collection）
souryuu_(kancolle),角色: Souryuu（舰队Collection）
koharu_(blue_archive),角色: Koharu（蔚蓝档案）
scaramouche_(genshin_impact),角色: Scaramouche（原神）
nero_claudius_(fate/extra),角色: Nero Claudius（Fate/extra）
skadi_(arknights),角色: Skadi（明日方舟）
akiyama_yukari,角色: Akiyama Yukari
d.va_(overwatch),角色: D.va（Overwatch）
byleth_(female)_(fire_emblem),角色: Byleth（Female) (fire Emblem）
taihou_(azur_lane),角色: Taihou（碧蓝航线）
samidare_(kancolle),角色: Samidare（舰队Collection）
aki_shizuha,角色: Aki Shizuha
inugami_korone,角色: Inugami Korone
asuna_(bunny)_(blue_archive),亚丝娜（Bunny) (blue Archive）
shijou_takane,角色: Shijou Takane
yamashiro_(kancolle),角色: Yamashiro（舰队Collection）
letty_whiterock,角色: Letty Whiterock
komaeda_nagito,角色: Komaeda Nagito
senketsu,角色: Senketsu
kousaka_honoka,角色: Kousaka Honoka
ash_ketchum,角色: Ash Ketchum
mordred_(fate/apocrypha),角色: Mordred（Fate/apocrypha）
amane_kanata,角色: Amane Kanata
suigintou,角色: Suigintou
watanabe_you,角色: Watanabe You
ookami_mio,角色: Ookami Mio
hiei_(kancolle),角色: Hiei（舰队Collection）
bb_(fate),角色: Bb（Fate）
wo-class_aircraft_carrier,角色: Wo-class Aircraft Carrier
hoshino_(blue_archive),角色: Hoshino（蔚蓝档案）
oozora_subaru,角色: Oozora Subaru
gumi,角色: Gumi
kiryuuin_satsuki,角色: Kiryuuin Satsuki
ro-500_(kancolle),角色: Ro-500（舰队Collection）
hecatia_lapislazuli,角色: Hecatia Lapislazuli
kasumi_(kancolle),角色: Kasumi（舰队Collection）
karin_(blue_archive),角色: Karin（蔚蓝档案）
kisaragi_chihaya,角色: Kisaragi Chihaya
boo_tao_(genshin_impact),角色: Boo Tao（原神）
iowa_(kancolle),角色: Iowa（舰队Collection）
verniy_(kancolle),角色: Verniy（舰队Collection）
kikuchi_makoto,角色: Kikuchi Makoto
kirishima_(kancolle),角色: Kirishima（舰队Collection）
shirasaka_koume,角色: Shirasaka Koume
yumemi_riamu,角色: Yumemi Riamu
minase_iori,角色: Minase Iori
morrigan_aensland,角色: Morrigan Aensland
oshino_shinobu,角色: Oshino Shinobu
houshou_marine_(1st_costume),角色: Houshou Marine（1st Costume）
gold_ship_(umamusume),角色: Gold Ship（Umamusume）
red_(pokemon),角色: Red（宝可梦）
nami_(one_piece),角色: Nami（One Piece）
bremerton_(azur_lane),角色: Bremerton（碧蓝航线）
hoshizora_rin,角色: Hoshizora Rin
atago_(azur_lane),角色: Atago（碧蓝航线）
cynthia_(pokemon),角色: Cynthia（宝可梦）
anya_(spy_x_family),角色: Anya（Spy X Family）
nishikigi_chisato,角色: Nishikigi Chisato
aqua_(konosuba),角色: Aqua（Konosuba）
oma_kokichi,角色: Oma Kokichi
uruha_rushia,角色: Uruha Rushia
shimamura_uzuki,角色: Shimamura Uzuki
saber_alter,角色: Saber Alter
midoriya_izuku,角色: Midoriya Izuku
xiao_(genshin_impact),角色: Xiao（原神）
yukihana_lamy,角色: Yukihana Lamy
agnes_tachyon_(umamusume),角色: Agnes Tachyon（Umamusume）
cammy_white,角色: Cammy White
ex-keine,角色: Ex-keine
shishiro_botan,角色: Shishiro Botan
prinz_eugen_(azur_lane),角色: Prinz Eugen（碧蓝航线）
sakamata_chloe,角色: Sakamata Chloe
jeanne_d'arc_(ruler)_(fate),角色: Jeanne D'arc（Ruler) (fate）
yuubari_(kancolle),角色: Yuubari（舰队Collection）
ganaha_hibiki,角色: Ganaha Hibiki
higuchi_madoka,角色: Higuchi Madoka
tokai_teio_(umamusume),角色: Tokai Teio（Umamusume）
meltryllis_(fate),角色: Meltryllis（Fate）
oyama_mahiro,角色: Oyama Mahiro
hinata_hajime,角色: Hinata Hajime
takagaki_kaede,角色: Takagaki Kaede
formidable_(azur_lane),角色: Formidable（碧蓝航线）
sagisawa_fumika,角色: Sagisawa Fumika
kiso_(kancolle),角色: Kiso（舰队Collection）
karyl_(princess_connect!),角色: Karyl（Princess Connect!）
power_(chainsaw_man),角色: Power（Chainsaw Man）
zero_two_(darling_in_the_franxx),角色: Zero Two（Darling In The Franxx）
son_goku,角色: Son Goku
hiryuu_(kancolle),角色: Hiryuu（舰队Collection）
asahina_mikuru,角色: Asahina Mikuru
frieren,角色: Frieren
wakasagihime,角色: Wakasagihime
djeeta_(granblue_fantasy),角色: Djeeta（碧蓝幻想）
ultimate_madoka,角色: Ultimate Madoka
miyamoto_musashi_(fate),角色: Miyamoto Musashi（Fate）
ikari_shinji,角色: Ikari Shinji
kishin_sagume,角色: Kishin Sagume
gawr_gura_(1st_costume),角色: Gawr Gura（1st Costume）
graf_zeppelin_(kancolle),角色: Graf Zeppelin（舰队Collection）
medusa_(rider)_(fate),角色: Medusa（Rider) (fate）
kitagawa_marin,角色: Kitagawa Marin
suletta_mercury,角色: Suletta Mercury
ereshkigal_(fate),角色: Ereshkigal（Fate）
saihara_shuichi,角色: Saihara Shuichi
selene_(pokemon),角色: Selene（宝可梦）
serena_(pokemon),角色: Serena（宝可梦）
lucina_(fire_emblem),角色: Lucina（Fire Emblem）
koizumi_hanayo,角色: Koizumi Hanayo
ishtar_(fate),角色: Ishtar（Fate）
murasaki_shion,角色: Murasaki Shion
lily_white,角色: Lily White
kuroki_tomoko,角色: Kuroki Tomoko
corrin_(fire_emblem),角色: Corrin（Fire Emblem）
mario,角色: Mario
jougasaki_mika,角色: Jougasaki Mika
hestia_(danmachi),角色: Hestia（Danmachi）
belfast_(azur_lane),角色: Belfast（碧蓝航线）
takatsuki_yayoi,角色: Takatsuki Yayoi
sirius_(azur_lane),角色: Sirius（碧蓝航线）
lappland_(arknights),角色: Lappland（明日方舟）
kyon,角色: Kyon
bowsette,角色: Bowsette
uraraka_ochako,角色: Uraraka Ochako
kiryu_coco,角色: Kiryu Coco
la+_darknesss,角色: La+ Darknesss
ahri_(league_of_legends),角色: Ahri（League Of Legends）
kanzaki_ranko,角色: Kanzaki Ranko
black_rock_shooter_(character),角色: Black Rock Shooter（Character）
naka_(kancolle),角色: Naka（舰队Collection）
furude_rika,角色: Furude Rika
sailor_moon,角色: Sailor Moon
haruno_sakura,角色: Haruno Sakura
takebe_saori,角色: Takebe Saori
toki_(bunny)_(blue_archive),角色: Toki（Bunny) (blue Archive）
nilou_(genshin_impact),角色: Nilou（原神）
stocking_(psg),角色: Stocking（Psg）
eevee,角色: Eevee
usada_pekora_(1st_costume),角色: Usada Pekora（1st Costume）
tsushima_yoshiko,角色: Tsushima Yoshiko
narukami_yuu,角色: Narukami Yuu
kisume,角色: Kisume
zuihou_(kancolle),角色: Zuihou（舰队Collection）
cu_chulainn_(fate/stay_night),角色: Cu Chulainn（Fate/stay Night）
commander_(azur_lane),角色: Commander（碧蓝航线）
yelan_(genshin_impact),角色: Yelan（原神）
inoue_takina,角色: Inoue Takina
super_sonico,角色: Super Sonico
fairy_(kancolle),角色: Fairy（舰队Collection）
nakiri_ayame,角色: Nakiri Ayame
seaport_princess,角色: Seaport Princess
kita_ikuyo,角色: Kita Ikuyo
naganami_(kancolle),角色: Naganami（舰队Collection）
monster_hunter_(character),角色: Monster Hunter（Character）
shiranui_flare,角色: Shiranui Flare
fischl_(genshin_impact),角色: Fischl（原神）
arona_(blue_archive),角色: Arona（蔚蓝档案）
denji_(chainsaw_man),角色: Denji（Chainsaw Man）
i-19_(kancolle),角色: I-19（舰队Collection）
hakos_baelz,角色: Hakos Baelz
ichinose_shiki,角色: Ichinose Shiki
kakyoin_noriaki,角色: Kakyoin Noriaki
mirko,角色: Mirko
misty_(pokemon),角色: Misty（宝可梦）
nitta_minami,角色: Nitta Minami
takarada_rikka,角色: Takarada Rikka
gokou_ruri,角色: Gokou Ruri
kiana_kaslana,角色: Kiana Kaslana
hanako_(blue_archive),角色: Hanako（蔚蓝档案）
kisaki_(blue_archive),角色: Kisaki（蔚蓝档案）
silence_suzuka_(umamusume),角色: Silence Suzuka（Umamusume）
edelgard_von_hresvelg,角色: Edelgard Von Hresvelg
kujo_jolyne,角色: Kujo Jolyne
tachibana_arisu,角色: Tachibana Arisu
medicine_melancholy,角色: Medicine Melancholy
unicorn_(azur_lane),角色: Unicorn（碧蓝航线）
mari_(blue_archive),角色: Mari（蔚蓝档案）
murasame_(kancolle),角色: Murasame（舰队Collection）
barbara_(genshin_impact),角色: Barbara（原神）
doremy_sweet,角色: Doremy Sweet
fu_hua,角色: Fu Hua
kokkoro_(princess_connect!),角色: Kokkoro（Princess Connect!）
sanya_v._litvyak,角色: Sanya V. Litvyak
barnaby_brooks_jr.,角色: Barnaby Brooks Jr.
lunasa_prismriver,角色: Lunasa Prismriver
yamakaze_(kancolle),角色: Yamakaze（舰队Collection）
suzuran_(arknights),角色: Suzuran（明日方舟）
giorno_giovanna,角色: Giorno Giovanna
sakurauchi_riko,角色: Sakurauchi Riko
chloe_von_einzbern,角色: Chloe Von Einzbern
natsuiro_matsuri,角色: Natsuiro Matsuri
maya_(kancolle),角色: Maya（舰队Collection）
eila_ilmatar_juutilainen,角色: Eila Ilmatar Juutilainen
ump45_(girls'_frontline),角色: Ump45（少女前线）
jean_(genshin_impact),角色: Jean（原神）
manhattan_cafe_(umamusume),角色: Manhattan Cafe（Umamusume）
uzumaki_naruto,角色: Uzumaki Naruto
trailblazer_(honkai:_star_rail),角色: Trailblazer（Honkai: Star Rail）
bakugou_katsuki,角色: Bakugou Katsuki
kay_(girls_und_panzer),角色: Kay（Girls Und Panzer）
ako_(blue_archive),角色: Ako（蔚蓝档案）
florence_nightingale_(fate),角色: Florence Nightingale（Fate）
jonathan_joestar,角色: Jonathan Joestar
i-58_(kancolle),角色: I-58（舰队Collection）
miorine_rembran,角色: Miorine Rembran
sangonomiya_kokomi,角色: Sangonomiya Kokomi
ch'en_(arknights),角色: Ch'en（明日方舟）
usami_sumireko,角色: Usami Sumireko
anastasia_(idolmaster),角色: Anastasia（Idolmaster）
rio_(blue_archive),角色: Rio（蔚蓝档案）
kaburagi_t._kotetsu,角色: Kaburagi T. Kotetsu
yagami_hayate,角色: Yagami Hayate
yuki_miku,角色: Yuki Miku
kotomine_kirei,角色: Kotomine Kirei
kirito,角色: Kirito
mikasa_ackerman,角色: Mikasa Ackerman
ijichi_nijika,角色: Ijichi Nijika
gojou_satoru,角色: Gojou Satoru
hiiragi_tsukasa,角色: Hiiragi Tsukasa
nakano_nino,角色: Nakano Nino
kama_(fate),角色: Kama（Fate）
robin_(fire_emblem),角色: Robin（Fire Emblem）
futaba_anzu,角色: Futaba Anzu
katyusha_(girls_und_panzer),角色: Katyusha（Girls Und Panzer）
shimada_arisu,角色: Shimada Arisu
jack_the_ripper_(fate/apocrypha),角色: Jack The Ripper（Fate/apocrypha）
koshimizu_sachiko,角色: Koshimizu Sachiko
motoori_kosuzu,角色: Motoori Kosuzu
exusiai_(arknights),角色: Exusiai（明日方舟）
reisalin_stout,角色: Reisalin Stout
shirai_kuroko,角色: Shirai Kuroko
mercy_(overwatch),角色: Mercy（Overwatch）
hyuuga_hinata,角色: Hyuuga Hinata
pecorine_(princess_connect!),角色: Pecorine（Princess Connect!）
nice_nature_(umamusume),角色: Nice Nature（Umamusume）
raihan_(pokemon),角色: Raihan（宝可梦）
iskandar_(fate),角色: Iskandar（Fate）
akigumo_(kancolle),角色: Akigumo（舰队Collection）
leon_(pokemon),角色: Leon（宝可梦）
ayanami_(azur_lane),角色: Ayanami（碧蓝航线）
shirogane_naoto,角色: Shirogane Naoto
kafka_(honkai:_star_rail),角色: Kafka（Honkai: Star Rail）
aru_(blue_archive),角色: Aru（蔚蓝档案）
monkey_d._luffy,角色: Monkey D. Luffy
ryuuguu_rena,角色: Ryuuguu Rena
ruby_rose,角色: Ruby Rose
emilia_(re:zero),角色: Emilia（Re:从零开始的异世界生活）
nia_teppelin,角色: Nia Teppelin
z1_leberecht_maass_(kancolle),角色: Z1 Leberecht Maass（舰队Collection）
kal'tsit_(arknights),角色: Kal'tsit（明日方舟）
shiranui_mai,角色: Shiranui Mai
momoi_(blue_archive),角色: Momoi（蔚蓝档案）
narmaya_(granblue_fantasy),角色: Narmaya（碧蓝幻想）
star_sapphire,角色: Star Sapphire
hoto_cocoa,角色: Hoto Cocoa
common_raccoon_(kemono_friends),角色: Common Raccoon（Kemono Friends）
bridget_(guilty_gear),角色: Bridget（Guilty Gear）
yorigami_shion,角色: Yorigami Shion
taihou_(kancolle),角色: Taihou（舰队Collection）
miyu_(blue_archive),角色: Miyu（蔚蓝档案）
sheryl_nome,角色: Sheryl Nome
waver_velvet,角色: Waver Velvet
plana_(blue_archive),角色: Plana（蔚蓝档案）
bronya_zaychik,角色: Bronya Zaychik
ceres_fauna,角色: Ceres Fauna
surtr_(arknights),角色: Surtr（明日方舟）
aisaka_taiga,角色: Aisaka Taiga
higashikata_josuke,角色: Higashikata Josuke
nakano_miku,角色: Nakano Miku
miura_azusa,角色: Miura Azusa
z3_max_schultz_(kancolle),角色: Z3 Max Schultz（舰队Collection）
corrin_(female)_(fire_emblem),角色: Corrin（Female) (fire Emblem）
takami_chika,角色: Takami Chika
tatsumaki,角色: Tatsumaki
fusou_(kancolle),角色: Fusou（舰队Collection）
kuma_(kancolle),角色: Kuma（舰队Collection）
iono_(pokemon),角色: Iono（宝可梦）
warspite_(kancolle),角色: Warspite（舰队Collection）
jougasaki_rika,角色: Jougasaki Rika
kizuna_akari,角色: Kizuna Akari
fern_(sousou_no_frieren),角色: Fern（Sousou No Frieren）
hasumi_(blue_archive),角色: Hasumi（蔚蓝档案）
oda_nobunaga_(fate),角色: Oda Nobunaga（Fate）
reizei_mako,角色: Reizei Mako
nico_robin,角色: Nico Robin
aoba_(kancolle),角色: Aoba（舰队Collection）
kaedehara_kazuha,角色: Kaedehara Kazuha
hagiwara_yukiho,角色: Hagiwara Yukiho
oboro_(kancolle),角色: Oboro（舰队Collection）
elizabeth_bathory_(fate),角色: Elizabeth Bathory（Fate）
artoria_pendragon_(lancer)_(fate),角色: Artoria Pendragon（Lancer) (fate）
weiss_schnee,角色: Weiss Schnee
luna_child,角色: Luna Child
maekawa_miku,角色: Maekawa Miku
mayuzumi_fuyuko,角色: Mayuzumi Fuyuko
i-401_(kancolle),角色: I-401（舰队Collection）
satono_diamond_(umamusume),角色: Satono Diamond（Umamusume）
pyonta,角色: Pyonta
kumano_(kancolle),角色: Kumano（舰队Collection）
don-chan_(usada_pekora),角色: Don-chan（Usada Pekora）
bea_(pokemon),角色: Bea（宝可梦）
shirakami_fubuki_(1st_costume),角色: Shirakami Fubuki（1st Costume）
roronoa_zoro,角色: Roronoa Zoro
holo,角色: Holo
izumi_sagiri,角色: Izumi Sagiri
satonaka_chie,角色: Satonaka Chie
nessa_(pokemon),角色: Nessa（宝可梦）
octoling_player_character,角色: Octoling Player Character
illustrious_(azur_lane),角色: Illustrious（碧蓝航线）
nitocris_(fate),角色: Nitocris（Fate）
raiden_mei,角色: Raiden Mei
kirigiri_kyoko,角色: Kirigiri Kyoko
fennec_(kemono_friends),角色: Fennec（Kemono Friends）
lelouch_vi_britannia,角色: Lelouch Vi Britannia
tokitsukaze_(kancolle),角色: Tokitsukaze（舰队Collection）
sunny_milk,角色: Sunny Milk
mudrock_(arknights),角色: Mudrock（明日方舟）
non-human_admiral_(kancolle),角色: Non-human Admiral（舰队Collection）
alice_(alice_in_wonderland),角色: Alice（Alice In Wonderland）
shokuhou_misaki,角色: Shokuhou Misaki
satsuki_(kancolle),角色: Satsuki（舰队Collection）
mankanshoku_mako,角色: Mankanshoku Mako
kiyohime_(fate),角色: Kiyohime（Fate）
sonic_the_hedgehog,角色: Sonic The Hedgehog
midorikawa_nao,角色: Midorikawa Nao
beatrice_(umineko),角色: Beatrice（Umineko）
yoimiya_(genshin_impact),角色: Yoimiya（原神）
mogami_(kancolle),角色: Mogami（舰队Collection）
uzuki_(kancolle),角色: Uzuki（舰队Collection）
boko_(girls_und_panzer),角色: Boko（Girls Und Panzer）
hyuuga_(kancolle),角色: Hyuuga（舰队Collection）
ashigara_(kancolle),角色: Ashigara（舰队Collection）
dark_magician_girl,角色: Dark Magician Girl
yoshida_yuuko_(machikado_mazoku),角色: Yoshida Yuuko（Machikado Mazoku）
amber_(genshin_impact),角色: Amber（原神）
akizuki_ritsuko,角色: Akizuki Ritsuko
kise_yayoi,角色: Kise Yayoi
han_juri,角色: Han Juri
makise_kurisu,角色: Makise Kurisu
charlotte_(madoka_magica),角色: Charlotte（Madoka Magica）
akari_(pokemon),角色: Akari（宝可梦）
kamado_nezuko,角色: Kamado Nezuko
kitasan_black_(umamusume),角色: Kitasan Black（Umamusume）
amamiya_ren,角色: Amamiya Ren
tomoe_gozen_(fate),角色: Tomoe Gozen（Fate）
kagerou_(kancolle),角色: Kagerou（舰队Collection）
noa_(blue_archive),角色: Noa（蔚蓝档案）
urakaze_(kancolle),角色: Urakaze（舰队Collection）
midori_(blue_archive),角色: Midori（蔚蓝档案）
shiratsuyu_(kancolle),角色: Shiratsuyu（舰队Collection）
kiyoshimo_(kancolle),角色: Kiyoshimo（舰队Collection）
kazusa_(blue_archive),角色: Kazusa（蔚蓝档案）
nagisa_kaworu,角色: Nagisa Kaworu
kirima_syaro,角色: Kirima Syaro
kouzuki_kallen,角色: Kouzuki Kallen
dizzy_(guilty_gear),角色: Dizzy（Guilty Gear）
mika_(girls_und_panzer),角色: Mika（Girls Und Panzer）
yamada_ryo,角色: Yamada Ryo
jintsuu_(kancolle),角色: Jintsuu（舰队Collection）
unzan,角色: Unzan
enoshima_junko,角色: Enoshima Junko
kousaka_kirino,角色: Kousaka Kirino
twilight_(spy_x_family),角色: Twilight（Spy X Family）
houjou_satoko,角色: Houjou Satoko
hayami_kanade,角色: Hayami Kanade
isokaze_(kancolle),角色: Isokaze（舰队Collection）
qiqi_(genshin_impact),角色: Qiqi（原神）
ram_(re:zero),角色: Ram（Re:从零开始的异世界生活）
unryuu_(kancolle),角色: Unryuu（舰队Collection）
eren_yeager,角色: Eren Yeager
callie_(splatoon),角色: Callie（Splatoon）
atlanta_(kancolle),角色: Atlanta（舰队Collection）
w_(arknights),角色: W（明日方舟）
hatsuyuki_(kancolle),角色: Hatsuyuki（舰队Collection）
accelerator_(toaru_majutsu_no_index),角色: Accelerator（Toaru Majutsu No Index）
diluc_(genshin_impact),角色: Diluc（原神）
karin_(bunny)_(blue_archive),角色: Karin（Bunny) (blue Archive）
rotom,角色: Rotom
arcueid_brunestud,角色: Arcueid Brunestud
miyu_edelfelt,角色: Miyu Edelfelt
wa2000_(girls'_frontline),角色: Wa2000（少女前线）
miyafuji_yoshika,角色: Miyafuji Yoshika
special_week_(umamusume),角色: Special Week（Umamusume）
yuuki_makoto_(persona_3),角色: Yuuki Makoto（Persona 3）
chitanda_eru,角色: Chitanda Eru
kanna_kamui,角色: Kanna Kamui
taigei_(kancolle),角色: Taigei（舰队Collection）
michishio_(kancolle),角色: Michishio（舰队Collection）
emiya_kiritsugu,角色: Emiya Kiritsugu
lana_(pokemon),角色: Lana（宝可梦）
erica_hartmann,角色: Erica Hartmann
yorigami_jo'on,角色: Yorigami Jo'on
saratoga_(kancolle),角色: Saratoga（舰队Collection）
nakano_yotsuba,角色: Nakano Yotsuba
akitsu_maru_(kancolle),角色: Akitsu Maru（舰队Collection）
shiroko_(swimsuit)_(blue_archive),角色: Shiroko（Swimsuit) (blue Archive）
kamijou_touma,角色: Kamijou Touma
mutsuki_(blue_archive),角色: Mutsuki（蔚蓝档案）
hishikawa_rikka,角色: Hishikawa Rikka
rowlet,角色: Rowlet
symboli_rudolf_(umamusume),角色: Symboli Rudolf（Umamusume）
laffey_(azur_lane),角色: Laffey（碧蓝航线）
yukine_chris,角色: Yukine Chris
merlin_prismriver,角色: Merlin Prismriver
hatsuzuki_(kancolle),角色: Hatsuzuki（舰队Collection）
uchiha_sasuke,角色: Uchiha Sasuke
marie_(splatoon),角色: Marie（Splatoon）
akai_haato,角色: Akai Haato
diarmuid_ua_duibhne_(lancer)_(fate),角色: Diarmuid Ua Duibhne（Lancer) (fate）
kaenbyou_rin_(cat),角色: Kaenbyou Rin（Cat）
asakura_ryouko,角色: Asakura Ryouko
yahagi_(kancolle),角色: Yahagi（舰队Collection）
nia_(xenoblade),角色: Nia（Xenoblade）
katsushika_hokusai_(fate),角色: Katsushika Hokusai（Fate）
simon_(ttgl),角色: Simon（Ttgl）
tachibana_kanade,角色: Tachibana Kanade
shana,角色: Shana
futami_mami,角色: Futami Mami
makinami_mari_illustrious,角色: Makinami Mari Illustrious
aoki_reika,角色: Aoki Reika
harusame_(kancolle),角色: Harusame（舰队Collection）
morgan_le_fay_(fate),角色: Morgan Le Fay（Fate）
enterprise_(azur_lane),角色: Enterprise（碧蓝航线）
ethan_(pokemon),角色: Ethan（宝可梦）
gertrud_barkhorn,角色: Gertrud Barkhorn
kayoko_(blue_archive),角色: Kayoko（蔚蓝档案）
takao_(azur_lane),角色: Takao（碧蓝航线）
march_7th_(honkai:_star_rail),角色: March 7th（Honkai: Star Rail）
tippy_(gochiusa),角色: Tippy（Gochiusa）
lyrica_prismriver,角色: Lyrica Prismriver
yura_(kancolle),角色: Yura（舰队Collection）
hakui_koyori,角色: Hakui Koyori
ui_(blue_archive),角色: Ui（蔚蓝档案）
hex_maniac_(pokemon),角色: Hex Maniac（宝可梦）
rosalina,角色: Rosalina
louise_francoise_le_blanc_de_la_valliere,角色: Louise Francoise Le Blanc De La Valliere
irys_(hololive),角色: Irys（Hololive）
toga_himiko,角色: Toga Himiko
tsukino_mito,角色: Tsukino Mito
ninomae_ina'nis_(1st_costume),角色: Ninomae Ina'nis（1st Costume）
watson_amelia_(1st_costume),角色: Watson Amelia（1st Costume）
blue_oak,角色: Blue Oak
arima_kana,角色: Arima Kana
itadori_yuuji,角色: Itadori Yuuji
yuuka_(track)_(blue_archive),角色: Yuuka（Track) (blue Archive）
hifumi_(blue_archive),角色: Hifumi（蔚蓝档案）
gran_(granblue_fantasy),角色: Gran（碧蓝幻想）
tamamo_cat_(fate),角色: Tamamo Cat（Fate）
isuzu_hana,角色: Isuzu Hana
matara_okina,角色: Matara Okina
inkling_boy,角色: Inkling Boy
haguro_(kancolle),角色: Haguro（舰队Collection）
t-head_admiral,角色: T-head Admiral
mostima_(arknights),角色: Mostima（明日方舟）
mutsuki_(kancolle),角色: Mutsuki（舰队Collection）
akagi_(azur_lane),角色: Akagi（碧蓝航线）
sakurai_momoka,角色: Sakurai Momoka
senjougahara_hitagi,角色: Senjougahara Hitagi
hanekawa_tsubasa,角色: Hanekawa Tsubasa
ranka_lee,角色: Ranka Lee
napoleon_bonaparte_(fate),角色: Napoleon Bonaparte（Fate）
kashiwazaki_sena,角色: Kashiwazaki Sena
re-class_battleship,角色: Re-class Battleship
tsunomaki_watame,角色: Tsunomaki Watame
u-511_(kancolle),角色: U-511（舰队Collection）
ushiromiya_battler,角色: Ushiromiya Battler
hilbert_(pokemon),角色: Hilbert（宝可梦）
takodachi_(ninomae_ina'nis),角色: Takodachi（Ninomae Ina'nis）
p-head_producer,角色: P-head Producer
shinku,角色: Shinku
ohtsuki_yui,角色: Ohtsuki Yui
hino_akane_(smile_precure!),角色: Hino Akane（Smile Precure!）
neru_(blue_archive),角色: Neru（蔚蓝档案）
yang_xiao_long,角色: Yang Xiao Long
kurosawa_dia,角色: Kurosawa Dia
matsuura_kanan,角色: Matsuura Kanan
piplup,角色: Piplup
akizuki_(kancolle),角色: Akizuki（舰队Collection）
kyonko,角色: Kyonko
omaru_polka,角色: Omaru Polka
ump9_(girls'_frontline),角色: Ump9（少女前线）
jeanne_d'arc_alter_(swimsuit_berserker)_(fate),角色: Jeanne D'arc Alter（Swimsuit Berserker) (fate）
stelle_(honkai:_star_rail),角色: Stelle（Honkai: Star Rail）
akamatsu_kaede,角色: Akamatsu Kaede
i-8_(kancolle),角色: I-8（舰队Collection）
kaga_(azur_lane),角色: Kaga（碧蓝航线）
abukuma_(kancolle),角色: Abukuma（舰队Collection）
toshinou_kyouko,角色: Toshinou Kyouko
tone_(kancolle),角色: Tone（舰队Collection）
kagari_atsuko,角色: Kagari Atsuko
shikinami_(kancolle),角色: Shikinami（舰队Collection）
charizard,角色: Charizard
wanderer_(genshin_impact),角色: Wanderer（原神）
junketsu,角色: Junketsu
houjou_hibiki,角色: Houjou Hibiki
dodoco_(genshin_impact),角色: Dodoco（原神）
akuma_homura,角色: Akuma Homura
inugami_korone_(1st_costume),角色: Inugami Korone（1st Costume）
kazama_iroha,角色: Kazama Iroha
lum,角色: Lum
asakura_toru,角色: Asakura Toru
sakamata_chloe_(1st_costume),角色: Sakamata Chloe（1st Costume）
futami_ami,角色: Futami Ami
akagi_miria,角色: Akagi Miria
bb_(fate/extra),角色: Bb（Fate/extra）
touhoku_kiritan,角色: Touhoku Kiritan
artoria_caster_(fate),角色: Artoria Caster（Fate）
kamikaze_(kancolle),角色: Kamikaze（舰队Collection）
vodka_(umamusume),角色: Vodka（Umamusume）
kisaragi_(kancolle),角色: Kisaragi（舰队Collection）
oguri_cap_(umamusume),角色: Oguri Cap（Umamusume）
nonna_(girls_und_panzer),角色: Nonna（Girls Und Panzer）
ningguang_(genshin_impact),角色: Ningguang（原神）
android_18,角色: Android 18
kunikida_hanamaru,角色: Kunikida Hanamaru
ia_(vocaloid),角色: Ia（Vocaloid）
takanashi_rikka,角色: Takanashi Rikka
fushiguro_megumi,角色: Fushiguro Megumi
adventurer_(ff11),角色: Adventurer（Ff11）
sonia_(pokemon),角色: Sonia（宝可梦）
baobhan_sith_(fate),角色: Baobhan Sith（Fate）
saten_ruiko,角色: Saten Ruiko
kochou_shinobu,角色: Kochou Shinobu
kousaka_tamaki,角色: Kousaka Tamaki
aida_mana,角色: Aida Mana
mash_kyrielight_(dangerous_beast),玛修·基列莱特（Dangerous Beast）
kujikawa_rise,角色: Kujikawa Rise
pola_(kancolle),角色: Pola（舰队Collection）
miyuki_(kancolle),角色: Miyuki（舰队Collection）
bb_(swimsuit_mooncancer)_(fate),角色: Bb（Swimsuit Mooncancer) (fate）
hachimiya_meguru,角色: Hachimiya Meguru
lyra_(pokemon),角色: Lyra（宝可梦）
anastasia_(fate),角色: Anastasia（Fate）
saori_(blue_archive),角色: Saori（蔚蓝档案）
lysithea_von_ordelia,角色: Lysithea Von Ordelia
panty_(psg),角色: Panty（Psg）
gambier_bay_(kancolle),角色: Gambier Bay（舰队Collection）
phosphophyllite,角色: Phosphophyllite
amagi_yukiko,角色: Amagi Yukiko
fou_(fate),角色: Fou（Fate）
hilda_valentine_goneril,角色: Hilda Valentine Goneril
perrine_h._clostermann,角色: Perrine H. Clostermann
morikubo_nono,角色: Morikubo Nono
harukawa_maki,角色: Harukawa Maki
darkness_(konosuba),角色: Darkness（Konosuba）
charlotte_e._yeager,角色: Charlotte E. Yeager
nero_claudius_(swimsuit_caster)_(fate),角色: Nero Claudius（Swimsuit Caster) (fate）
twin_turbo_(umamusume),角色: Twin Turbo（Umamusume）
raising_heart,角色: Raising Heart
ikamusume,角色: Ikamusume
tamamo_no_mae_(swimsuit_lancer)_(fate),角色: Tamamo No Mae（Swimsuit Lancer) (fate）
springfield_(girls'_frontline),角色: Springfield（少女前线）
lyn_(fire_emblem),角色: Lyn（Fire Emblem）
kurumi_erika,角色: Kurumi Erika
honda_mio,角色: Honda Mio
ise_(kancolle),角色: Ise（舰队Collection）
mallow_(pokemon),角色: Mallow（宝可梦）
lucario,角色: Lucario
nonomi_(blue_archive),角色: Nonomi（蔚蓝档案）
sanji_(one_piece),角色: Sanji（One Piece）
battleship_princess,角色: Battleship Princess
shinki_(touhou),角色: Shinki（Touhou）
akaza_akari,角色: Akaza Akari
fukumaru_koito,角色: Fukumaru Koito
hoshizora_miyuki,角色: Hoshizora Miyuki
kicchou_yachie,角色: Kicchou Yachie
yu_mei-ren_(fate),角色: Yu Mei-ren（Fate）
suiseiseki,角色: Suiseiseki
ibaraki_douji_(fate),角色: Ibaraki Douji（Fate）
mihono_bourbon_(umamusume),角色: Mihono Bourbon（Umamusume）
sessyoin_kiara,角色: Sessyoin Kiara
sonozaki_mion,角色: Sonozaki Mion
jun'you_(kancolle),角色: Jun'you（舰队Collection）
kurosawa_ruby,角色: Kurosawa Ruby
brendan_(pokemon),角色: Brendan（宝可梦）
lio_fotia,角色: Lio Fotia
la+_darknesss_(1st_costume),角色: La+ Darknesss（1st Costume）
hassan_of_serenity_(fate),角色: Hassan Of Serenity（Fate）
sakura_miku,角色: Sakura Miku
ryougi_shiki,角色: Ryougi Shiki
miyako_(blue_archive),角色: Miyako（蔚蓝档案）
yuzu_(blue_archive),角色: Yuzu（蔚蓝档案）
shinjou_akane,角色: Shinjou Akane
makigumo_(kancolle),角色: Makigumo（舰队Collection）
yuugumo_(kancolle),角色: Yuugumo（舰队Collection）
lynette_bishop,角色: Lynette Bishop
i-168_(kancolle),角色: I-168（舰队Collection）
kudamaki_tsukasa,角色: Kudamaki Tsukasa
shinomiya_kaguya,角色: Shinomiya Kaguya
shoebill_(kemono_friends),角色: Shoebill（Kemono Friends）
morpeko,角色: Morpeko
gangut_(kancolle),角色: Gangut（舰队Collection）
nian_(arknights),角色: Nian（明日方舟）
higashiyama_kobeni,角色: Higashiyama Kobeni
seiran_(touhou),角色: Seiran（Touhou）
neptune_(neptunia),角色: Neptune（Neptunia）
kasane_teto,角色: Kasane Teto
specter_(arknights),角色: Specter（明日方舟）
momosuzu_nene,角色: Momosuzu Nene
hibiki_(blue_archive),角色: Hibiki（蔚蓝档案）
miyamoto_frederica,角色: Miyamoto Frederica
lilith_aensland,角色: Lilith Aensland
satou_kazuma,角色: Satou Kazuma
shima_rin,角色: Shima Rin
mayano_top_gun_(umamusume),角色: Mayano Top Gun（Umamusume）
jinx_(league_of_legends),角色: Jinx（League Of Legends）
mizuno_ami,角色: Mizuno Ami
nachi_(kancolle),角色: Nachi（舰队Collection）
meltryllis_(swimsuit_lancer)_(fate),角色: Meltryllis（Swimsuit Lancer) (fate）
iori_(blue_archive),角色: Iori（蔚蓝档案）
gotland_(kancolle),角色: Gotland（舰队Collection）
mysterious_heroine_xx_(fate),角色: Mysterious Heroine Xx（Fate）
jakuzure_nonon,角色: Jakuzure Nonon
lucky_beast_(kemono_friends),角色: Lucky Beast（Kemono Friends）
asui_tsuyu,角色: Asui Tsuyu
izuna_(blue_archive),角色: Izuna（蔚蓝档案）
albedo_(genshin_impact),角色: Albedo（原神）
vegeta,角色: Vegeta
seele_vollerei,角色: Seele Vollerei
kaeya_(genshin_impact),角色: Kaeya（原神）
kujou_sara,角色: Kujou Sara
noumi_kudryavka,角色: Noumi Kudryavka
alhaitham_(genshin_impact),角色: Alhaitham（原神）
krista_lenz,角色: Krista Lenz
9s_(nier:automata),角色: 9s（尼尔: 自动人形）
ak-12_(girls'_frontline),角色: Ak-12（少女前线）
blake_belladonna,角色: Blake Belladonna
lize_helesta,角色: Lize Helesta
akatsuki_kirika,角色: Akatsuki Kirika
tedeza_rize,角色: Tedeza Rize
irisviel_von_einzbern,角色: Irisviel Von Einzbern
endeavor_(boku_no_hero_academia),角色: Endeavor（Boku No Hero Academia）
orange_pekoe_(girls_und_panzer),角色: Orange Pekoe（Girls Und Panzer）
aegis_(persona),角色: Aegis（Persona）
choukai_(kancolle),角色: Choukai（舰队Collection）
angelina_(arknights),角色: Angelina（明日方舟）
ujimatsu_chiya,角色: Ujimatsu Chiya
aino_minako,角色: Aino Minako
leaf_(pokemon),角色: Leaf（宝可梦）
gengar,角色: Gengar
katsuki_yuuri,角色: Katsuki Yuuri
kinugasa_(kancolle),角色: Kinugasa（舰队Collection）
mima_(touhou),角色: Mima（Touhou）
tsumiki_mikan,角色: Tsumiki Mikan
robin_(female)_(fire_emblem),角色: Robin（Female) (fire Emblem）
suzutsuki_(kancolle),角色: Suzutsuki（舰队Collection）
noshiro_(kancolle),角色: Noshiro（舰队Collection）
ushiwakamaru_(fate),角色: Ushiwakamaru（Fate）
elizabeth_bathory_(fate/extra_ccc),角色: Elizabeth Bathory（Fate/extra Ccc）
hanako_(swimsuit)_(blue_archive),角色: Hanako（Swimsuit) (blue Archive）
javelin_(azur_lane),角色: Javelin（碧蓝航线）
nekomata_okayu_(1st_costume),角色: Nekomata Okayu（1st Costume）
lisa_(genshin_impact),角色: Lisa（原神）
vita_(nanoha),角色: Vita（Nanoha）
johnny_joestar,角色: Johnny Joestar
viktor_nikiforov,角色: Viktor Nikiforov
ashiya_douman_(fate),角色: Ashiya Douman（Fate）
n_(pokemon),角色: N（宝可梦）
slime_(genshin_impact),角色: Slime（原神）
maru-yu_(kancolle),角色: Maru-yu（舰队Collection）
skadi_the_corrupting_heart_(arknights),角色: Skadi The Corrupting Heart（明日方舟）
teruzuki_(kancolle),角色: Teruzuki（舰队Collection）
nanashi_mumei_(1st_costume),角色: Nanashi Mumei（1st Costume）
tachibana_hibiki_(symphogear),角色: Tachibana Hibiki（Symphogear）
nagatsuki_(kancolle),角色: Nagatsuki（舰队Collection）
reze_(chainsaw_man),角色: Reze（Chainsaw Man）
vivio,角色: Vivio
chiyoda_momo,角色: Chiyoda Momo
jeanne_d'arc_alter_santa_lily_(fate),角色: Jeanne D'arc Alter Santa Lily（Fate）
camilla_(fire_emblem),角色: Camilla（Fire Emblem）
elira_pendora,角色: Elira Pendora
yae_sakura,角色: Yae Sakura
sinon,角色: Sinon
shiomi_syuko,角色: Shiomi Syuko
index_(toaru_majutsu_no_index),角色: Index（Toaru Majutsu No Index）
oda_nobunaga_(koha-ace),角色: Oda Nobunaga（Koha-ace）
shiomi_kotone,角色: Shiomi Kotone
st._louis_(azur_lane),角色: St. Louis（碧蓝航线）
bardiche,角色: Bardiche
last_order_(toaru_majutsu_no_index),角色: Last Order（Toaru Majutsu No Index）
monokuma,角色: Monokuma
katsuragi_(kancolle),角色: Katsuragi（舰队Collection）
shirase_sakuya,角色: Shirase Sakuya
lusamine_(pokemon),角色: Lusamine（宝可梦）
nishizumi_shiho,角色: Nishizumi Shiho
yuzuriha_inori,角色: Yuzuriha Inori
oumae_kumiko,角色: Oumae Kumiko
andou_(girls_und_panzer),角色: Andou（Girls Und Panzer）
levi_(shingeki_no_kyojin),角色: Levi（Shingeki No Kyojin）
saria_(arknights),角色: Saria（明日方舟）
nero_claudius_(bride)_(fate),角色: Nero Claudius（Bride) (fate）
pepperoni_(girls_und_panzer),角色: Pepperoni（Girls Und Panzer）
kuroshio_(kancolle),角色: Kuroshio（舰队Collection）
takara_miyuki,角色: Takara Miyuki
asashio_kai_ni_(kancolle),角色: Asashio Kai Ni（舰队Collection）
azusa_(blue_archive),角色: Azusa（蔚蓝档案）
kenzaki_makoto,角色: Kenzaki Makoto
yayoi_(kancolle),角色: Yayoi（舰队Collection）
tama_(kancolle),角色: Tama（舰队Collection）
houshou_marine_(summer),角色: Houshou Marine（Summer）
horikawa_raiko,角色: Horikawa Raiko
dusk_(arknights),角色: Dusk（明日方舟）
koizumi_itsuki,角色: Koizumi Itsuki
suzukaze_(kancolle),角色: Suzukaze（舰队Collection）
selen_tatsuki,角色: Selen Tatsuki
shirayuki_(kancolle),角色: Shirayuki（舰队Collection）
kanroji_mitsuri,角色: Kanroji Mitsuri
komi_shouko,角色: Komi Shouko
ranma-chan,角色: Ranma-chan
artoria_pendragon_(lancer_alter)_(fate),角色: Artoria Pendragon（Lancer Alter) (fate）
yowane_haku,角色: Yowane Haku
misumi_nagisa,角色: Misumi Nagisa
arch_bishop_(ragnarok_online),角色: Arch Bishop（Ragnarok Online）
asashimo_(kancolle),角色: Asashimo（舰队Collection）
ramlethal_valentine,角色: Ramlethal Valentine
jessie_(pokemon),角色: Jessie（宝可梦）
curren_chan_(umamusume),角色: Curren Chan（Umamusume）
palutena,角色: Palutena
sakata_gintoki,角色: Sakata Gintoki
sakamoto_mio,角色: Sakamoto Mio
tracer_(overwatch),角色: Tracer（Overwatch）
dan_heng_(honkai:_star_rail),角色: Dan Heng（Honkai: Star Rail）
kamiya_nao,角色: Kamiya Nao
hojo_karen,角色: Hojo Karen
sendai_kai_ni_(kancolle),角色: Sendai Kai Ni（舰队Collection）
hiroi_kikuri,角色: Hiroi Kikuri
madotsuki,角色: Madotsuki
admire_vega_(umamusume),角色: Admire Vega（Umamusume）
morpeko_(full),角色: Morpeko（Full）
matsuno_osomatsu,角色: Matsuno Osomatsu
hiro_(darling_in_the_franxx),角色: Hiro（Darling In The Franxx）
musashi_kai_ni_(kancolle),角色: Musashi Kai Ni（舰队Collection）
felicia_(vampire),角色: Felicia（Vampire）
moroboshi_kirari,角色: Moroboshi Kirari
chouzetsusaikawa_tenshi-chan,角色: Chouzetsusaikawa Tenshi-chan
makoto_nanaya,角色: Makoto Nanaya
matsuno_karamatsu,角色: Matsuno Karamatsu
hoshino_ai_(oshi_no_ko),角色: Hoshino Ai（Oshi No Ko）
etna_(disgaea),角色: Etna（Disgaea）
hanamura_yousuke,角色: Hanamura Yousuke
takamaki_anne,角色: Takamaki Anne
seiun_sky_(umamusume),角色: Seiun Sky（Umamusume）
sasaki_chie,角色: Sasaki Chie
morino_rinze,角色: Morino Rinze
hanasaki_tsubomi,角色: Hanasaki Tsubomi
himemori_luna,角色: Himemori Luna
bulma,角色: Bulma
sakura_futaba,角色: Sakura Futaba
kemomimi-chan_(naga_u),角色: Kemomimi-chan（Naga U）
eternity_larva,角色: Eternity Larva
yaoyorozu_momo,角色: Yaoyorozu Momo
saren_(princess_connect!),角色: Saren（Princess Connect!）
matsuno_ichimatsu,角色: Matsuno Ichimatsu
eishin_flash_(umamusume),角色: Eishin Flash（Umamusume）
matsuno_jyushimatsu,角色: Matsuno Jyushimatsu
signum,角色: Signum
bulbasaur,角色: Bulbasaur
arashio_(kancolle),角色: Arashio（舰队Collection）
yuuki_setsuna_(love_live!),角色: Yuuki Setsuna（Love Live!）
kurokoma_saki,角色: Kurokoma Saki
iroha_(blue_archive),角色: Iroha（蔚蓝档案）
takanashi_kiara_(1st_costume),角色: Takanashi Kiara（1st Costume）
kuwayama_chiyuki,角色: Kuwayama Chiyuki
hayakawa_aki,角色: Hayakawa Aki
tokisaki_kurumi,角色: Tokisaki Kurumi
ringo_(touhou),角色: Ringo（Touhou）
kiryu_coco_(1st_costume),角色: Kiryu Coco（1st Costume）
kasumi_(doa),角色: Kasumi（Doa）
skyla_(pokemon),角色: Skyla（宝可梦）
ohara_mari,角色: Ohara Mari
leonardo_da_vinci_(fate),角色: Leonardo Da Vinci（Fate）
kirigaya_suguha,角色: Kirigaya Suguha
hoshikawa_sara,角色: Hoshikawa Sara
kotonoha_akane,角色: Kotonoha Akane
kasumi_kai_ni_(kancolle),角色: Kasumi Kai Ni（舰队Collection）
natori_sana,角色: Natori Sana
tohru_(maidragon),角色: Tohru（Maidragon）
noel_vermillion,角色: Noel Vermillion
rosehip_(girls_und_panzer),角色: Rosehip（Girls Und Panzer）
shishiro_botan_(1st_costume),角色: Shishiro Botan（1st Costume）
bloop_(gawr_gura),角色: Bloop（Gawr Gura）
todoroki_shouto,角色: Todoroki Shouto
tiki_(fire_emblem),角色: Tiki（Fire Emblem）
beidou_(genshin_impact),角色: Beidou（原神）
t-head_trainer,角色: T-head Trainer
hanyuu,角色: Hanyuu
theresa_apocalypse,角色: Theresa Apocalypse
trafalgar_law,角色: Trafalgar Law
midna,角色: Midna
japanese_crested_ibis_(kemono_friends),角色: Japanese Crested Ibis（Kemono Friends）
fujiwara_chika,角色: Fujiwara Chika
ryu_(street_fighter),角色: Ryu（Street Fighter）
kirino_ranmaru,角色: Kirino Ranmaru
iizunamaru_megumu,角色: Iizunamaru Megumu
otonashi_kotori,角色: Otonashi Kotori
producer_(idolmaster_cinderella_girls_anime),角色: Producer（Idolmaster Cinderella Girls Anime）
watatsuki_no_yorihime,角色: Watatsuki No Yorihime
komano_aunn,角色: Komano Aunn
nanasaki_ai,角色: Nanasaki Ai
noelle_(genshin_impact),角色: Noelle（原神）
ayanami_(kancolle),角色: Ayanami（舰队Collection）
hino_rei,角色: Hino Rei
saber_lily,角色: Saber Lily
mimura_kanako,角色: Mimura Kanako
rotom_phone,角色: Rotom Phone
agano_(kancolle),角色: Agano（舰队Collection）
yanfei_(genshin_impact),角色: Yanfei（原神）
princess_king_boo,角色: Princess King Boo
tamamo_cross_(umamusume),角色: Tamamo Cross（Umamusume）
koyanskaya_(fate),角色: Koyanskaya（Fate）
leafa,角色: Leafa
naegi_makoto,角色: Naegi Makoto
minamino_kanade,角色: Minamino Kanade
souseiseki,角色: Souseiseki
oshida_(girls_und_panzer),角色: Oshida（Girls Und Panzer）
chibi_usa,角色: Chibi Usa
kizuna_ai,角色: Kizuna Ai
tsukioka_kogane,角色: Tsukioka Kogane
hoshi_syoko,角色: Hoshi Syoko
king_halo_(umamusume),角色: King Halo（Umamusume）
byleth_(male)_(fire_emblem),角色: Byleth（Male) (fire Emblem）
juliana_(pokemon),角色: Juliana（宝可梦）
matou_kariya,角色: Matou Kariya
northern_white-faced_owl_(kemono_friends),角色: Northern White-faced Owl（Kemono Friends）
shiina_yuika,角色: Shiina Yuika
kishibe_rohan,角色: Kishibe Rohan
yukihana_lamy_(1st_costume),角色: Yukihana Lamy（1st Costume）
edward_elric,角色: Edward Elric
isuzu_(kancolle),角色: Isuzu（舰队Collection）
hoshimachi_suisei_(1st_costume),角色: Hoshimachi Suisei（1st Costume）
takane_lui,角色: Takane Lui
artoria_pendragon_(swimsuit_ruler)_(fate),角色: Artoria Pendragon（Swimsuit Ruler) (fate）
yuffie_kisaragi,角色: Yuffie Kisaragi
kasugano_sakura,角色: Kasugano Sakura
sylveon,角色: Sylveon
oberon_(fate),角色: Oberon（Fate）
lucifer_(helltaker),角色: Lucifer（Helltaker）
silver_fox_(kemono_friends),角色: Silver Fox（Kemono Friends）
hoshino_(swimsuit)_(blue_archive),角色: Hoshino（Swimsuit) (blue Archive）
silver_wolf_(honkai:_star_rail),角色: Silver Wolf（Honkai: Star Rail）
tighnari_(genshin_impact),角色: Tighnari（原神）
blue_poison_(arknights),角色: Blue Poison（明日方舟）
haru_urara_(umamusume),角色: Haru Urara（Umamusume）
le_malin_(azur_lane),角色: Le Malin（碧蓝航线）
mimikyu,角色: Mimikyu
ichika_(blue_archive),角色: Ichika（蔚蓝档案）
umbreon,角色: Umbreon
rensouhou-kun,角色: Rensouhou-kun
elesa_(pokemon),角色: Elesa（宝可梦）
myoukou_(kancolle),角色: Myoukou（舰队Collection）
libeccio_(kancolle),角色: Libeccio（舰队Collection）
mei_(overwatch),角色: Mei（Overwatch）
honolulu_(azur_lane),角色: Honolulu（碧蓝航线）
tashkent_(kancolle),角色: Tashkent（舰队Collection）
bremerton_(scorching-hot_training)_(azur_lane),角色: Bremerton（Scorching-hot Training) (azur Lane）
noire_(neptunia),角色: Noire（Neptunia）
terra_branford,角色: Terra Branford
luigi,角色: Luigi
purple_heart_(neptunia),角色: Purple Heart（Neptunia）
i-class_destroyer,角色: I-class Destroyer
widowmaker_(overwatch),角色: Widowmaker（Overwatch）
jervis_(kancolle),角色: Jervis（舰队Collection）
hoshiguma_(arknights),角色: Hoshiguma（明日方舟）
ranni_the_witch,角色: Ranni The Witch
martha_(fate),角色: Martha（Fate）
sendai_hakurei_no_miko,角色: Sendai Hakurei No Miko
ushiromiya_ange,角色: Ushiromiya Ange
uruha_rushia_(1st_costume),角色: Uruha Rushia（1st Costume）
kagura_(gintama),角色: Kagura（Gintama）
matikane_tannhauser_(umamusume),角色: Matikane Tannhauser（Umamusume）
scorbunny,角色: Scorbunny
fletcher_(kancolle),角色: Fletcher（舰队Collection）
marianne_von_edmund,角色: Marianne Von Edmund
sunazuka_akira,角色: Sunazuka Akira
glaceon,角色: Glaceon
kawakaze_(kancolle),角色: Kawakaze（舰队Collection）
oshawott,角色: Oshawott
matsuno_choromatsu,角色: Matsuno Choromatsu
z23_(azur_lane),角色: Z23（碧蓝航线）
an-94_(girls'_frontline),角色: An-94（少女前线）
m4a1_(girls'_frontline),角色: M4a1（少女前线）
kamio_misuzu,角色: Kamio Misuzu
minato_aqua_(1st_costume),角色: Minato Aqua（1st Costume）
furutaka_(kancolle),角色: Furutaka（舰队Collection）
hatsune_miku_(append),初音未来（Append）
mamiya_(kancolle),角色: Mamiya（舰队Collection）
elysia_(honkai_impact),角色: Elysia（Honkai Impact）
adachi_rei,角色: Adachi Rei
artoria_pendragon_(alter_swimsuit_rider)_(fate),角色: Artoria Pendragon（Alter Swimsuit Rider) (fate）
funami_yui,角色: Funami Yui
higuchi_kaede,角色: Higuchi Kaede
isonami_(kancolle),角色: Isonami（舰队Collection）
commander_(girls'_frontline),角色: Commander（少女前线）
gamagoori_ira,角色: Gamagoori Ira
peroro_(blue_archive),角色: Peroro（蔚蓝档案）
princess_daisy,角色: Princess Daisy
fujibayashi_kyou,角色: Fujibayashi Kyou
yuzuki_choco,角色: Yuzuki Choco
kino_makoto,角色: Kino Makoto
konjiki_no_yami,角色: Konjiki No Yami
sakuma_mayu,角色: Sakuma Mayu
grey_wolf_(kemono_friends),角色: Grey Wolf（Kemono Friends）
yang_guifei_(fate),角色: Yang Guifei（Fate）
serizawa_asahi,角色: Serizawa Asahi
shun_(blue_archive),角色: Shun（蔚蓝档案）
ezo_red_fox_(kemono_friends),角色: Ezo Red Fox（Kemono Friends）
agnes_digital_(umamusume),角色: Agnes Digital（Umamusume）
marie_antoinette_(fate),角色: Marie Antoinette（Fate）
scathach_skadi_(fate),角色: Scathach Skadi（Fate）
rebecca_(cyberpunk),角色: Rebecca（Cyberpunk）
hirasawa_ui,角色: Hirasawa Ui
osaki_amana,角色: Osaki Amana
wattson_(apex_legends),角色: Wattson（Apex Legends）
sonozaki_shion,角色: Sonozaki Shion
mikazuki_munechika,角色: Mikazuki Munechika
furukawa_nagisa,角色: Furukawa Nagisa
inui_toko,角色: Inui Toko
oreki_houtarou,角色: Oreki Houtarou
nishi_kinuyo,角色: Nishi Kinuyo
natsume_rin,角色: Natsume Rin
hibiki_(cheer_squad)_(blue_archive),角色: Hibiki（Cheer Squad) (blue Archive）
roll_(mega_man),角色: Roll（Mega Man）
little_red_riding_hood_(grimm),角色: Little Red Riding Hood（Grimm）
rika_(pokemon),角色: Rika（宝可梦）
grass_wonder_(umamusume),角色: Grass Wonder（Umamusume）
jean_pierre_polnareff,角色: Jean Pierre Polnareff
piers_(pokemon),角色: Piers（宝可梦）
uiharu_kazari,角色: Uiharu Kazari
hikawa_sayo,角色: Hikawa Sayo
nanami_kento,角色: Nanami Kento
haniyasushin_keiki,角色: Haniyasushin Keiki
francesca_lucchini,角色: Francesca Lucchini
katori_(kancolle),角色: Katori（舰队Collection）
kamui_gakupo,角色: Kamui Gakupo
murakumo_kai_ni_(kancolle),角色: Murakumo Kai Ni（舰队Collection）
melusine_(fate),角色: Melusine（Fate）
kris_(pokemon),角色: Kris（宝可梦）
schwarz_(arknights),角色: Schwarz（明日方舟）
amy_rose,角色: Amy Rose
cure_peace,角色: Cure Peace
ymir_(shingeki_no_kyojin),角色: Ymir（Shingeki No Kyojin）
marina_(splatoon),角色: Marina（Splatoon）
shihouin_yoruichi,角色: Shihouin Yoruichi
narita_brian_(umamusume),角色: Narita Brian（Umamusume）
kureiji_ollie,角色: Kureiji Ollie
natsuki_subaru,角色: Natsuki Subaru
kashuu_kiyomitsu,角色: Kashuu Kiyomitsu
kero,角色: Kero
tokoyami_towa_(jirai_kei),角色: Tokoyami Towa（Jirai Kei）
fuwawa_abyssgard,角色: Fuwawa Abyssgard
yukishiro_honoka,角色: Yukishiro Honoka
baltimore_(azur_lane),角色: Baltimore（碧蓝航线）
abigail_williams_(swimsuit_foreigner)_(fate),角色: Abigail Williams（Swimsuit Foreigner) (fate）
ange_katrina,角色: Ange Katrina
matsuno_todomatsu,角色: Matsuno Todomatsu
hikawa_hina,角色: Hikawa Hina
jeanne_d'arc_alter_(ver._shinjuku_1999)_(fate),角色: Jeanne D'arc Alter（Ver. Shinjuku 1999) (fate）
konno_junko,角色: Konno Junko
nekomusume,角色: Nekomusume
kotonoha_aoi,角色: Kotonoha Aoi
mococo_abyssgard,角色: Mococo Abyssgard
silver_(pokemon),角色: Silver（宝可梦）
tokoyami_towa_(1st_costume),角色: Tokoyami Towa（1st Costume）
bayonetta,角色: Bayonetta
helena_blavatsky_(fate),角色: Helena Blavatsky（Fate）
sephiroth,角色: Sephiroth
kamado_tanjirou,角色: Kamado Tanjirou
enemy_aircraft_(kancolle),角色: Enemy Aircraft（舰队Collection）
sonya_(kill_me_baby),角色: Sonya（Kill Me Baby）
g11_(girls'_frontline),角色: G11（少女前线）
osakabehime_(fate),角色: Osakabehime（Fate）
hayashimo_(kancolle),角色: Hayashimo（舰队Collection）
igarashi_futaba_(shiromanta),角色: Igarashi Futaba（Shiromanta）
inoue_orihime,角色: Inoue Orihime
makaino_ririmu,角色: Makaino Ririmu
james_(pokemon),角色: James（宝可梦）
nagatoro_hayase,角色: Nagatoro Hayase
tateyama_ayano,角色: Tateyama Ayano
jeanne_d'arc_(swimsuit_archer)_(fate),角色: Jeanne D'arc（Swimsuit Archer) (fate）
elsa_(frozen),角色: Elsa（Frozen）
tsukumo_benben,角色: Tsukumo Benben
reiuji_utsuho_(bird),角色: Reiuji Utsuho（Bird）
m4_sopmod_ii_(girls'_frontline),角色: M4 Sopmod Ii（少女前线）
tokino_sora,角色: Tokino Sora
higashi_setsuna,角色: Higashi Setsuna
yuri_lowell,角色: Yuri Lowell
bibi_(tokoyami_towa),角色: Bibi（Tokoyami Towa）
bianca_(pokemon),角色: Bianca（宝可梦）
chongyun_(genshin_impact),角色: Chongyun（原神）
kuchiki_rukia,角色: Kuchiki Rukia
octoling_girl,角色: Octoling Girl
daidouji_tomoyo,角色: Daidouji Tomoyo
kirijou_mitsuru,角色: Kirijou Mitsuru
tsukikage_yuri,角色: Tsukikage Yuri
kokona_(blue_archive),角色: Kokona（蔚蓝档案）
popuko,角色: Popuko
irida_(pokemon),角色: Irida（宝可梦）
saki_(blue_archive),角色: Saki（蔚蓝档案）
android_21,角色: Android 21
alice_margatroid_(pc-98),角色: Alice Margatroid（Pc-98）
hatoba_tsugu,角色: Hatoba Tsugu
dido_(azur_lane),角色: Dido（碧蓝航线）
hawks_(boku_no_hero_academia),角色: Hawks（Boku No Hero Academia）
tamura_yuri,角色: Tamura Yuri
prisma_illya,角色: Prisma Illya
yukinoshita_yukino,角色: Yukinoshita Yukino
elio_(pokemon),角色: Elio（宝可梦）
mysterious_heroine_x_alter_(fate),角色: Mysterious Heroine X Alter（Fate）
yoru_(chainsaw_man),角色: Yoru（Chainsaw Man）
fubuki_(one-punch_man),角色: Fubuki（One-punch Man）
rex_(xenoblade),角色: Rex（Xenoblade）
jigglypuff,角色: Jigglypuff
ark_royal_(kancolle),角色: Ark Royal（舰队Collection）
bruno_bucciarati,角色: Bruno Bucciarati
nakano_itsuki,角色: Nakano Itsuki
robin_(male)_(fire_emblem),角色: Robin（Male) (fire Emblem）
etorofu_(kancolle),角色: Etorofu（舰队Collection）
hisakawa_hayate,角色: Hisakawa Hayate
ragna_the_bloodedge,角色: Ragna The Bloodedge
toutetsu_yuuma,角色: Toutetsu Yuuma
xingqiu_(genshin_impact),角色: Xingqiu（原神）
wraith_(apex_legends),角色: Wraith（Apex Legends）
bowser,角色: Bowser
m16a1_(girls'_frontline),角色: M16a1（少女前线）
sonoda_chiyoko,角色: Sonoda Chiyoko
jumpy_dumpty,角色: Jumpy Dumpty
failure_penguin,角色: Failure Penguin
monika_(doki_doki_literature_club),角色: Monika（Doki Doki Literature Club）
miyamoto_musashi_(swimsuit_berserker)_(fate),角色: Miyamoto Musashi（Swimsuit Berserker) (fate）
kamina_(ttgl),角色: Kamina（Ttgl）
niwatari_kutaka,角色: Niwatari Kutaka
mr._c.b._(umamusume),角色: Mr. C.b.（Umamusume）
snivy,角色: Snivy
st_ar-15_(girls'_frontline),角色: St Ar-15（少女前线）
kamoi_(kancolle),角色: Kamoi（舰队Collection）
uehara_ayumu,角色: Uehara Ayumu
yamato-no-kami_yasusada,角色: Yamato-no-kami Yasusada
kugisaki_nobara,角色: Kugisaki Nobara
yoshikawa_chinatsu,角色: Yoshikawa Chinatsu
charlotte_dunois,角色: Charlotte Dunois
modeus_(helltaker),角色: Modeus（Helltaker）
komiya_kaho,角色: Komiya Kaho
barghest_(fate),角色: Barghest（Fate）
totoki_airi,角色: Totoki Airi
umikaze_(kancolle),角色: Umikaze（舰队Collection）
pomu_rainpuff,角色: Pomu Rainpuff
tatsumi_kanji,角色: Tatsumi Kanji
hagikaze_(kancolle),角色: Hagikaze（舰队Collection）
nishida_satono,角色: Nishida Satono
nakano_ichika,角色: Nakano Ichika
joseph_joestar_(old),角色: Joseph Joestar（Old）
ninomiya_asuka,角色: Ninomiya Asuka
sobble,角色: Sobble
goldenglow_(arknights),角色: Goldenglow（明日方舟）
oyama_mihari,角色: Oyama Mihari
minato_aqua_(sailor),角色: Minato Aqua（Sailor）
tsukumo_sana,角色: Tsukumo Sana
son_gohan,角色: Son Gohan
squirtle,角色: Squirtle
little_boy_admiral_(kancolle),角色: Little Boy Admiral（舰队Collection）
su-san,角色: Su-san
yuno_(hidamari_sketch),角色: Yuno（Hidamari Sketch）
hop_(pokemon),角色: Hop（宝可梦）
cyno_(genshin_impact),角色: Cyno（原神）
lopunny,角色: Lopunny
atalanta_(fate),角色: Atalanta（Fate）
tokiko_(touhou),角色: Tokiko（Touhou）
nerissa_ravencroft,角色: Nerissa Ravencroft
sengoku_nadeko,角色: Sengoku Nadeko
kagamihara_nadeshiko,角色: Kagamihara Nadeshiko
siege_(arknights),角色: Siege（明日方舟）
kaveh_(genshin_impact),角色: Kaveh（原神）
sailor_mercury,角色: Sailor Mercury
elin,角色: Elin
hachikuji_mayoi,角色: Hachikuji Mayoi
getou_suguru,角色: Getou Suguru
oomuro_sakurako,角色: Oomuro Sakurako
colorado_(kancolle),角色: Colorado（舰队Collection）
okita_souji_alter_(fate),角色: Okita Souji Alter（Fate）
air_groove_(umamusume),角色: Air Groove（Umamusume）
tohno_akiha,角色: Tohno Akiha
ike_(fire_emblem),角色: Ike（Fire Emblem）
reiner_braun,角色: Reiner Braun
shouhou_(kancolle),角色: Shouhou（舰队Collection）
shantae,角色: Shantae
sakura_miko_(1st_costume),角色: Sakura Miko（1st Costume）
blanc_(neptunia),角色: Blanc（Neptunia）
hisakawa_nagi,角色: Hisakawa Nagi
ashido_mina,角色: Ashido Mina
cagliostro_(granblue_fantasy),角色: Cagliostro（碧蓝幻想）
rita_rossweisse,角色: Rita Rossweisse
teireida_mai,角色: Teireida Mai
vaporeon,角色: Vaporeon
myoudouin_itsuki,角色: Myoudouin Itsuki
yuigahama_yui,角色: Yuigahama Yui
kadotani_anzu,角色: Kadotani Anzu
serika_(blue_archive),角色: Serika（蔚蓝档案）
richelieu_(kancolle),角色: Richelieu（舰队Collection）
oyashio_(kancolle),角色: Oyashio（舰队Collection）
shiroko_terror_(blue_archive),角色: Shiroko Terror（蔚蓝档案）
frederica_bernkastel,角色: Frederica Bernkastel
shinonome_ena,角色: Shinonome Ena
chi-chi_(dragon_ball),角色: Chi-chi（Dragon Ball）
araragi_koyomi,角色: Araragi Koyomi
murasaki_shikibu_(fate),角色: Murasaki Shikibu（Fate）
tanaka_mamimi,角色: Tanaka Mamimi
tsurumaru_kuninaga,角色: Tsurumaru Kuninaga
kaguya_luna,角色: Kaguya Luna
kamisato_ayato,角色: Kamisato Ayato
diana_cavendish,角色: Diana Cavendish
joutouguu_mayumi,角色: Joutouguu Mayumi
nepgear,角色: Nepgear
kousaka_reina,角色: Kousaka Reina
riesz,角色: Riesz
tsunade_(naruto),角色: Tsunade（Naruto）
arashi_(kancolle),角色: Arashi（舰队Collection）
tenma_tsukasa,角色: Tenma Tsukasa
tharja_(fire_emblem),角色: Tharja（Fire Emblem）
haramura_nodoka,角色: Haramura Nodoka
katsuragi_misato,角色: Katsuragi Misato
boo_(mario),角色: Boo（Mario）
kanna_(blue_archive),角色: Kanna（蔚蓝档案）
gladion_(pokemon),角色: Gladion（宝可梦）
hasumi_(track)_(blue_archive),角色: Hasumi（Track) (blue Archive）
gilles_de_rais_(caster)_(fate),角色: Gilles De Rais（Caster) (fate）
eyjafjalla_(arknights),角色: Eyjafjalla（明日方舟）
leona_heidern,角色: Leona Heidern
sakuragi_mano,角色: Sakuragi Mano
asagumo_(kancolle),角色: Asagumo（舰队Collection）
altera_(fate),角色: Altera（Fate）
anila_(granblue_fantasy),角色: Anila（碧蓝幻想）
niijima_makoto,角色: Niijima Makoto
enemy_lifebuoy_(kancolle),角色: Enemy Lifebuoy（舰队Collection）
mizunashi_akari,角色: Mizunashi Akari
alisa_ilinichina_amiella,角色: Alisa Ilinichina Amiella
elphelt_valentine,角色: Elphelt Valentine
akizuki_ryo,角色: Akizuki Ryo
sona_(league_of_legends),角色: Sona（League Of Legends）
tamaki_iroha,角色: Tamaki Iroha
mari_(track)_(blue_archive),角色: Mari（Track) (blue Archive）
tokitarou_(fate),角色: Tokitarou（Fate）
iris_(pokemon),角色: Iris（宝可梦）
akali,角色: Akali
victor_(pokemon),角色: Victor（宝可梦）
himeno_(chainsaw_man),角色: Himeno（Chainsaw Man）
caren_hortensia,角色: Caren Hortensia
shun_(small)_(blue_archive),角色: Shun（Small) (blue Archive）
oribe_yasuna,角色: Oribe Yasuna
tsurumaki_maki,角色: Tsurumaki Maki
takagi-san,角色: Takagi-san
hakui_koyori_(1st_costume),角色: Hakui Koyori（1st Costume）
eurasian_eagle_owl_(kemono_friends),角色: Eurasian Eagle Owl（Kemono Friends）
pochita_(chainsaw_man),角色: Pochita（Chainsaw Man）
hourai_doll,角色: Hourai Doll
fubuki_kai_ni_(kancolle),角色: Fubuki Kai Ni（舰队Collection）
ichihara_nina,角色: Ichihara Nina
yamato_(one_piece),角色: Yamato（One Piece）
abe_nana,角色: Abe Nana
angel_(kof),角色: Angel（Kof）
rias_gremory,角色: Rias Gremory
high_priest_(ragnarok_online),角色: High Priest（Ragnarok Online）
oikawa_shizuku,角色: Oikawa Shizuku
pod_(nier:automata),角色: Pod（尼尔: 自动人形）
asahina_mafuyu,角色: Asahina Mafuyu
irene_(arknights),角色: Irene（明日方舟）
tennouji_rina,角色: Tennouji Rina
zeta_(granblue_fantasy),角色: Zeta（碧蓝幻想）
hina_(swimsuit)_(blue_archive),角色: Hina（Swimsuit) (blue Archive）
haro,角色: Haro
gyro_zeppeli,角色: Gyro Zeppeli
cure_marine,角色: Cure Marine
maikaze_(kancolle),角色: Maikaze（舰队Collection）
momota_kaito,角色: Momota Kaito
haruna_(blue_archive),角色: Haruna（蔚蓝档案）
sirius_symboli_(umamusume),角色: Sirius Symboli（Umamusume）
ooshio_(kancolle),角色: Ooshio（舰队Collection）
moogle,角色: Moogle
assam_(girls_und_panzer),角色: Assam（Girls Und Panzer）
suou_momoko,角色: Suou Momoko
alpaca_suri_(kemono_friends),角色: Alpaca Suri（Kemono Friends）
marie_(girls_und_panzer),角色: Marie（Girls Und Panzer）
tsukino_mito_(1st_costume),角色: Tsukino Mito（1st Costume）
espeon,角色: Espeon
kuma_(persona_4),角色: Kuma（Persona 4）
ciel_(tsukihime),角色: Ciel（Tsukihime）
matikanefukukitaru_(umamusume),角色: Matikanefukukitaru（Umamusume）
cyndaquil,角色: Cyndaquil
johnston_(kancolle),角色: Johnston（舰队Collection）
maebara_keiichi,角色: Maebara Keiichi
magical_mirai_miku,角色: Magical Mirai Miku
ootori_emu,角色: Ootori Emu
sailor_venus,角色: Sailor Venus
charmander,角色: Charmander
amanogawa_kirara,角色: Amanogawa Kirara
arlecchino_(genshin_impact),角色: Arlecchino（原神）
osaki_tenka,角色: Osaki Tenka
kashino_(azur_lane),角色: Kashino（碧蓝航线）
may_(guilty_gear),角色: May（Guilty Gear）
minna-dietlinde_wilcke,角色: Minna-dietlinde Wilcke
honma_meiko,角色: Honma Meiko
kazano_hiori,角色: Kazano Hiori
rydia_(ff4),角色: Rydia（Ff4）
katou_asuka,角色: Katou Asuka
hozuki_momiji,角色: Hozuki Momiji
hoshino_fumina,角色: Hoshino Fumina
caenis_(fate),角色: Caenis（Fate）
shiori_novella,角色: Shiori Novella
medea_(fate),角色: Medea（Fate）
namazuo_toushirou,角色: Namazuo Toushirou
marcille_donato,角色: Marcille Donato
seia_(blue_archive),角色: Seia（蔚蓝档案）
jaguar_(kemono_friends),角色: Jaguar（Kemono Friends）
momozono_love,角色: Momozono Love
furutani_himawari,角色: Furutani Himawari
hoshimiya_ichigo,角色: Hoshimiya Ichigo
alear_(fire_emblem),角色: Alear（Fire Emblem）
silica,角色: Silica
boudica_(fate),角色: Boudica（Fate）
smart_falcon_(umamusume),角色: Smart Falcon（Umamusume）
dehya_(genshin_impact),角色: Dehya（原神）
blaze_the_cat,角色: Blaze The Cat
murasaki_shion_(1st_costume),角色: Murasaki Shion（1st Costume）
white_mage,角色: White Mage
shadow_the_hedgehog,角色: Shadow The Hedgehog
sailor_mars,角色: Sailor Mars
armin_arlert,角色: Armin Arlert
arisugawa_natsuha,角色: Arisugawa Natsuha
akiyama_mizuki,角色: Akiyama Mizuki
saitama_(one-punch_man),角色: Saitama（One-punch Man）
shidare_hotaru,角色: Shidare Hotaru
tenkyuu_chimata,角色: Tenkyuu Chimata
hilichurl_(genshin_impact),角色: Hilichurl（原神）
green_(pokemon),角色: Green（宝可梦）
mountain_(arknights),角色: Mountain（明日方舟）
nanachi_(made_in_abyss),角色: Nanachi（Made In Abyss）
shigure_ui_(vtuber),角色: Shigure Ui（Vtuber）
moona_hoshinova,角色: Moona Hoshinova
lucas_(pokemon),角色: Lucas（宝可梦）
honebami_toushirou,角色: Honebami Toushirou
enkidu_(fate),角色: Enkidu（Fate）
ivan_karelin,角色: Ivan Karelin
kazama_iroha_(1st_costume),角色: Kazama Iroha（1st Costume）
shinano_(azur_lane),角色: Shinano（碧蓝航线）
akane_(blue_archive),角色: Akane（蔚蓝档案）
sprigatito,角色: Sprigatito
meisho_doto_(umamusume),角色: Meisho Doto（Umamusume）
kohaku_(tsukihime),角色: Kohaku（Tsukihime）
zara_(azur_lane),角色: Zara（碧蓝航线）
kusanagi_motoko,角色: Kusanagi Motoko
nakamura_yuri,角色: Nakamura Yuri
mikuma_(kancolle),角色: Mikuma（舰队Collection）
backbeako,角色: Backbeako
takasaki_yuu,角色: Takasaki Yuu
kozakura_marry,角色: Kozakura Marry
rosaria_(genshin_impact),角色: Rosaria（原神）
ichikawa_hinana,角色: Ichikawa Hinana
yuuki_haru,角色: Yuuki Haru
pipimi,角色: Pipimi
midare_toushirou,角色: Midare Toushirou
bede_(pokemon),角色: Bede（宝可梦）
kyouka_(princess_connect!),角色: Kyouka（Princess Connect!）
sabrina_(pokemon),角色: Sabrina（宝可梦）
hatsushimo_(kancolle),角色: Hatsushimo（舰队Collection）
uzaki_hana,角色: Uzaki Hana
reines_el-melloi_archisorte,角色: Reines El-melloi Archisorte
tohsaka_tokiomi,角色: Tohsaka Tokiomi
xiangling_(genshin_impact),角色: Xiangling（原神）
nagi_(kannagi),角色: Nagi（Kannagi）
nemoto_hina,角色: Nemoto Hina
sussurro_(arknights),角色: Sussurro（明日方舟）
chitose_(kancolle),角色: Chitose（舰队Collection）
i-26_(kancolle),角色: I-26（舰队Collection）
rabbit_yukine,角色: Rabbit Yukine
amane_kanata_(1st_costume),角色: Amane Kanata（1st Costume）
leafeon,角色: Leafeon
emperor_penguin_(kemono_friends),角色: Emperor Penguin（Kemono Friends）
wakamo_(blue_archive),角色: Wakamo（蔚蓝档案）
meowth,角色: Meowth
karna_(fate),角色: Karna（Fate）
zara_(kancolle),角色: Zara（舰队Collection）
tsukuyomi_shirabe,角色: Tsukuyomi Shirabe
minamoto_sakura,角色: Minamoto Sakura
kururugi_suzaku,角色: Kururugi Suzaku
sento_isuzu,角色: Sento Isuzu
haruna_kai_ni_(kancolle),角色: Haruna Kai Ni（舰队Collection）
frisk_(undertale),角色: Frisk（Undertale）
minamoto_no_raikou_(swimsuit_lancer)_(fate),角色: Minamoto No Raikou（Swimsuit Lancer) (fate）
sasaki_saku,角色: Sasaki Saku
kawashima_momo,角色: Kawashima Momo
kitazawa_shiho,角色: Kitazawa Shiho
braixen,角色: Braixen
takeba_yukari,角色: Takeba Yukari
ta-class_battleship,角色: Ta-class Battleship
ryoumen_sukuna_(jujutsu_kaisen),角色: Ryoumen Sukuna（Jujutsu Kaisen）
sora_harewataru,角色: Sora Harewataru
tsuruya,角色: Tsuruya
guido_mista,角色: Guido Mista
fumizuki_(kancolle),角色: Fumizuki（舰队Collection）
celestia_ludenberg,角色: Celestia Ludenberg
eimi_(blue_archive),角色: Eimi（蔚蓝档案）
yui_(angel_beats!),角色: Yui（Angel Beats!）
kamikita_komari,角色: Kamikita Komari
sora_(kingdom_hearts),角色: Sora（Kingdom Hearts）
micaiah_(fire_emblem),角色: Micaiah（Fire Emblem）
hatsukaze_(kancolle),角色: Hatsukaze（舰队Collection）
saniwa_(touken_ranbu),角色: Saniwa（Touken Ranbu）
mizuno_ai,角色: Mizuno Ai
chikuma_(kancolle),角色: Chikuma（舰队Collection）
m200_(girls'_frontline),角色: M200（少女前线）
ru-class_battleship,角色: Ru-class Battleship
matoba_risa,角色: Matoba Risa
kongou_kai_ni_(kancolle),角色: Kongou Kai Ni（舰队Collection）
suzuhara_lulu,角色: Suzuhara Lulu
watatsuki_no_toyohime,角色: Watatsuki No Toyohime
fu_hua_(herrscher_of_sentience),角色: Fu Hua（Herrscher Of Sentience）
fine_motion_(umamusume),角色: Fine Motion（Umamusume）
arjuna_(fate),角色: Arjuna（Fate）
kazagumo_(kancolle),角色: Kazagumo（舰队Collection）
vikala_(granblue_fantasy),角色: Vikala（碧蓝幻想）
inuyama_aoi,角色: Inuyama Aoi
hayasui_(kancolle),角色: Hayasui（舰队Collection）
himari_(blue_archive),角色: Himari（蔚蓝档案）
nemona_(pokemon),角色: Nemona（宝可梦）
koharu_(swimsuit)_(blue_archive),角色: Koharu（Swimsuit) (blue Archive）
passionlip_(fate),角色: Passionlip（Fate）
yamashiro_(azur_lane),角色: Yamashiro（碧蓝航线）
artoria_pendragon_(alter_swimsuit_rider)_(second_ascension)_(fate),角色: Artoria Pendragon（Alter Swimsuit Rider) (second Ascension) (fate）
frankenstein's_monster_(fate),角色: Frankenstein's Monster（Fate）
kako_(kancolle),角色: Kako（舰队Collection）
neuvillette_(genshin_impact),角色: Neuvillette（原神）
kurosaki_ichigo,角色: Kurosaki Ichigo
pearl_(splatoon),角色: Pearl（Splatoon）
ouro_kronii_(1st_costume),角色: Ouro Kronii（1st Costume）
baiken,角色: Baiken
yuuki_mikan,角色: Yuuki Mikan
tepig,角色: Tepig
kuki_shinobu,角色: Kuki Shinobu
leon_s._kennedy,角色: Leon S. Kennedy
elaina_(majo_no_tabitabi),角色: Elaina（Majo No Tabitabi）
azura_(fire_emblem),角色: Azura（Fire Emblem）
tomoe_hotaru,角色: Tomoe Hotaru
mioda_ibuki,角色: Mioda Ibuki
medb_(fate),角色: Medb（Fate）
popplio,角色: Popplio
nonomi_(swimsuit)_(blue_archive),角色: Nonomi（Swimsuit) (blue Archive）
dante_(devil_may_cry),角色: Dante（Devil May Cry）
cure_black,角色: Cure Black
carpaccio_(girls_und_panzer),角色: Carpaccio（Girls Und Panzer）
mega_man_(character),角色: Mega Man（Character）
jirou_kyouka,角色: Jirou Kyouka
nowaki_(kancolle),角色: Nowaki（舰队Collection）
lucoa_(maidragon),角色: Lucoa（Maidragon）
caelus_(honkai:_star_rail),角色: Caelus（Honkai: Star Rail）
xuangzang_sanzang_(fate),角色: Xuangzang Sanzang（Fate）
grookey,角色: Grookey
super_creek_(umamusume),角色: Super Creek（Umamusume）
mejiro_dober_(umamusume),角色: Mejiro Dober（Umamusume）
backbeard,角色: Backbeard
america_(hetalia),角色: America（Hetalia）
narita_taishin_(umamusume),角色: Narita Taishin（Umamusume）
yin_(darker_than_black),角色: Yin（Darker Than Black）
littorio_(kancolle),角色: Littorio（舰队Collection）
sucrose_(genshin_impact),角色: Sucrose（原神）
torchic,角色: Torchic
squall_leonhart,角色: Squall Leonhart
matsumoto_rangiku,角色: Matsumoto Rangiku
albedo_(overlord),角色: Albedo（Overlord）
gwen_(league_of_legends),角色: Gwen（League Of Legends）
millia_rage,角色: Millia Rage
rosmontis_(arknights),角色: Rosmontis（明日方舟）
nu-13,角色: Nu-13
lucy_(cyberpunk),角色: Lucy（Cyberpunk）
huang_baoling,角色: Huang Baoling
diona_(genshin_impact),角色: Diona（原神）
t.m._opera_o_(umamusume),角色: T.m. Opera O（Umamusume）
isabelle_(animal_crossing),角色: Isabelle（Animal Crossing）
isekai_joucho,角色: Isekai Joucho
killua_zoldyck,角色: Killua Zoldyck
chris_redfield,角色: Chris Redfield
maizono_sayaka,角色: Maizono Sayaka
mochizuki_(kancolle),角色: Mochizuki（舰队Collection）
tsushima_(kancolle),角色: Tsushima（舰队Collection）
nate_(pokemon),角色: Nate（宝可梦）
pharah_(overwatch),角色: Pharah（Overwatch）
kieran_(pokemon),角色: Kieran（宝可梦）
izumi-no-kami_kanesada,角色: Izumi-no-kami Kanesada
silence_(arknights),角色: Silence（明日方舟）
cure_sunshine,角色: Cure Sunshine
medjed_(fate),角色: Medjed（Fate）
lynette_(genshin_impact),角色: Lynette（原神）
kazanari_tsubasa,角色: Kazanari Tsubasa
merlin_(fate),角色: Merlin（Fate）
luo_xiaohei,角色: Luo Xiaohei
hoshino_ruby,角色: Hoshino Ruby
marth_(fire_emblem),角色: Marth（Fire Emblem）
kamukura_izuru,角色: Kamukura Izuru
yoroizuka_mizore,角色: Yoroizuka Mizore
miyamizu_mitsuha,角色: Miyamizu Mitsuha
kaneki_ken,角色: Kaneki Ken
hayasaka_ai,角色: Hayasaka Ai
ceobe_(arknights),角色: Ceobe（明日方舟）
slaine_troyard,角色: Slaine Troyard
takanami_(kancolle),角色: Takanami（舰队Collection）
boa_hancock,角色: Boa Hancock
fujisaki_chihiro,角色: Fujisaki Chihiro
a2_(nier:automata),角色: A2（尼尔: 自动人形）
eve_(elsword),角色: Eve（Elsword）
berserker_(fate/zero),角色: Berserker（Fate/zero）
cure_beauty,角色: Cure Beauty
yumi_(senran_kagura),角色: Yumi（Senran Kagura）
prinz_eugen_(unfading_smile)_(azur_lane),角色: Prinz Eugen（Unfading Smile) (azur Lane）
alina_gray,角色: Alina Gray
hyakumantenbara_salome,角色: Hyakumantenbara Salome
monomi_(danganronpa),角色: Monomi（Danganronpa）
justice_(helltaker),角色: Justice（Helltaker）
neru_(bunny)_(blue_archive),角色: Neru（Bunny) (blue Archive）
intrepid_(kancolle),角色: Intrepid（舰队Collection）
raphtalia,角色: Raphtalia
florian_(pokemon),角色: Florian（宝可梦）
cure_blossom,角色: Cure Blossom
blaze_(arknights),角色: Blaze（明日方舟）
goh_(pokemon),角色: Goh（宝可梦）
katou_megumi,角色: Katou Megumi
racing_miku,角色: Racing Miku
finana_ryugu,角色: Finana Ryugu
kos-mos,角色: Kos-mos
steven_stone,角色: Steven Stone
ifrit_(arknights),角色: Ifrit（明日方舟）
izumi_mei,角色: Izumi Mei
ib_(ib),角色: Ib（Ib）
spider-gwen,角色: Spider-gwen
sailor_jupiter,角色: Sailor Jupiter
jill_valentine,角色: Jill Valentine
estellise_sidos_heurassein,角色: Estellise Sidos Heurassein
calem_(pokemon),角色: Calem（宝可梦）
scathach_(swimsuit_assassin)_(fate),角色: Scathach（Swimsuit Assassin) (fate）
nursery_rhyme_(fate),角色: Nursery Rhyme（Fate）
kishinami_hakuno_(female),角色: Kishinami Hakuno（Female）
nia_(blade)_(xenoblade),角色: Nia（Blade) (xenoblade）
sajo_yukimi,角色: Sajo Yukimi
tsukumo_yatsuhashi,角色: Tsukumo Yatsuhashi
uryuu_ryuunosuke,角色: Uryuu Ryuunosuke
mitake_ran,角色: Mitake Ran
platinum_(arknights),角色: Platinum（明日方舟）
anis_(nikke),角色: Anis（Nikke）
fukuzawa_yumi,角色: Fukuzawa Yumi
winry_rockbell,角色: Winry Rockbell
kars_(jojo),角色: Kars（Jojo）
flareon,角色: Flareon
sucy_manbavaran,角色: Sucy Manbavaran
makabe_mizuki,角色: Makabe Mizuki
nagato_(azur_lane),角色: Nagato（碧蓝航线）
bernadetta_von_varley,角色: Bernadetta Von Varley
cheshire_(azur_lane),角色: Cheshire（碧蓝航线）
zidane_tribal,角色: Zidane Tribal
toon_link,角色: Toon Link
tada_riina,角色: Tada Riina
hoshino_aquamarine,角色: Hoshino Aquamarine
violet_evergarden,角色: Violet Evergarden
swire_(arknights),角色: Swire（明日方舟）
nearl_(arknights),角色: Nearl（明日方舟）
jirachi,角色: Jirachi
sorceress_(dragon's_crown),角色: Sorceress（Dragon's Crown）
nakasu_kasumi,角色: Nakasu Kasumi
kula_diamond,角色: Kula Diamond
lux_(league_of_legends),角色: Lux（League Of Legends）
roma_(kancolle),角色: Roma（舰队Collection）
rachel_alucard,角色: Rachel Alucard
kisaragi_shintarou,角色: Kisaragi Shintarou
eris_greyrat,角色: Eris Greyrat
garchomp,角色: Garchomp
ferry_(granblue_fantasy),角色: Ferry（碧蓝幻想）
roxy_migurdia,角色: Roxy Migurdia
claude_von_riegan,角色: Claude Von Riegan
abigail_williams_(traveling_outfit)_(fate),角色: Abigail Williams（Traveling Outfit) (fate）
hinaichigo,角色: Hinaichigo
trunks_(dragon_ball),角色: Trunks（Dragon Ball）
astolfo_(sailor_paladin)_(fate),角色: Astolfo（Sailor Paladin) (fate）
okumura_haru,角色: Okumura Haru
subaru_nakajima,角色: Subaru Nakajima
collei_(genshin_impact),角色: Collei（原神）
zero_(mega_man),角色: Zero（Mega Man）
nakiri_ayame_(1st_costume),角色: Nakiri Ayame（1st Costume）
takeda_harumi_(shiromanta),角色: Takeda Harumi（Shiromanta）
suzukaze_aoba,角色: Suzukaze Aoba
ro635_(girls'_frontline),角色: Ro635（少女前线）
clumsy_nun_(diva),角色: Clumsy Nun（Diva）
daitaku_helios_(umamusume),角色: Daitaku Helios（Umamusume）
meta_knight,角色: Meta Knight
komaki_manaka,角色: Komaki Manaka
kino_(kino_no_tabi),角色: Kino（Kino No Tabi）
sakurajima_mai,角色: Sakurajima Mai
sanageyama_uzu,角色: Sanageyama Uzu
dorothea_arnault,角色: Dorothea Arnault
raven_(dc),角色: Raven（Dc）
murasame_kai_ni_(kancolle),角色: Murasame Kai Ni（舰队Collection）
okazaki_yumemi,角色: Okazaki Yumemi
cheren_(pokemon),角色: Cheren（宝可梦）
clarisse_(granblue_fantasy),角色: Clarisse（碧蓝幻想）
rimuru_tempest,角色: Rimuru Tempest
jingei_(kancolle),角色: Jingei（舰队Collection）
horikawa_kunihiro,角色: Horikawa Kunihiro
garnet_til_alexandros_xvii,角色: Garnet Til Alexandros Xvii
kujou_karen,角色: Kujou Karen
yunyun_(konosuba),角色: Yunyun（Konosuba）
king_hassan_(fate),角色: King Hassan（Fate）
len_(tsukihime),角色: Len（Tsukihime）
slime_(dragon_quest),角色: Slime（Dragon Quest）
ushiromiya_maria,角色: Ushiromiya Maria
sweep_tosho_(umamusume),角色: Sweep Tosho（Umamusume）
guts_(berserk),角色: Guts（Berserk）
purah,角色: Purah
protagonist_3_(housamo),角色: Protagonist 3（Housamo）
crewmate_(among_us),角色: Crewmate（Among Us）
florence_nightingale_(trick_or_treatment)_(fate),角色: Florence Nightingale（Trick Or Treatment) (fate）
pramanix_(arknights),角色: Pramanix（明日方舟）
yamagumo_(kancolle),角色: Yamagumo（舰队Collection）
tenjouin_asuka,角色: Tenjouin Asuka
mudkip,角色: Mudkip
amagi_(azur_lane),角色: Amagi（碧蓝航线）
kiriya_aoi,角色: Kiriya Aoi
akitsushima_(kancolle),角色: Akitsushima（舰队Collection）
yoisaki_kanade,角色: Yoisaki Kanade
blade_(honkai:_star_rail),角色: Blade（Honkai: Star Rail）
dimitri_alexandre_blaiddyd,角色: Dimitri Alexandre Blaiddyd
alphonse_elric,角色: Alphonse Elric
kitashirakawa_tamako,角色: Kitashirakawa Tamako
jack-o'_valentine,角色: Jack-o' Valentine
godzilla,角色: Godzilla
cure_happy,角色: Cure Happy
manabe_nodoka,角色: Manabe Nodoka
sawa_azusa,角色: Sawa Azusa
taneshima_popura,角色: Taneshima Popura
murata_himeko,角色: Murata Himeko
ichigo_(darling_in_the_franxx),角色: Ichigo（Darling In The Franxx）
new_jersey_(azur_lane),角色: New Jersey（碧蓝航线）
ibuki_fuuko,角色: Ibuki Fuuko
arle_nadja,角色: Arle Nadja
momo_velia_deviluke,角色: Momo Velia Deviluke
yuuki_(sao),角色: Yuuki（Sao）
aki_rosenthal,角色: Aki Rosenthal
japan_(hetalia),角色: Japan（Hetalia）
yukoku_kiriko,角色: Yukoku Kiriko
pavolia_reine,角色: Pavolia Reine
arataki_itto,角色: Arataki Itto
chikorita,角色: Chikorita
araragi_karen,角色: Araragi Karen
haruka_(blue_archive),角色: Haruka（蔚蓝档案）
rouge_the_bat,角色: Rouge The Bat
kuzuha_(nijisanji),角色: Kuzuha（Nijisanji）
mio_(xenoblade),角色: Mio（Xenoblade）
cure_march,角色: Cure March
ryuzaki_kaoru,角色: Ryuzaki Kaoru
ousaka_shizuku,角色: Ousaka Shizuku
miyamoto_musashi_(swimsuit_berserker)_(second_ascension)_(fate),角色: Miyamoto Musashi（Swimsuit Berserker) (second Ascension) (fate）
cure_melody,角色: Cure Melody
miia_(monster_musume),角色: Miia（Monster Musume）
utage_(arknights),角色: Utage（明日方舟）
yuna_(ff10),角色: Yuna（Ff10）
ilulu_(maidragon),角色: Ilulu（Maidragon）
rengoku_kyoujurou,角色: Rengoku Kyoujurou
ame-chan_(needy_girl_overdose),角色: Ame-chan（Needy Girl Overdose）
kooh,角色: Kooh
misaka_imouto,角色: Misaka Imouto
pit_(kid_icarus),角色: Pit（Kid Icarus）
tails_(sonic),角色: Tails（Sonic）
aozaki_aoko,角色: Aozaki Aoko
shirayuki_hime,角色: Shirayuki Hime
cu_chulainn_alter_(fate),角色: Cu Chulainn Alter（Fate）
yotsuba_alice,角色: Yotsuba Alice
shirogane_noel_(1st_costume),角色: Shirogane Noel（1st Costume）
kusanagi_nene,角色: Kusanagi Nene
meltryllis_(swimsuit_lancer)_(first_ascension)_(fate),角色: Meltryllis（Swimsuit Lancer) (first Ascension) (fate）
justice_task_force_member_(blue_archive),角色: Justice Task Force Member（蔚蓝档案）
yuuki_(princess_connect!),角色: Yuuki（Princess Connect!）
ishmael_(project_moon),角色: Ishmael（Project Moon）
tohno_shiki,角色: Tohno Shiki
damian_desmond,角色: Damian Desmond
kamishiro_rui,角色: Kamishiro Rui
hisui_(tsukihime),角色: Hisui（Tsukihime）
tendou_akane,角色: Tendou Akane
izayoi_aki,角色: Izayoi Aki
employee_(project_moon),角色: Employee（Project Moon）
yumehara_nozomi,角色: Yumehara Nozomi
aisha_landar,角色: Aisha Landar
yuri_plisetsky,角色: Yuri Plisetsky
lion_(kemono_friends),角色: Lion（Kemono Friends）
yui_(princess_connect!),角色: Yui（Princess Connect!）
iroha_(samurai_spirits),角色: Iroha（Samurai Spirits）
euryale_(fate),角色: Euryale（Fate）
marie_rose,角色: Marie Rose
merlin_(fate/prototype),角色: Merlin（Fate/prototype）
lulu_(league_of_legends),角色: Lulu（League Of Legends）
nanao_yuriko,角色: Nanao Yuriko
danua,角色: Danua
hornet_(kancolle),角色: Hornet（舰队Collection）
kasaki_nozomi,角色: Kasaki Nozomi
nekomusume_(gegege_no_kitarou_6),角色: Nekomusume（Gegege No Kitarou 6）
annie_leonhart,角色: Annie Leonhart
pichu,角色: Pichu
spider-man,角色: Spider-man
shibuya_kanon,角色: Shibuya Kanon
miss_cloud,角色: Miss Cloud
ogata_chieri,角色: Ogata Chieri
cerberus_(helltaker),角色: Cerberus（Helltaker）
enna_alouette,角色: Enna Alouette
shampoo_(ranma_1/2),角色: Shampoo（Ranma 1/2）
united_kingdom_(hetalia),角色: United Kingdom（Hetalia）
kohinata_miho,角色: Kohinata Miho
saotome_alto,角色: Saotome Alto
himejima_akeno,角色: Himejima Akeno
mordred_(memories_at_trifas)_(fate),角色: Mordred（Memories At Trifas) (fate）
y'shtola_rhul,角色: Y'shtola Rhul
captain_(kemono_friends),角色: Captain（Kemono Friends）
magical_ruby,角色: Magical Ruby
kayneth_el-melloi_archibald,角色: Kayneth El-melloi Archibald
mukai_takumi,角色: Mukai Takumi
lyria_(granblue_fantasy),角色: Lyria（碧蓝幻想）
miyako_(swimsuit)_(blue_archive),角色: Miyako（Swimsuit) (blue Archive）
ganondorf,角色: Ganondorf
amagi_(kancolle),角色: Amagi（舰队Collection）
zabaniyya_(housamo),角色: Zabaniyya（Housamo）
momoe_nagisa,角色: Momoe Nagisa
priest_(ragnarok_online),角色: Priest（Ragnarok Online）
lucy_heartfilia,角色: Lucy Heartfilia
narancia_ghirga,角色: Narancia Ghirga
maka_albarn,角色: Maka Albarn
karina_lyle,角色: Karina Lyle
samuel_b._roberts_(kancolle),角色: Samuel B. Roberts（舰队Collection）
gorou_(genshin_impact),角色: Gorou（原神）
arthur_pendragon_(fate),角色: Arthur Pendragon（Fate）
airfield_princess,角色: Airfield Princess
oktavia_von_seckendorff,角色: Oktavia Von Seckendorff
natsu_(blue_archive),角色: Natsu（蔚蓝档案）
eunie_(xenoblade),角色: Eunie（Xenoblade）
cure_white,角色: Cure White
sol_badguy,角色: Sol Badguy
okabe_rintarou,角色: Okabe Rintarou
yokoyama_nao,角色: Yokoyama Nao
vash_the_stampede,角色: Vash The Stampede
katsura_hinagiku,角色: Katsura Hinagiku
alice_zuberg,角色: Alice Zuberg
commandant_teste_(kancolle),角色: Commandant Teste（舰队Collection）
shizuka_rin,角色: Shizuka Rin
wakan_tanka,角色: Wakan Tanka
yozora_mel,角色: Yozora Mel
ghost_(modern_warfare_2),角色: Ghost（Modern Warfare 2）
asahina_mirai,角色: Asahina Mirai
tsunomaki_watame_(1st_costume),角色: Tsunomaki Watame（1st Costume）
helltaker_(character),角色: Helltaker（Character）
kondou_taeko,角色: Kondou Taeko
humboldt_penguin_(kemono_friends),角色: Humboldt Penguin（Kemono Friends）
cinderace,角色: Cinderace
toudou_shimako,角色: Toudou Shimako
assassin_(fate/zero),角色: Assassin（Fate/zero）
ten'ou_haruka,角色: Ten'ou Haruka
lenna_charlotte_tycoon,角色: Lenna Charlotte Tycoon
type_95_(girls'_frontline),角色: Type 95（少女前线）
allister_(pokemon),角色: Allister（宝可梦）
tsubaki_(blue_archive),角色: Tsubaki（蔚蓝档案）
caitlyn_(league_of_legends),角色: Caitlyn（League Of Legends）
thoma_(genshin_impact),角色: Thoma（原神）
ness_(mother_2),角色: Ness（Mother 2）
eva_02,角色: Eva 02
gwen_stacy,角色: Gwen Stacy
doujima_nanako,角色: Doujima Nanako
kinu_(kancolle),角色: Kinu（舰队Collection）
sagiri_(kancolle),角色: Sagiri（舰队Collection）
shishio_chris,角色: Shishio Chris
lei_lei,角色: Lei Lei
aki_(girls_und_panzer),角色: Aki（Girls Und Panzer）
dhole_(kemono_friends),角色: Dhole（Kemono Friends）
suomi_(girls'_frontline),角色: Suomi（少女前线）
graf_zeppelin_(azur_lane),角色: Graf Zeppelin（碧蓝航线）
air_shakur_(umamusume),角色: Air Shakur（Umamusume）
tony_tony_chopper,角色: Tony Tony Chopper
kageyama_shigeo,角色: Kageyama Shigeo
corrin_(male)_(fire_emblem),角色: Corrin（Male) (fire Emblem）
sado_(kancolle),角色: Sado（舰队Collection）
moe_(blue_archive),角色: Moe（蔚蓝档案）
star_platinum,角色: Star Platinum
yuuki_juudai,角色: Yuuki Juudai
furudo_erika,角色: Furudo Erika
hammann_(azur_lane),角色: Hammann（碧蓝航线）
phoenix_wright,角色: Phoenix Wright
yusa_kozue,角色: Yusa Kozue
alear_(female)_(fire_emblem),角色: Alear（Female) (fire Emblem）
aragaki_ayase,角色: Aragaki Ayase
anjou_naruko,角色: Anjou Naruko
oshino_ougi,角色: Oshino Ougi
vane_(granblue_fantasy),角色: Vane（碧蓝幻想）
sakura_miko_(casual),角色: Sakura Miko（Casual）
mitaka_asa,角色: Mitaka Asa
sugimoto_saichi,角色: Sugimoto Saichi
litten,角色: Litten
ryugasaki_rene,角色: Ryugasaki Rene
yorumi_rena,角色: Yorumi Rena
bianca_(dq5),角色: Bianca（Dq5）
kirlia,角色: Kirlia
kousaka_kyousuke,角色: Kousaka Kyousuke
sugiura_ayano,角色: Sugiura Ayano
reisa_(blue_archive),角色: Reisa（蔚蓝档案）
miyu_(swimsuit)_(blue_archive),角色: Miyu（Swimsuit) (blue Archive）
kanbaru_suruga,角色: Kanbaru Suruga
aquila_(kancolle),角色: Aquila（舰队Collection）
nadia_la_arwall,角色: Nadia La Arwall
lala_satalin_deviluke,角色: Lala Satalin Deviluke
kira_yoshikage,角色: Kira Yoshikage
kurokawa_eren,角色: Kurokawa Eren
zundamon,角色: Zundamon
basil_(omori),角色: Basil（Omori）
aegir_(azur_lane),角色: Aegir（碧蓝航线）
sister_claire,角色: Sister Claire
cleveland_(azur_lane),角色: Cleveland（碧蓝航线）
tomimi_(arknights),角色: Tomimi（明日方舟）
faris_scherwiz,角色: Faris Scherwiz
vira_(granblue_fantasy),角色: Vira（碧蓝幻想）
hau_(pokemon),角色: Hau（宝可梦）
ookami_mio_(3rd_costume),角色: Ookami Mio（3rd Costume）
crystalfly_(genshin_impact),角色: Crystalfly（原神）
sonia_nevermind,角色: Sonia Nevermind
hatsuharu_(kancolle),角色: Hatsuharu（舰队Collection）
chocobo,角色: Chocobo
shindou_takuto,角色: Shindou Takuto
matsuwa_(kancolle),角色: Matsuwa（舰队Collection）
taihou_(enraptured_companion)_(azur_lane),角色: Taihou（Enraptured Companion) (azur Lane）
galo_thymos,角色: Galo Thymos
vi_(league_of_legends),角色: Vi（League Of Legends）
kazama_asuka,角色: Kazama Asuka
keith_goodman,角色: Keith Goodman
tiki_(adult)_(fire_emblem),角色: Tiki（Adult) (fire Emblem）
himemushi_momoyo,角色: Himemushi Momoyo
kiss-shot_acerola-orion_heart-under-blade,角色: Kiss-shot Acerola-orion Heart-under-blade
aino_megumi,角色: Aino Megumi
ingrid_brandl_galatea,角色: Ingrid Brandl Galatea
lord_el-melloi_ii,角色: Lord El-melloi Ii
maria_cadenzavna_eve,角色: Maria Cadenzavna Eve
froggy_nun_(diva),角色: Froggy Nun（Diva）
revy_(black_lagoon),角色: Revy（Black Lagoon）
hotarumaru,角色: Hotarumaru
arven_(pokemon),角色: Arven（宝可梦）
hunter_(bloodborne),角色: Hunter（Bloodborne）
ogata_hyakunosuke,角色: Ogata Hyakunosuke
luma_(mario),角色: Luma（Mario）
roy_(fire_emblem),角色: Roy（Fire Emblem）
kobayakawa_sae,角色: Kobayakawa Sae
jouga_maya,角色: Jouga Maya
jill_stingray,角色: Jill Stingray
alisa_(girls_und_panzer),角色: Alisa（Girls Und Panzer）
tsurumaki_kokoro,角色: Tsurumaki Kokoro
bradamante_(fate),角色: Bradamante（Fate）
island_fox_(kemono_friends),角色: Island Fox（Kemono Friends）
cu_chulainn_(caster)_(fate),角色: Cu Chulainn（Caster) (fate）
mejiro_ardan_(umamusume),角色: Mejiro Ardan（Umamusume）
eirika_(fire_emblem),角色: Eirika（Fire Emblem）
natsuiro_matsuri_(1st_costume),角色: Natsuiro Matsuri（1st Costume）
malenia_blade_of_miquella,角色: Malenia Blade Of Miquella
tarnished_(elden_ring),角色: Tarnished（Elden Ring）
la_pluma_(arknights),角色: La Pluma（明日方舟）
roboco-san,角色: Roboco-san
pyra_(pro_swimmer)_(xenoblade),角色: Pyra（Pro Swimmer) (xenoblade）
chiyoda_(kancolle),角色: Chiyoda（舰队Collection）
konoe_kanata,角色: Konoe Kanata
aris_(maid)_(blue_archive),角色: Aris（Maid) (blue Archive）
mikazuki_(kancolle),角色: Mikazuki（舰队Collection）
yumeno_himiko,角色: Yumeno Himiko
amami_rantaro,角色: Amami Rantaro
akashi_(azur_lane),角色: Akashi（碧蓝航线）
iori_(swimsuit)_(blue_archive),角色: Iori（Swimsuit) (blue Archive）
rx-78-2,角色: Rx-78-2
seiren_(suite_precure),角色: Seiren（Suite Precure）
takamori_aiko,角色: Takamori Aiko
acerola_(pokemon),角色: Acerola（宝可梦）
mococo_abyssgard_(1st_costume),角色: Mococo Abyssgard（1st Costume）
hagoromo_lala,角色: Hagoromo Lala
sinclair_(project_moon),角色: Sinclair（Project Moon）
diego_brando,角色: Diego Brando
sans,角色: Sans
cosmog,角色: Cosmog
neo_politan,角色: Neo Politan
ling_(arknights),角色: Ling（明日方舟）
rainbow_mika,角色: Rainbow Mika
shirogane_noel_(casual),角色: Shirogane Noel（Casual）
nekomata_okayu_(oversized_shirt),角色: Nekomata Okayu（Oversized Shirt）
fuwawa_abyssgard_(1st_costume),角色: Fuwawa Abyssgard（1st Costume）
zack_fair,角色: Zack Fair
nibutani_shinka,角色: Nibutani Shinka
nenohi_(kancolle),角色: Nenohi（舰队Collection）
saijo_juri,角色: Saijo Juri
sukoya_kana,角色: Sukoya Kana
yamagishi_fuuka,角色: Yamagishi Fuuka
chrom_(fire_emblem),角色: Chrom（Fire Emblem）
kikyou_(blue_archive),角色: Kikyou（蔚蓝档案）
kaiou_michiru,角色: Kaiou Michiru
nyarlathotep_(nyaruko-san),角色: Nyarlathotep（Nyaruko-san）
yang_guifei_(second_ascension)_(fate),角色: Yang Guifei（Second Ascension) (fate）
anna_(frozen),角色: Anna（Frozen）
ibuki_(blue_archive),角色: Ibuki（蔚蓝档案）
iwakura_lain,角色: Iwakura Lain
fighter_(granblue_fantasy),角色: Fighter（碧蓝幻想）
alolan_vulpix,角色: Alolan Vulpix
sakura_chiyo,角色: Sakura Chiyo
feater_(arknights),角色: Feater（明日方舟）
eunectes_(arknights),角色: Eunectes（明日方舟）
cure_sunny,角色: Cure Sunny
usada_hikaru,角色: Usada Hikaru
kaine_(nier),角色: Kaine（Nier）
ookami_mio_(1st_costume),角色: Ookami Mio（1st Costume）
kasumigaoka_utaha,角色: Kasumigaoka Utaha
don_quixote_(project_moon),角色: Don Quixote（Project Moon）
ingo_(pokemon),角色: Ingo（宝可梦）
kido_tsubomi,角色: Kido Tsubomi
mifune_miyu,角色: Mifune Miyu
isshiki_iroha,角色: Isshiki Iroha
iruma_miu,角色: Iruma Miu
yamamura_sadako,角色: Yamamura Sadako
izuna_(swimsuit)_(blue_archive),角色: Izuna（Swimsuit) (blue Archive）
kiki_(majo_no_takkyuubin),角色: Kiki（Majo No Takkyuubin）
shirabe_ako,角色: Shirabe Ako
nagisa_(blue_archive),角色: Nagisa（蔚蓝档案）
grusha_(pokemon),角色: Grusha（宝可梦）
lambdadelta,角色: Lambdadelta
takoluka,角色: Takoluka
arare_(kancolle),角色: Arare（舰队Collection）
harukaze_(kancolle),角色: Harukaze（舰队Collection）
kirishima_touka,角色: Kirishima Touka
yoshizawa_kasumi,角色: Yoshizawa Kasumi
asakaze_(kancolle),角色: Asakaze（舰队Collection）
gekota,角色: Gekota
kisaragi_(azur_lane),角色: Kisaragi（碧蓝航线）
mori_calliope_(1st_costume),角色: Mori Calliope（1st Costume）
keqing_(opulent_splendor)_(genshin_impact),角色: Keqing（Opulent Splendor) (genshin Impact）
araragi_tsukihi,角色: Araragi Tsukihi
hiyou_(kancolle),角色: Hiyou（舰队Collection）
prinny,角色: Prinny
bb_(swimsuit_mooncancer)_(second_ascension)_(fate),角色: Bb（Swimsuit Mooncancer) (second Ascension) (fate）
katsuragi_ace_(umamusume),角色: Katsuragi Ace（Umamusume）
eva_01,角色: Eva 01
natsu_megumi,角色: Natsu Megumi
altaria,角色: Altaria
cure_peach,角色: Cure Peach
dinergate_(girls'_frontline),角色: Dinergate（少女前线）
natsuki_(doki_doki_literature_club),角色: Natsuki（Doki Doki Literature Club）
utsumi_erice,角色: Utsumi Erice
sirius_(azure_horizons)_(azur_lane),角色: Sirius（Azure Horizons) (azur Lane）
kohinata_miku,角色: Kohinata Miku
g36_(girls'_frontline),角色: G36（少女前线）
ibuki_tsubasa,角色: Ibuki Tsubasa
guzma_(pokemon),角色: Guzma（宝可梦）
tanikaze_(kancolle),角色: Tanikaze（舰队Collection）
scathach_(piercing_bunny)_(fate),角色: Scathach（Piercing Bunny) (fate）
laura_bodewig,角色: Laura Bodewig
cecilia_alcott,角色: Cecilia Alcott
yagen_toushirou,角色: Yagen Toushirou
zara_(poolside_coincidence)_(azur_lane),角色: Zara（Poolside Coincidence) (azur Lane）
artoria_caster_(second_ascension)_(fate),角色: Artoria Caster（Second Ascension) (fate）
amane_kanata_(work),角色: Amane Kanata（Work）
alastor_(shakugan_no_shana),角色: Alastor（Shakugan No Shana）
ayane_(doa),角色: Ayane（Doa）
chibi_miku,角色: Chibi Miku
brown_bear_(kemono_friends),角色: Brown Bear（Kemono Friends）
male_doctor_(arknights),角色: Male Doctor（明日方舟）
takane_lui_(1st_costume),角色: Takane Lui（1st Costume）
rpk-16_(girls'_frontline),角色: Rpk-16（少女前线）
celes_chere,角色: Celes Chere
miyanaga_saki,角色: Miyanaga Saki
angela_balzac,角色: Angela Balzac
reinforce_zwei,角色: Reinforce Zwei
nina_(fire_emblem),角色: Nina（Fire Emblem）
andira_(granblue_fantasy),角色: Andira（碧蓝幻想）
fujimaru_ritsuka_(male)_(polar_chaldea_uniform),角色: Fujimaru Ritsuka（Male) (polar Chaldea Uniform）
azki_(hololive),角色: Azki（Hololive）
yuni_(princess_connect!),角色: Yuni（Princess Connect!）
soap_(modern_warfare_2),角色: Soap（Modern Warfare 2）
ene_(kagerou_project),角色: Ene（Kagerou Project）
kiran_(fire_emblem),角色: Kiran（Fire Emblem）
cinnamoroll,角色: Cinnamoroll
mochizuki_anna,角色: Mochizuki Anna
senji_muramasa_(fate),角色: Senji Muramasa（Fate）
atago_(stunning_speedster)_(azur_lane),角色: Atago（Stunning Speedster) (azur Lane）
projekt_red_(arknights),角色: Projekt Red（明日方舟）
elesis_(elsword),角色: Elesis（Elsword）
lapras,角色: Lapras
sakawa_(kancolle),角色: Sakawa（舰队Collection）
mohammed_avdol,角色: Mohammed Avdol
yamper,角色: Yamper
frostnova_(arknights),角色: Frostnova（明日方舟）
natalia_(idolmaster),角色: Natalia（Idolmaster）
tsuchinoko_(kemono_friends),角色: Tsuchinoko（Kemono Friends）
maruyama_aya,角色: Maruyama Aya
akane_(bunny)_(blue_archive),角色: Akane（Bunny) (blue Archive）
ako_(dress)_(blue_archive),角色: Ako（Dress) (blue Archive）
gon_freecss,角色: Gon Freecss
maou_(maoyuu),角色: Maou（Maoyuu）
senkawa_chihiro,角色: Senkawa Chihiro
kalina_(girls'_frontline),角色: Kalina（少女前线）
fujimaru_ritsuka_(female)_(polar_chaldea_uniform),角色: Fujimaru Ritsuka（Female) (polar Chaldea Uniform）
kirara_(genshin_impact),角色: Kirara（原神）
leonardo_da_vinci_(rider)_(fate),角色: Leonardo Da Vinci（Rider) (fate）
navia_(genshin_impact),角色: Navia（原神）
sayu_(genshin_impact),角色: Sayu（原神）
white_rabbit_(alice_in_wonderland),角色: White Rabbit（Alice In Wonderland）
homu_(honkai_impact),角色: Homu（Honkai Impact）
rhea_(fire_emblem),角色: Rhea（Fire Emblem）
sunny_(omori),角色: Sunny（Omori）
el_condor_pasa_(umamusume),角色: El Condor Pasa（Umamusume）
soraka_(league_of_legends),角色: Soraka（League Of Legends）
achilles_(fate),角色: Achilles（Fate）
chara_(undertale),角色: Chara（Undertale）
lightning_farron,角色: Lightning Farron
pneuma_(xenoblade),角色: Pneuma（Xenoblade）
tanned_cirno,角色: Tanned Cirno
makoto_(street_fighter),角色: Makoto（Street Fighter）
pannacotta_fugo,角色: Pannacotta Fugo
jolteon,角色: Jolteon
titan_(shingeki_no_kyojin),角色: Titan（Shingeki No Kyojin）
otokura_yuuki,角色: Otokura Yuuki
roon_(azur_lane),角色: Roon（碧蓝航线）
cheval_grand_(umamusume),角色: Cheval Grand（Umamusume）
toyokawa_fuka,角色: Toyokawa Fuka
sylphiette_(mushoku_tensei),角色: Sylphiette（Mushoku Tensei）
mew_(pokemon),角色: Mew（宝可梦）
erika_(pokemon),角色: Erika（宝可梦）
yuudachi_(azur_lane),角色: Yuudachi（碧蓝航线）
bismarck_(azur_lane),角色: Bismarck（碧蓝航线）
friend_(nanashi_mumei),角色: Friend（Nanashi Mumei）
tiki_(young)_(fire_emblem),角色: Tiki（Young) (fire Emblem）
asaka_karin,角色: Asaka Karin
st._louis_(luxurious_wheels)_(azur_lane),角色: St. Louis（Luxurious Wheels) (azur Lane）
kurapika,角色: Kurapika
kano_shuuya,角色: Kano Shuuya
fiammetta_(arknights),角色: Fiammetta（明日方舟）
hoshimachi_suisei_(school_uniform),角色: Hoshimachi Suisei（School Uniform）
maruzensky_(umamusume),角色: Maruzensky（Umamusume）
meer_campbell,角色: Meer Campbell
fuecoco,角色: Fuecoco
meowscarada,角色: Meowscarada
biwa_hayahide_(umamusume),角色: Biwa Hayahide（Umamusume）
inumuta_houka,角色: Inumuta Houka
oozora_subaru_(1st_costume),角色: Oozora Subaru（1st Costume）
omaru_polka_(1st_costume),角色: Omaru Polka（1st Costume）
koseki_bijou,角色: Koseki Bijou
caracal_(kemono_friends),角色: Caracal（Kemono Friends）
trish_una,角色: Trish Una
tanya_degurechaff,角色: Tanya Degurechaff
vert_(neptunia),角色: Vert（Neptunia）
garry_(ib),角色: Garry（Ib）
perth_(kancolle),角色: Perth（舰队Collection）
mysterious_heroine_x_(fate),角色: Mysterious Heroine X（Fate）
mega_gardevoir,角色: Mega Gardevoir
yuri_(doki_doki_literature_club),角色: Yuri（Doki Doki Literature Club）
ken_masters,角色: Ken Masters
ditto,角色: Ditto
mogami_shizuka,角色: Mogami Shizuka
seele_(alter_ego),角色: Seele（Alter Ego）
nelson_(kancolle),角色: Nelson（舰队Collection）
abigail_williams_(swimsuit_foreigner)_(third_ascension)_(fate),角色: Abigail Williams（Swimsuit Foreigner) (third Ascension) (fate）
enemy_naval_mine_(kancolle),角色: Enemy Naval Mine（舰队Collection）
admiral_graf_spee_(azur_lane),角色: Admiral Graf Spee（碧蓝航线）
koyama_yuzu,角色: Koyama Yuzu
tomioka_giyuu,角色: Tomioka Giyuu
agatsuma_zenitsu,角色: Agatsuma Zenitsu
fennekin,角色: Fennekin
edmond_dantes_(fate),角色: Edmond Dantes（Fate）
miyashita_ai,角色: Miyashita Ai
kaf_(kamitsubaki_studio),角色: Kaf（Kamitsubaki Studio）
lina_inverse,角色: Lina Inverse
cure_moonlight,角色: Cure Moonlight
litwick,角色: Litwick
mikko_(girls_und_panzer),角色: Mikko（Girls Und Panzer）
gawain_(fate),角色: Gawain（Fate）
abigail_williams_(third_ascension)_(fate),角色: Abigail Williams（Third Ascension) (fate）
jeanne_d'arc_alter_(avenger)_(third_ascension)_(fate),角色: Jeanne D'arc Alter（Avenger) (third Ascension) (fate）
taokaka,角色: Taokaka
yamabuki_inori,角色: Yamabuki Inori
anegasaki_nene,角色: Anegasaki Nene
mumei_(kabaneri),角色: Mumei（Kabaneri）
hokko_tarumae_(umamusume),角色: Hokko Tarumae（Umamusume）
naoe_riki,角色: Naoe Riki
sawamura_spencer_eriri,角色: Sawamura Spencer Eriri
korra,角色: Korra
morgana_(persona_5),角色: Morgana（Persona 5）
moose_(kemono_friends),角色: Moose（Kemono Friends）
yi_sang_(project_moon),角色: Yi Sang（Project Moon）
tenjou_utena,角色: Tenjou Utena
magnemite,角色: Magnemite
yamada_elf,角色: Yamada Elf
pekomon_(usada_pekora),角色: Pekomon（Usada Pekora）
bronya_zaychik_(silverwing:_n-ex),角色: Bronya Zaychik（Silverwing: N-ex）
crow_(la+_darknesss),角色: Crow（La+ Darknesss）
yumeko_(touhou),角色: Yumeko（Touhou）
satake_minako,角色: Satake Minako
ushizaki_urumi,角色: Ushizaki Urumi
grecale_(kancolle),角色: Grecale（舰队Collection）
saga_(arknights),角色: Saga（明日方舟）
waddle_dee,角色: Waddle Dee
reisen_(touhou_bougetsushou),角色: Reisen（Touhou Bougetsushou）
hino_akane_(idolmaster),角色: Hino Akane（Idolmaster）
saber_alter_(ver._shinjuku_1999)_(fate),角色: Saber Alter（Ver. Shinjuku 1999) (fate）
aoyagi_touya,角色: Aoyagi Touya
ibuki_(street_fighter),角色: Ibuki（Street Fighter）
raichu,角色: Raichu
female_saniwa_(touken_ranbu),角色: Female Saniwa（Touken Ranbu）
ado_(utaite),角色: Ado（Utaite）
mewtwo,角色: Mewtwo
ara_haan,角色: Ara Haan
hinatsuru_ai,角色: Hinatsuru Ai
hoshino_ruri,角色: Hoshino Ruri
lance_(pokemon),角色: Lance（宝可梦）
brynhildr_(fate),角色: Brynhildr（Fate）
teana_lanster,角色: Teana Lanster
jingliu_(honkai:_star_rail),角色: Jingliu（Honkai: Star Rail）
snorlax,角色: Snorlax
shinshuu_maru_(kancolle),角色: Shinshuu Maru（舰队Collection）
shinonome_akito,角色: Shinonome Akito
whislash_(arknights),角色: Whislash（明日方舟）
le_malin_(listless_lapin)_(azur_lane),角色: Le Malin（Listless Lapin) (azur Lane）
filia_(skullgirls),角色: Filia（Skullgirls）
isobe_noriko,角色: Isobe Noriko
hakos_baelz_(1st_costume),角色: Hakos Baelz（1st Costume）
copano_rickey_(umamusume),角色: Copano Rickey（Umamusume）
latias,角色: Latias
hange_zoe,角色: Hange Zoe
female_protagonist_(pokemon_go),角色: Female Protagonist（Pokemon Go）
sei_shounagon_(fate),角色: Sei Shounagon（Fate）
mary_(ib),角色: Mary（Ib）
oberon_(third_ascension)_(fate),角色: Oberon（Third Ascension) (fate）
elizabeth_bathory_(brave)_(fate),角色: Elizabeth Bathory（Brave) (fate）
penny_(pokemon),角色: Penny（宝可梦）
optimus_prime,角色: Optimus Prime
lyney_(genshin_impact),角色: Lyney（原神）
jeanne_d'arc_(third_ascension)_(fate),角色: Jeanne D'arc（Third Ascension) (fate）
atsuko_(blue_archive),角色: Atsuko（蔚蓝档案）
hakurei_reimu_(pc-98),博丽灵梦（Pc-98）
aoba_moca,角色: Aoba Moca
emma_verde,角色: Emma Verde
amamiya_kokoro,角色: Amamiya Kokoro
konpaku_youki,角色: Konpaku Youki
gold_city_(umamusume),角色: Gold City（Umamusume）
akaboshi_koume,角色: Akaboshi Koume
beatrix_(granblue_fantasy),角色: Beatrix（碧蓝幻想）
blemishine_(arknights),角色: Blemishine（明日方舟）
mejiro_palmer_(umamusume),角色: Mejiro Palmer（Umamusume）
chandelure,角色: Chandelure
paul_bunyan_(fate),角色: Paul Bunyan（Fate）
king_dedede,角色: King Dedede
oomori_yuuko,角色: Oomori Yuuko
goutokuji_mike,角色: Goutokuji Mike
sailor_saturn,角色: Sailor Saturn
hypno,角色: Hypno
angela_(project_moon),角色: Angela（Project Moon）
suzuka_gozen_(fate),角色: Suzuka Gozen（Fate）
perona,角色: Perona
izayoi_liko,角色: Izayoi Liko
kobayashi_(maidragon),角色: Kobayashi（Maidragon）
uzaki_tsuki,角色: Uzaki Tsuki
kasumi_(blue_archive),角色: Kasumi（蔚蓝档案）
small-clawed_otter_(kemono_friends),角色: Small-clawed Otter（Kemono Friends）
raiden_mei_(herrscher_of_thunder),角色: Raiden Mei（Herrscher Of Thunder）
shoukaku_(azur_lane),角色: Shoukaku（碧蓝航线）
i-no,角色: I-no
kazami_yuuka_(pc-98),角色: Kazami Yuuka（Pc-98）
ichigo_hitofuri,角色: Ichigo Hitofuri
klein_moretti,角色: Klein Moretti
i-13_(kancolle),角色: I-13（舰队Collection）
bagpipe_(arknights),角色: Bagpipe（明日方舟）
mudrock_(elite_ii)_(arknights),角色: Mudrock（Elite Ii) (arknights）
specter_the_unchained_(arknights),角色: Specter The Unchained（明日方舟）
carmilla_(fate),角色: Carmilla（Fate）
petra_gurin,角色: Petra Gurin
matoi_(pso2),角色: Matoi（Pso2）
nagara_(kancolle),角色: Nagara（舰队Collection）
sakura_bakushin_o_(umamusume),角色: Sakura Bakushin O（Umamusume）
riza_hawkeye,角色: Riza Hawkeye
milla_maxwell,角色: Milla Maxwell
takei_hisa,角色: Takei Hisa
zooey_(granblue_fantasy),角色: Zooey（碧蓝幻想）
sora_ginko,角色: Sora Ginko
usa-chan_(idolmaster),角色: Usa-chan（Idolmaster）
melia_antiqua,角色: Melia Antiqua
yuuri_(shoujo_shuumatsu_ryokou),角色: Yuuri（Shoujo Shuumatsu Ryokou）
haruno_haruka,角色: Haruno Haruka
hadou_nejire,角色: Hadou Nejire
guoba_(genshin_impact),角色: Guoba（原神）
bazett_fraga_mcremitz,角色: Bazett Fraga Mcremitz
platinum_the_trinity,角色: Platinum The Trinity
magallan_(arknights),角色: Magallan（明日方舟）
rena_erindel,角色: Rena Erindel
harime_nui,角色: Harime Nui
okinami_(kancolle),角色: Okinami（舰队Collection）
iori_rinko,角色: Iori Rinko
oozora_subaru_(work),角色: Oozora Subaru（Work）
hinata_hideki,角色: Hinata Hideki
takakura_himari,角色: Takakura Himari
chito_(shoujo_shuumatsu_ryokou),角色: Chito（Shoujo Shuumatsu Ryokou）
naganami_kai_ni_(kancolle),角色: Naganami Kai Ni（舰队Collection）
razor_(genshin_impact),角色: Razor（原神）
narita_top_road_(umamusume),角色: Narita Top Road（Umamusume）
agrias_oaks,角色: Agrias Oaks
greninja,角色: Greninja
manaka_laala,角色: Manaka Laala
meltryllis_(swimsuit_lancer)_(second_ascension)_(fate),角色: Meltryllis（Swimsuit Lancer) (second Ascension) (fate）
gawr_gura_(casual),角色: Gawr Gura（Casual）
blue_poison_(shoal_beat)_(arknights),角色: Blue Poison（Shoal Beat) (arknights）
shikanoin_heizou,角色: Shikanoin Heizou
manya_(dq4),角色: Manya（Dq4）
rita_mordio,角色: Rita Mordio
drifloon,角色: Drifloon
ri-class_heavy_cruiser,角色: Ri-class Heavy Cruiser
platelet_(hataraku_saibou),角色: Platelet（Hataraku Saibou）
tang_keke,角色: Tang Keke
natori_(kancolle),角色: Natori（舰队Collection）
kishinami_(kancolle),角色: Kishinami（舰队Collection）
silverash_(arknights),角色: Silverash（明日方舟）
char_aznable,角色: Char Aznable
sato_shin,角色: Sato Shin
hirose_koichi,角色: Hirose Koichi
igarashi_kyoko,角色: Igarashi Kyoko
zuikaku_(azur_lane),角色: Zuikaku（碧蓝航线）
yuri_sakazaki,角色: Yuri Sakazaki
shinonome_nano,角色: Shinonome Nano
phosphophyllite_(ll),角色: Phosphophyllite（Ll）
mizuki_(arknights),角色: Mizuki（明日方舟）
k1-b0,角色: K1-b0
yatadera_narumi,角色: Yatadera Narumi
crypto_(apex_legends),角色: Crypto（Apex Legends）
stark_(sousou_no_frieren),角色: Stark（Sousou No Frieren）
lisbeth_(sao),角色: Lisbeth（Sao）
bianka_durandal_ataegina,角色: Bianka Durandal Ataegina
dan_heng_(imbibitor_lunae)_(honkai:_star_rail),角色: Dan Heng（Imbibitor Lunae) (honkai: Star Rail）
saotome_ranma,角色: Saotome Ranma
dead_master,角色: Dead Master
rei_(pokemon),角色: Rei（宝可梦）
janus_(kancolle),角色: Janus（舰队Collection）
gastly,角色: Gastly
todo_yurika,角色: Todo Yurika
heanna_sumire,角色: Heanna Sumire
heracles_(fate),角色: Heracles（Fate）
flygon,角色: Flygon
wu_zetian_(fate),角色: Wu Zetian（Fate）
stheno_(fate),角色: Stheno（Fate）
enma_ai,角色: Enma Ai
taiki_shuttle_(umamusume),角色: Taiki Shuttle（Umamusume）
milotic,角色: Milotic
ky_kiske,角色: Ky Kiske
jeanne_d'arc_(swimsuit_archer)_(first_ascension)_(fate),角色: Jeanne D'arc（Swimsuit Archer) (first Ascension) (fate）
faust_(project_moon),角色: Faust（Project Moon）
layla_(genshin_impact),角色: Layla（原神）
roxie_(pokemon),角色: Roxie（宝可梦）
absol,角色: Absol
nikka_edvardine_katajainen,角色: Nikka Edvardine Katajainen
cure_heart,角色: Cure Heart
regina_(dokidoki!_precure),角色: Regina（Dokidoki! Precure）
irako_(kancolle),角色: Irako（舰队Collection）
hong_lu_(project_moon),角色: Hong Lu（Project Moon）
okita_sougo,角色: Okita Sougo
maya_fey,角色: Maya Fey
piccolo,角色: Piccolo
naomi_(girls_und_panzer),角色: Naomi（Girls Und Panzer）
fukuda_haru,角色: Fukuda Haru
usopp,角色: Usopp
dragonite,角色: Dragonite
gokotai,角色: Gokotai
nanami_yachiyo,角色: Nanami Yachiyo
nikaidou_saki,角色: Nikaidou Saki
satanichia_kurumizawa_mcdowell,角色: Satanichia Kurumizawa Mcdowell
sand_cat_(kemono_friends),角色: Sand Cat（Kemono Friends）
spicy_nun_(diva),角色: Spicy Nun（Diva）
mori_calliope_(streetwear),角色: Mori Calliope（Streetwear）
nijigaoka_mashiro,角色: Nijigaoka Mashiro
bartz_klauser,角色: Bartz Klauser
aragaki_shinjirou,角色: Aragaki Shinjirou
kikuzuki_(kancolle),角色: Kikuzuki（舰队Collection）
nakagawa_natsuki,角色: Nakagawa Natsuki
nitocris_(swimsuit_assassin)_(fate),角色: Nitocris（Swimsuit Assassin) (fate）
maya_kai_ni_(kancolle),角色: Maya Kai Ni（舰队Collection）
psyduck,角色: Psyduck
clefairy,角色: Clefairy
evelynn_(league_of_legends),角色: Evelynn（League Of Legends）
tokoro_megumi,角色: Tokoro Megumi
shokudaikiri_mitsutada,角色: Shokudaikiri Mitsutada
kanae_(nijisanji),角色: Kanae（Nijisanji）
sakura_chiyono_o_(umamusume),角色: Sakura Chiyono O（Umamusume）
roll_caskett_(mega_man),角色: Roll Caskett（Mega Man）
fukawa_toko,角色: Fukawa Toko
lavinia_whateley_(fate),角色: Lavinia Whateley（Fate）
himeko_(honkai:_star_rail),角色: Himeko（Honkai: Star Rail）
akita_neru,角色: Akita Neru
beatrice_(re:zero),角色: Beatrice（Re:从零开始的异世界生活）
sirius_(scorching-hot_seirios)_(azur_lane),角色: Sirius（Scorching-hot Seirios) (azur Lane）
van_gogh_(fate),角色: Van Gogh（Fate）
kuradoberi_jam,角色: Kuradoberi Jam
fudou_yuusei,角色: Fudou Yuusei
santa_claus,角色: Santa Claus
itou_kaiji,角色: Itou Kaiji
yamada_anna,角色: Yamada Anna
himekawa_yuki,角色: Himekawa Yuki
ptilopsis_(arknights),角色: Ptilopsis（明日方舟）
faruzan_(genshin_impact),角色: Faruzan（原神）
portgas_d._ace,角色: Portgas D. Ace
cure_rhythm,角色: Cure Rhythm
bb_(swimsuit_mooncancer)_(third_ascension)_(fate),角色: Bb（Swimsuit Mooncancer) (third Ascension) (fate）
takimoto_hifumi,角色: Takimoto Hifumi
yonaga_angie,角色: Yonaga Angie
mash_kyrielight_(swimsuit_of_perpetual_summer),玛修·基列莱特（Swimsuit Of Perpetual Summer）
takamiya_rion,角色: Takamiya Rion
quanxi_(chainsaw_man),角色: Quanxi（Chainsaw Man）
wriothesley_(genshin_impact),角色: Wriothesley（原神）
texas_the_omertosa_(arknights),角色: Texas The Omertosa（明日方舟）
sf-a2_miki,角色: Sf-a2 Miki
young_link,角色: Young Link
nijimura_okuyasu,角色: Nijimura Okuyasu
asuka_(senran_kagura),角色: Asuka（Senran Kagura）
touhoku_zunko,角色: Touhoku Zunko
tsuyuri_kanao,角色: Tsuyuri Kanao
sage_(dq3),角色: Sage（Dq3）
kogitsunemaru,角色: Kogitsunemaru
julia_(fire_emblem),角色: Julia（Fire Emblem）
black_heart_(neptunia),角色: Black Heart（Neptunia）
jean_bart_(azur_lane),角色: Jean Bart（碧蓝航线）
yun_jin_(genshin_impact),角色: Yun Jin（原神）
takumi_(fire_emblem),角色: Takumi（Fire Emblem）
mercedes_von_martritz,角色: Mercedes Von Martritz
angel_devil_(chainsaw_man),角色: Angel Devil（Chainsaw Man）
kaho_(blue_archive),角色: Kaho（蔚蓝档案）
shiori_novella_(1st_costume),角色: Shiori Novella（1st Costume）
kasuga_maru_(kancolle),角色: Kasuga Maru（舰队Collection）
ikuno_dictus_(umamusume),角色: Ikuno Dictus（Umamusume）
seto_kousuke,角色: Seto Kousuke
chomusuke,角色: Chomusuke
elise_(fire_emblem),角色: Elise（Fire Emblem）
roy_mustang,角色: Roy Mustang
otomachi_una,角色: Otomachi Una
mikumo_guynemer,角色: Mikumo Guynemer
aubrey_(omori),角色: Aubrey（Omori）
katagiri_sanae,角色: Katagiri Sanae
carmine_(pokemon),角色: Carmine（宝可梦）
saigusa_haruka,角色: Saigusa Haruka
mordred_(swimsuit_rider)_(fate),角色: Mordred（Swimsuit Rider) (fate）
shigure_(blue_archive),角色: Shigure（蔚蓝档案）
koyuki_(blue_archive),角色: Koyuki（蔚蓝档案）
golden_snub-nosed_monkey_(kemono_friends),角色: Golden Snub-nosed Monkey（Kemono Friends）
viy_(fate),角色: Viy（Fate）
elizabeth_bathory_(first_ascension)_(fate),角色: Elizabeth Bathory（First Ascension) (fate）
sakata_kintoki_(fate),角色: Sakata Kintoki（Fate）
uchi_emiri,角色: Uchi Emiri
hoshimachi_suisei_(streetwear),角色: Hoshimachi Suisei（Streetwear）
wiz_(konosuba),角色: Wiz（Konosuba）
queen_elizabeth_(azur_lane),角色: Queen Elizabeth（碧蓝航线）
touwa_erio,角色: Touwa Erio
cutlass_(girls_und_panzer),角色: Cutlass（Girls Und Panzer）
rosa_(tears_of_themis),角色: Rosa（Tears Of Themis）
shigure_kai_san_(kancolle),角色: Shigure Kai San（舰队Collection）
pachirisu,角色: Pachirisu
alena_(dq4),角色: Alena（Dq4）
semiramis_(fate),角色: Semiramis（Fate）
koizumi_mahiru,角色: Koizumi Mahiru
negev_(girls'_frontline),角色: Negev（少女前线）
error_musume,角色: Error Musume
gray_(fate),角色: Gray（Fate）
scheherazade_(fate),角色: Scheherazade（Fate）
tomoe_gozen_(swimsuit_saber)_(fate),角色: Tomoe Gozen（Swimsuit Saber) (fate）
adventurer_(ff14),角色: Adventurer（最终幻想14）
utsugi_yuuki,角色: Utsugi Yuuki
hayasaka_mirei,角色: Hayasaka Mirei
douki-chan_(douki-chan),角色: Douki-chan（Douki-chan）
myrtle_(arknights),角色: Myrtle（明日方舟）
olimar,角色: Olimar
kariya_masaki,角色: Kariya Masaki
freyja_wion,角色: Freyja Wion
misono_karin,角色: Misono Karin
sheffield_(azur_lane),角色: Sheffield（碧蓝航线）
takanashi_kiara_(casual),角色: Takanashi Kiara（Casual）
hatsutori_hajime,角色: Hatsutori Hajime
bronya_rand,角色: Bronya Rand
saren_(summer)_(princess_connect!),角色: Saren（Summer) (princess Connect!）
isolated_island_oni,角色: Isolated Island Oni
aono_miki,角色: Aono Miki
yuel_(granblue_fantasy),角色: Yuel（碧蓝幻想）
murosaki_miyo,角色: Murosaki Miyo
barry_(pokemon),角色: Barry（宝可梦）
asbel_lhant,角色: Asbel Lhant
sophie_(tales),角色: Sophie（Tales）
matsubara_kanon,角色: Matsubara Kanon
alcremie,角色: Alcremie
poring,角色: Poring
ingrid_(capcom),角色: Ingrid（Capcom）
minazuki_karen,角色: Minazuki Karen
nakiri_erina,角色: Nakiri Erina
kirisawa_juuzou_(character),角色: Kirisawa Juuzou（Character）
sora_(arknights),角色: Sora（明日方舟）
olga_marie_animusphere,角色: Olga Marie Animusphere
minegumo_(kancolle),角色: Minegumo（舰队Collection）
mishaguji,角色: Mishaguji
g41_(girls'_frontline),角色: G41（少女前线）
sayori_(doki_doki_literature_club),角色: Sayori（Doki Doki Literature Club）
nemo_(fate),角色: Nemo（Fate）
cheria_barnes,角色: Cheria Barnes
rindou_mikoto,角色: Rindou Mikoto
shining_(arknights),角色: Shining（明日方舟）
aranara_(genshin_impact),角色: Aranara（原神）
cure_sword,角色: Cure Sword
hakozaki_serika,角色: Hakozaki Serika
gravel_(arknights),角色: Gravel（明日方舟）
mifune_shioriko,角色: Mifune Shioriko
gladiia_(arknights),角色: Gladiia（明日方舟）
kirishima_eijirou,角色: Kirishima Eijirou
shiver_(splatoon),角色: Shiver（Splatoon）
uehara_himari,角色: Uehara Himari
bubba_(watson_amelia),角色: Bubba（Watson Amelia）
fuuka_(blue_archive),角色: Fuuka（蔚蓝档案）
katarina_(league_of_legends),角色: Katarina（League Of Legends）
tanigaki_genjirou,角色: Tanigaki Genjirou
astolfo_(saber)_(fate),角色: Astolfo（Saber) (fate）
arezu_(pokemon),角色: Arezu（宝可梦）
sailor_chibi_moon,角色: Sailor Chibi Moon
lain_paterson,角色: Lain Paterson
kawakami_mai,角色: Kawakami Mai
subaru_duck,角色: Subaru Duck
ho'olheyak_(arknights),角色: Ho'olheyak（明日方舟）
chocola_(nekopara),角色: Chocola（Nekopara）
9a-91_(girls'_frontline),角色: 9a-91（少女前线）
hozuki_kaede,角色: Hozuki Kaede
honma_himawari,角色: Honma Himawari
clorinde_(genshin_impact),角色: Clorinde（原神）
himesaka_noa,角色: Himesaka Noa
soldier_(dq3),角色: Soldier（Dq3）
hasegawa_kobato,角色: Hasegawa Kobato
wooloo,角色: Wooloo
volo_(pokemon),角色: Volo（宝可梦）
rosa_(arknights),角色: Rosa（明日方舟）
kama_(first_ascension)_(fate),角色: Kama（First Ascension) (fate）
asahina_aoi,角色: Asahina Aoi
uni_(neptunia),角色: Uni（Neptunia）
grima_(fire_emblem),角色: Grima（Fire Emblem）
vampy,角色: Vampy
mysterious_heroine_x_alter_(first_ascension)_(fate),角色: Mysterious Heroine X Alter（First Ascension) (fate）
okusawa_misaki,角色: Okusawa Misaki
imai_lisa,角色: Imai Lisa
jessica_(arknights),角色: Jessica（明日方舟）
kagemori_michiru,角色: Kagemori Michiru
ayatsuji_tsukasa,角色: Ayatsuji Tsukasa
puru-see_(hoshizuki_(seigetsu)),角色: Puru-see（Hoshizuki (seigetsu)）
okada_izou_(fate),角色: Okada Izou（Fate）
tsurugi_(blue_archive),角色: Tsurugi（蔚蓝档案）
erwin_(girls_und_panzer),角色: Erwin（Girls Und Panzer）
maki_(blue_archive),角色: Maki（蔚蓝档案）
ikusaba_mukuro,角色: Ikusaba Mukuro
shirasagi_chisato,角色: Shirasagi Chisato
morishima_haruka,角色: Morishima Haruka
oda_nobukatsu_(fate),角色: Oda Nobukatsu（Fate）
oka_asahi,角色: Oka Asahi
gavial_(arknights),角色: Gavial（明日方舟）
mitsumine_yuika,角色: Mitsumine Yuika
nekomiya_hinata,角色: Nekomiya Hinata
tenryuu_kai_ni_(kancolle),角色: Tenryuu Kai Ni（舰队Collection）
implacable_(azur_lane),角色: Implacable（碧蓝航线）
shimada_chiyo,角色: Shimada Chiyo
uesugi_fuutarou,角色: Uesugi Fuutarou
mr._squeaks_(hakos_baelz),角色: Mr. Squeaks（Hakos Baelz）
ui_(swimsuit)_(blue_archive),角色: Ui（Swimsuit) (blue Archive）
romani_archaman,角色: Romani Archaman
karyl_(summer)_(princess_connect!),角色: Karyl（Summer) (princess Connect!）
xianyun_(genshin_impact),角色: Xianyun（原神）
tanaka_kotoha,角色: Tanaka Kotoha
adult_neptune,角色: Adult Neptune
shiratsuyu_kai_ni_(kancolle),角色: Shiratsuyu Kai Ni（舰队Collection）
okita_j._souji_(fate),角色: Okita J. Souji（Fate）
laura_la_mer,角色: Laura La Mer
zima_(arknights),角色: Zima（明日方舟）
red_pikmin,角色: Red Pikmin
hoshimiya_kate,角色: Hoshimiya Kate
akai_haato_(1st_costume),角色: Akai Haato（1st Costume）
roger_(guilty_gear),角色: Roger（Guilty Gear）
saionji_hiyoko,角色: Saionji Hiyoko
kureiji_ollie_(1st_costume),角色: Kureiji Ollie（1st Costume）
chloe_(princess_connect!),角色: Chloe（Princess Connect!）
perseus_(azur_lane),角色: Perseus（碧蓝航线）
wingull,角色: Wingull
emmet_(pokemon),角色: Emmet（宝可梦）
i-14_(kancolle),角色: I-14（舰队Collection）
african_wild_dog_(kemono_friends),角色: African Wild Dog（Kemono Friends）
frostleaf_(arknights),角色: Frostleaf（明日方舟）
nekomata_okayu_(3rd_costume),角色: Nekomata Okayu（3rd Costume）
seele_(honkai:_star_rail),角色: Seele（Honkai: Star Rail）
bertolt_hoover,角色: Bertolt Hoover
medusa_(lancer)_(fate),角色: Medusa（Lancer) (fate）
alice_cartelet,角色: Alice Cartelet
vyrn_(granblue_fantasy),角色: Vyrn（碧蓝幻想）
vertin_(reverse:1999),角色: Vertin（Reverse:1999）
eldridge_(azur_lane),角色: Eldridge（碧蓝航线）
morinaka_kazaki,角色: Morinaka Kazaki
skadi_(waverider)_(arknights),角色: Skadi（Waverider) (arknights）
kamisato_ayaka_(springbloom_missive),角色: Kamisato Ayaka（Springbloom Missive）
siro_(dennou_shoujo_youtuber_siro),角色: Siro（Dennou Shoujo Youtuber Siro）
kon_kanaho,角色: Kon Kanaho
sothis_(fire_emblem),角色: Sothis（Fire Emblem）
nui_sociere,角色: Nui Sociere
saki_(swimsuit)_(blue_archive),角色: Saki（Swimsuit) (blue Archive）
hishi_amazon_(umamusume),角色: Hishi Amazon（Umamusume）
adaman_(pokemon),角色: Adaman（宝可梦）
jeanne_d'arc_(granblue_fantasy),角色: Jeanne D'arc（碧蓝幻想）
gilgamesh_(caster)_(fate),角色: Gilgamesh（Caster) (fate）
minato_yukina,角色: Minato Yukina
south_dakota_(kancolle),角色: South Dakota（舰队Collection）
nishino_flower_(umamusume),角色: Nishino Flower（Umamusume）
hacka_doll_3,角色: Hacka Doll 3
falin_thorden,角色: Falin Thorden
hinata_(blue_archive),角色: Hinata（蔚蓝档案）
yorita_yoshino,角色: Yorita Yoshino
aiba_yumi,角色: Aiba Yumi
wakaba_(kancolle),角色: Wakaba（舰队Collection）
fuji_kiseki_(umamusume),角色: Fuji Kiseki（Umamusume）
winning_ticket_(umamusume),角色: Winning Ticket（Umamusume）
xenovia_quarta,角色: Xenovia Quarta
kiyohime_(swimsuit_lancer)_(fate),角色: Kiyohime（Swimsuit Lancer) (fate）
tosen_jordan_(umamusume),角色: Tosen Jordan（Umamusume）
aurora_(arknights),角色: Aurora（明日方舟）
baobhan_sith_(first_ascension)_(fate),角色: Baobhan Sith（First Ascension) (fate）
midway_princess,角色: Midway Princess
yukimura_aoi,角色: Yukimura Aoi
chabashira_tenko,角色: Chabashira Tenko
apollo_justice,角色: Apollo Justice
hoshina_hikaru,角色: Hoshina Hikaru
silva_(granblue_fantasy),角色: Silva（碧蓝幻想）
annette_fantine_dominic,角色: Annette Fantine Dominic
sakurako_(blue_archive),角色: Sakurako（蔚蓝档案）
hina_(dress)_(blue_archive),角色: Hina（Dress) (blue Archive）
jeanne_d'arc_(swimsuit_archer)_(second_ascension)_(fate),角色: Jeanne D'arc（Swimsuit Archer) (second Ascension) (fate）
murasaki_shion_(gothic_lolita),角色: Murasaki Shion（Gothic Lolita）
serina_(blue_archive),角色: Serina（蔚蓝档案）
laios_thorden,角色: Laios Thorden
valkyrie_(fate),角色: Valkyrie（Fate）
muelsyse_(arknights),角色: Muelsyse（明日方舟）
jintsuu_kai_ni_(kancolle),角色: Jintsuu Kai Ni（舰队Collection）
bokukawauso,角色: Bokukawauso
cure_lovely,角色: Cure Lovely
wuxian_(the_legend_of_luoxiaohei),角色: Wuxian（The Legend Of Luoxiaohei）
conte_di_cavour_(kancolle),角色: Conte Di Cavour（舰队Collection）
asuna_(sao-alo),亚丝娜（Sao-alo）
muppo,角色: Muppo
shirayuki_chiyo,角色: Shirayuki Chiyo
hishi_miracle_(umamusume),角色: Hishi Miracle（Umamusume）
hamanami_(kancolle),角色: Hamanami（舰队Collection）
uruha_rushia_(3rd_costume),角色: Uruha Rushia（3rd Costume）
fuyutsuki_(kancolle),角色: Fuyutsuki（舰队Collection）
udagawa_tomoe,角色: Udagawa Tomoe
junko_(blue_archive),角色: Junko（蔚蓝档案）
cure_sky,角色: Cure Sky
eimi_(swimsuit)_(blue_archive),角色: Eimi（Swimsuit) (blue Archive）
diamond_(houseki_no_kuni),角色: Diamond（Houseki No Kuni）
neko_(minato_aqua),角色: Neko（Minato Aqua）
bottle_miku,角色: Bottle Miku
kinugasa_kai_ni_(kancolle),角色: Kinugasa Kai Ni（舰队Collection）
sakuramori_kaori,角色: Sakuramori Kaori
nakayama_festa_(umamusume),角色: Nakayama Festa（Umamusume）
yoshikawa_yuuko,角色: Yoshikawa Yuuko
fujinami_(kancolle),角色: Fujinami（舰队Collection）
asirpa,角色: Asirpa
shuro_(blue_archive),角色: Shuro（蔚蓝档案）
aston_machan_(umamusume),角色: Aston Machan（Umamusume）
tsujino_akari,角色: Tsujino Akari
uzuki_sayaka,角色: Uzuki Sayaka
kumada_masaru,角色: Kumada Masaru
